date,home,away,home_score,away_score,home_pitcher,away_pitcher,canceled
2016-03-25,巨人,ヤクルト,3,1,菅野敗：小川,小川,0
2016-03-25,阪神,中日,2,5,大野敗：メッセンジャー,メッセンジャー,0
2016-03-25,広島,DeNA,1,2,井納敗：ジョンソン,ジョンソン,0
2016-03-25,楽天,ソフトバンク,7,3,則本敗：攝津,攝津,0
2016-03-25,西武,オリックス,5,4,増田敗：コーディエ,コーディエ,0
2016-03-25,ロッテ,日本ハム,3,2,涌井敗：大谷,大谷,0
2016-03-26,巨人,ヤクルト,10,5,高木敗：石川,石川,0
2016-03-26,阪神,中日,7,3,能見敗：山井,山井,0
2016-03-26,広島,DeNA,3,1,黒田敗：久保康,久保康,0
2016-03-26,楽天,ソフトバンク,3,3,,,0
2016-03-26,西武,オリックス,9,5,牧田敗：小松,小松,0
2016-03-26,ロッテ,日本ハム,6,4,藤岡敗：鍵谷,鍵谷,0
2016-03-27,巨人,ヤクルト,3,2,マシソン敗：秋吉,秋吉,0
2016-03-27,阪神,中日,5,4,榎田敗：岡田,岡田,0
2016-03-27,広島,DeNA,6,3,オスカル敗：須田,須田,0
2016-03-27,楽天,ソフトバンク,0,7,武田敗：青山,青山,0
2016-03-27,西武,オリックス,4,5,ディクソン敗：バンヘッケン,バンヘッケン,0
2016-03-27,ロッテ,日本ハム,0,1,有原敗：スタンリッジ,スタンリッジ,0
2016-03-29,ヤクルト,阪神,2,6,藤浪敗：館山,館山,0
2016-03-29,DeNA,巨人,2,6,ポレダ敗：今永,今永,0
2016-03-29,中日,広島,4,2,若松敗：野村,野村,0
2016-03-29,日本ハム,オリックス,13,3,吉川敗：西,西,0
2016-03-29,ロッテ,楽天,12,2,石川敗：辛島,辛島,0
2016-03-29,ソフトバンク,西武,2,6,岸敗：和田,和田,0
2016-03-30,ヤクルト,阪神,8,4,成瀬敗：岩田,岩田,0
2016-03-30,DeNA,巨人,6,3,モスコーソ敗：桜井,桜井,0
2016-03-30,中日,広島,3,11,横山敗：濱田達,濱田達,0
2016-03-30,日本ハム,オリックス,4,5,東明敗：バース,バース,0
2016-03-30,ロッテ,楽天,0,5,美馬敗：二木,二木,0
2016-03-30,ソフトバンク,西武,5,4,千賀敗：野上,野上,0
2016-03-31,ヤクルト,阪神,6,6,,,0
2016-03-31,DeNA,巨人,4,6,澤村敗：福地,福地,0
2016-03-31,中日,広島,9,5,小熊敗：中田,中田,0
2016-04-01,ヤクルト,中日,4,1,小川敗：大野,大野,0
2016-04-01,DeNA,阪神,2,1,須田敗：能見,能見,0
2016-04-01,広島,巨人,4,6,澤村敗：今村,今村,0
2016-04-01,日本ハム,ソフトバンク,4,3,高梨敗：森,森,0
2016-04-01,楽天,西武,4,2,則本敗：菊池,菊池,0
2016-04-01,オリックス,ロッテ,3,4,涌井敗：佐藤達,佐藤達,0
2016-04-02,ヤクルト,中日,7,1,石川敗：山井,山井,0
2016-04-02,DeNA,阪神,0,5,岩貞敗：久保康,久保康,0
2016-04-02,広島,巨人,3,0,黒田敗：田口,田口,0
2016-04-02,日本ハム,ソフトバンク,3,4,バンデンハーク敗：メンドーサ,メンドーサ,0
2016-04-02,楽天,西武,15,4,塩見敗：十亀,十亀,0
2016-04-02,オリックス,ロッテ,2,6,大嶺祐敗：佐藤達,佐藤達,0
2016-04-03,ヤクルト,中日,2,3,ネイラー敗：原樹,原樹,0
2016-04-03,DeNA,阪神,3,8,藤川敗：石田,石田,0
2016-04-03,広島,巨人,3,4,澤村敗：ジャクソン,ジャクソン,0
2016-04-03,日本ハム,ソフトバンク,4,3,有原敗：武田,武田,0
2016-04-03,楽天,西武,2,3,髙橋朋敗：福山,福山,0
2016-04-03,オリックス,ロッテ,3,1,ディクソン敗：スタンリッジ,スタンリッジ,0
2016-04-05,巨人,阪神,2,8,藤浪敗：ポレダ,ポレダ,0
2016-04-05,中日,DeNA,1,0,若松敗：今永,今永,0
2016-04-05,広島,ヤクルト,12,5,野村敗：成瀬,成瀬,0
2016-04-05,西武,日本ハム,10,0,岸敗：吉川,吉川,0
2016-04-05,オリックス,楽天,0,11,辛島敗：西,西,0
2016-04-05,ソフトバンク,ロッテ,4,4,,,0
2016-04-06,巨人,阪神,3,0,菅野敗：岩田,岩田,0
2016-04-06,中日,DeNA,3,0,小熊敗：モスコーソ,モスコーソ,0
2016-04-06,広島,ヤクルト,6,3,ジョンソン敗：寺田,寺田,0
2016-04-06,西武,日本ハム,5,2,野上敗：バース,バース,0
2016-04-06,オリックス,楽天,2,5,美馬敗：東明,東明,0
2016-04-06,ソフトバンク,ロッテ,3,4,内敗：サファテ,サファテ,0
2016-04-07,巨人,阪神,1,10,メッセンジャー敗：平良,平良,0
2016-04-07,中日,DeNA,1,1,,,0
2016-04-07,オリックス,楽天,,,,,1
2016-04-07,ソフトバンク,ロッテ,8,17,涌井敗：攝津,攝津,0
2016-04-08,DeNA,ヤクルト,2,3,小川敗：井納,井納,0
2016-04-08,中日,巨人,3,2,大野敗：高木,高木,0
2016-04-08,阪神,広島,3,2,髙橋敗：中﨑,中﨑,0
2016-04-08,楽天,日本ハム,5,3,則本敗：メンドーサ,メンドーサ,0
2016-04-08,ロッテ,西武,3,5,菊池敗：古谷,古谷,0
2016-04-09,DeNA,ヤクルト,10,5,山口敗：石川,石川,0
2016-04-09,中日,巨人,0,0,,,0
2016-04-09,阪神,広島,2,6,永川敗：榎田,榎田,0
2016-04-09,楽天,日本ハム,7,9,マーティン敗：リズ,リズ,0
2016-04-09,ロッテ,西武,4,5,牧田敗：南,南,0
2016-04-09,ソフトバンク,オリックス,13,1,バンデンハーク敗：金子千尋,金子千尋,0
2016-04-10,DeNA,ヤクルト,6,5,石田敗：原樹,原樹,0
2016-04-10,中日,巨人,2,7,戸根敗：ネイラー,ネイラー,0
2016-04-10,阪神,広島,7,8,福井敗：藤川,藤川,0
2016-04-10,楽天,日本ハム,1,0,釜田敗：大谷,大谷,0
2016-04-10,ロッテ,西武,4,2,スタンリッジ敗：バンヘッケン,バンヘッケン,0
2016-04-10,ソフトバンク,オリックス,10,0,武田敗：西,西,0
2016-04-12,ヤクルト,巨人,6,2,成瀬敗：ポレダ,ポレダ,0
2016-04-12,阪神,DeNA,4,3,藤浪敗：久保康,久保康,0
2016-04-12,広島,中日,3,1,野村敗：若松,若松,0
2016-04-12,楽天,ロッテ,1,7,二木敗：辛島,辛島,0
2016-04-12,西武,ソフトバンク,1,4,和田敗：岸,岸,0
2016-04-12,オリックス,日本ハム,0,4,吉川敗：ディクソン,ディクソン,0
2016-04-13,ヤクルト,巨人,0,8,菅野敗：館山,館山,0
2016-04-13,阪神,DeNA,,,,,1
2016-04-13,広島,中日,,,,,1
2016-04-13,楽天,ロッテ,4,5,益田敗：戸村,戸村,0
2016-04-13,西武,ソフトバンク,1,5,千賀敗：野上,野上,0
2016-04-13,オリックス,日本ハム,4,3,平野敗：高梨,高梨,0
2016-04-14,ヤクルト,巨人,6,4,ルーキ敗：山口,山口,0
2016-04-14,阪神,DeNA,5,2,メッセンジャー敗：今永,今永,0
2016-04-14,広島,中日,10,1,ジョンソン敗：小熊,小熊,0
2016-04-14,楽天,ロッテ,2,9,涌井敗：ブリガム,ブリガム,0
2016-04-14,オリックス,日本ハム,1,0,山﨑福敗：バース,バース,0
2016-04-15,中日,阪神,6,0,ジョーダン敗：能見,能見,0
2016-04-15,日本ハム,ロッテ,13,3,メンドーサ敗：古谷,古谷,0
2016-04-15,オリックス,西武,7,4,近藤敗：菊池,菊池,0
2016-04-15,ソフトバンク,楽天,3,2,東浜敗：則本,則本,0
2016-04-16,巨人,広島,6,5,田原誠敗：黒田,黒田,0
2016-04-16,ヤクルト,DeNA,4,0,石川敗：井納,井納,0
2016-04-16,中日,阪神,4,3,福谷敗：マテオ,マテオ,0
2016-04-16,日本ハム,ロッテ,8,2,加藤敗：大嶺祐,大嶺祐,0
2016-04-16,オリックス,西武,4,7,牧田敗：金子千尋,金子千尋,0
2016-04-16,ソフトバンク,楽天,,,,,1
2016-04-17,巨人,広島,2,1,マシソン敗：ジャクソン,ジャクソン,0
2016-04-17,ヤクルト,DeNA,5,4,松岡敗：山﨑康,山﨑康,0
2016-04-17,中日,阪神,4,2,又吉敗：高宮,高宮,0
2016-04-17,日本ハム,ロッテ,3,5,西野敗：増井,増井,0
2016-04-17,オリックス,西武,5,2,西敗：バンヘッケン,バンヘッケン,0
2016-04-17,ソフトバンク,楽天,9,7,森敗：戸村,戸村,0
2016-04-19,巨人,中日,,,,,1
2016-04-19,DeNA,広島,4,6,中田敗：ペトリック,ペトリック,0
2016-04-19,阪神,ヤクルト,8,4,髙橋敗：ペレス,ペレス,0
2016-04-19,日本ハム,西武,1,0,吉川敗：岸,岸,0
2016-04-19,楽天,オリックス,2,3,塚原敗：戸村,戸村,0
2016-04-19,ロッテ,ソフトバンク,1,2,バンデンハーク敗：石川,石川,0
2016-04-20,巨人,中日,,,,,1
2016-04-20,DeNA,広島,10,0,モスコーソ敗：ジョンソン,ジョンソン,0
2016-04-20,阪神,ヤクルト,1,5,山中敗：守屋,守屋,0
2016-04-20,日本ハム,西武,2,9,野上敗：中村,中村,0
2016-04-20,楽天,オリックス,4,3,濱矢敗：塚原,塚原,0
2016-04-20,ロッテ,ソフトバンク,0,5,和田敗：二木,二木,0
2016-04-21,阪神,ヤクルト,,,,,1
2016-04-21,日本ハム,西武,4,3,バース敗：菊池,菊池,0
2016-04-21,楽天,オリックス,,,,,1
2016-04-21,ロッテ,ソフトバンク,,,,,1
2016-04-22,巨人,DeNA,1,1,,,0
2016-04-22,中日,ヤクルト,11,6,若松敗：石川,石川,0
2016-04-22,広島,阪神,9,12,メッセンジャー敗：横山,横山,0
2016-04-22,西武,楽天,7,8,濱矢敗：増田,増田,0
2016-04-23,巨人,DeNA,0,3,井納敗：田原誠,田原誠,0
2016-04-23,中日,ヤクルト,5,7,ペレス敗：岩瀬,岩瀬,0
2016-04-23,広島,阪神,3,2,黒田敗：岩貞,岩貞,0
2016-04-23,西武,楽天,8,8,,,0
2016-04-23,ロッテ,オリックス,4,3,西野敗：平野,平野,0
2016-04-23,ソフトバンク,日本ハム,2,4,谷元敗：森,森,0
2016-04-24,巨人,DeNA,3,0,今村敗：山口,山口,0
2016-04-24,中日,ヤクルト,5,3,岡田敗：ルーキ,ルーキ,0
2016-04-24,広島,阪神,2,6,能見敗：福井,福井,0
2016-04-24,西武,楽天,7,6,武隈敗：福山,福山,0
2016-04-24,ロッテ,オリックス,3,4,西敗：スタンリッジ,スタンリッジ,0
2016-04-24,ソフトバンク,日本ハム,6,5,スアレス敗：増井,増井,0
2016-04-26,ヤクルト,広島,3,11,ジョンソン敗：成瀬,成瀬,0
2016-04-26,DeNA,中日,3,7,又吉敗：藤岡,藤岡,0
2016-04-26,阪神,巨人,3,5,高木敗：藤浪,藤浪,0
2016-04-26,日本ハム,楽天,3,1,有原敗：塩見,塩見,0
2016-04-26,西武,ロッテ,2,5,石川敗：野上,野上,0
2016-04-26,オリックス,ソフトバンク,3,9,バンデンハーク敗：ディクソン,ディクソン,0
2016-04-27,ヤクルト,広島,0,8,野村敗：山中,山中,0
2016-04-27,DeNA,中日,8,3,久保康敗：山井,山井,0
2016-04-27,阪神,巨人,1,11,田口敗：岩田,岩田,0
2016-04-27,日本ハム,楽天,7,6,増井敗：福山,福山,0
2016-04-27,西武,ロッテ,2,7,二木敗：菊池,菊池,0
2016-04-27,オリックス,ソフトバンク,2,5,和田敗：東明,東明,0
2016-04-28,ヤクルト,広島,6,4,新垣敗：岡田,岡田,0
2016-04-28,DeNA,中日,2,9,小熊敗：砂田,砂田,0
2016-04-28,阪神,巨人,3,3,,,0
2016-04-29,ヤクルト,巨人,4,1,石川敗：ポレダ,ポレダ,0
2016-04-29,阪神,DeNA,2,1,岩貞敗：今永,今永,0
2016-04-29,広島,中日,9,4,横山敗：若松,若松,0
2016-04-29,ロッテ,日本ハム,4,3,涌井敗：メンドーサ,メンドーサ,0
2016-04-29,オリックス,楽天,3,4,則本敗：平野,平野,0
2016-04-29,ソフトバンク,西武,3,7,十亀敗：中田,中田,0
2016-04-30,ヤクルト,巨人,4,3,小川敗：山口,山口,0
2016-04-30,阪神,DeNA,2,3,井納敗：藤川,藤川,0
2016-04-30,広島,中日,12,2,黒田敗：伊藤,伊藤,0
2016-04-30,ロッテ,日本ハム,5,1,スタンリッジ敗：バース,バース,0
2016-04-30,オリックス,楽天,5,0,金子千尋敗：安樂,安樂,0
2016-04-30,ソフトバンク,西武,4,4,,,0
2016-05-01,ヤクルト,巨人,11,2,原樹敗：高木,高木,0
2016-05-01,阪神,DeNA,7,6,ドリス敗：須田,須田,0
2016-05-01,広島,中日,10,7,戸田敗：ネイラー,ネイラー,0
2016-05-01,ロッテ,日本ハム,4,9,大谷敗：大嶺祐,大嶺祐,0
2016-05-01,オリックス,楽天,4,2,塚原敗：青山,青山,0
2016-05-01,ソフトバンク,西武,6,3,武田敗：郭,郭,0
2016-05-03,巨人,広島,3,2,マシソン敗：ジョンソン,ジョンソン,0
2016-05-03,DeNA,ヤクルト,0,6,山中敗：モスコーソ,モスコーソ,0
2016-05-03,中日,阪神,4,2,ジョーダン敗：藤浪,藤浪,0
2016-05-03,日本ハム,ソフトバンク,4,5,寺原敗：井口,井口,0
2016-05-03,楽天,ロッテ,2,1,ミコライオ敗：西野,西野,0
2016-05-03,西武,オリックス,6,7,ディクソン敗：野上,野上,0
2016-05-04,巨人,広島,1,6,野村敗：江柄子,江柄子,0
2016-05-04,DeNA,ヤクルト,3,2,石田敗：新垣,新垣,0
2016-05-04,中日,阪神,0,9,横山敗：吉見,吉見,0
2016-05-04,日本ハム,ソフトバンク,6,6,,,0
2016-05-04,楽天,ロッテ,5,3,美馬敗：二木,二木,0
2016-05-04,西武,オリックス,8,2,菊池敗：東明,東明,0
2016-05-05,巨人,広島,4,2,菅野敗：九里,九里,0
2016-05-05,DeNA,ヤクルト,4,2,砂田敗：石川,石川,0
2016-05-05,中日,阪神,0,1,メッセンジャー敗：山井,山井,0
2016-05-05,日本ハム,ソフトバンク,1,2,東浜敗：加藤,加藤,0
2016-05-05,楽天,ロッテ,8,15,内敗：松井裕,松井裕,0
2016-05-05,西武,オリックス,5,7,近藤敗：十亀,十亀,0
2016-05-06,巨人,中日,2,7,若松敗：長谷川,長谷川,0
2016-05-06,阪神,ヤクルト,2,0,岩貞敗：小川,小川,0
2016-05-06,広島,DeNA,0,6,今永敗：横山,横山,0
2016-05-06,西武,日本ハム,4,8,メンドーサ敗：髙橋光,髙橋光,0
2016-05-06,ロッテ,オリックス,0,5,金子千尋敗：唐川,唐川,0
2016-05-06,ソフトバンク,楽天,3,2,寺原敗：青山,青山,0
2016-05-07,巨人,中日,1,8,福敗：今村,今村,0
2016-05-07,阪神,ヤクルト,6,10,秋吉敗：ドリス,ドリス,0
2016-05-07,広島,DeNA,10,4,ヘーゲンズ敗：井納,井納,0
2016-05-07,西武,日本ハム,6,8,バース敗：郭,郭,0
2016-05-07,ロッテ,オリックス,4,3,益田敗：平野,平野,0
2016-05-07,ソフトバンク,楽天,3,2,千賀敗：福山,福山,0
2016-05-08,巨人,中日,4,11,バルデス敗：高木,高木,0
2016-05-08,阪神,ヤクルト,1,5,原樹敗：能見,能見,0
2016-05-08,広島,DeNA,1,7,山口敗：福井,福井,0
2016-05-08,西武,日本ハム,6,2,藤原敗：大谷,大谷,0
2016-05-08,ロッテ,オリックス,4,3,松永敗：西,西,0
2016-05-08,ソフトバンク,楽天,3,1,武田敗：釜田,釜田,0
2016-05-10,ヤクルト,広島,3,6,ジョンソン敗：秋吉,秋吉,0
2016-05-10,DeNA,中日,3,6,佐藤敗：モスコーソ,モスコーソ,0
2016-05-10,阪神,巨人,,,,,1
2016-05-10,日本ハム,オリックス,4,0,有原敗：ディクソン,ディクソン,0
2016-05-10,楽天,西武,,,,,1
2016-05-10,ソフトバンク,ロッテ,2,1,バンデンハーク敗：石川,石川,0
2016-05-11,ヤクルト,広島,5,2,石川敗：野村,野村,0
2016-05-11,DeNA,中日,2,0,石田敗：山井,山井,0
2016-05-11,阪神,巨人,1,3,田口敗：メッセンジャー,メッセンジャー,0
2016-05-11,日本ハム,オリックス,6,2,吉川敗：東明,東明,0
2016-05-11,楽天,西武,8,3,美馬敗：佐藤,佐藤,0
2016-05-11,ソフトバンク,ロッテ,9,5,和田敗：二木,二木,0
2016-05-12,ヤクルト,広島,4,3,秋吉敗：今村,今村,0
2016-05-12,DeNA,中日,6,5,山﨑康敗：又吉,又吉,0
2016-05-12,楽天,西武,4,0,ミコライオ敗：菊池,菊池,0
2016-05-12,ソフトバンク,ロッテ,2,3,内敗：スアレス,スアレス,0
2016-05-13,巨人,ヤクルト,3,2,田原誠敗：オンドルセク,オンドルセク,0
2016-05-13,DeNA,阪神,2,3,髙橋敗：山﨑康,山﨑康,0
2016-05-13,中日,広島,3,6,ヘーゲンズ敗：又吉,又吉,0
2016-05-13,日本ハム,西武,5,4,宮西敗：増田,増田,0
2016-05-14,巨人,ヤクルト,7,1,今村敗：山中,山中,0
2016-05-14,DeNA,阪神,3,1,今永敗：岩貞,岩貞,0
2016-05-14,中日,広島,6,5,田島敗：ジャクソン,ジャクソン,0
2016-05-14,日本ハム,西武,7,3,バース敗：多和田,多和田,0
2016-05-14,ロッテ,楽天,13,12,松永敗：松井裕,松井裕,0
2016-05-14,オリックス,ソフトバンク,4,3,塚原敗：スアレス,スアレス,0
2016-05-15,巨人,ヤクルト,3,2,高木敗：原樹,原樹,0
2016-05-15,DeNA,阪神,5,5,,,0
2016-05-15,中日,広島,3,3,,,0
2016-05-15,日本ハム,西武,3,6,牧田敗：大谷,大谷,0
2016-05-15,ロッテ,楽天,9,8,大谷敗：松井裕,松井裕,0
2016-05-15,オリックス,ソフトバンク,1,2,武田敗：西,西,0
2016-05-17,巨人,DeNA,1,7,モスコーソ敗：内海,内海,0
2016-05-17,阪神,中日,3,4,田島敗：ドリス,ドリス,0
2016-05-17,広島,ヤクルト,9,0,ジョンソン敗：新垣,新垣,0
2016-05-17,楽天,オリックス,1,7,ディクソン敗：塩見,塩見,0
2016-05-17,ロッテ,西武,5,2,石川敗：佐藤,佐藤,0
2016-05-17,ソフトバンク,日本ハム,2,7,有原敗：バンデンハーク,バンデンハーク,0
2016-05-18,巨人,DeNA,0,1,石田敗：田口,田口,0
2016-05-18,阪神,中日,3,2,横山敗：山井,山井,0
2016-05-18,広島,ヤクルト,3,11,秋吉敗：今村,今村,0
2016-05-18,楽天,オリックス,2,10,松葉敗：則本,則本,0
2016-05-18,ロッテ,西武,0,3,菊池敗：二木,二木,0
2016-05-18,ソフトバンク,日本ハム,6,2,和田敗：吉川,吉川,0
2016-05-19,阪神,中日,3,2,藤川敗：又吉,又吉,0
2016-05-19,広島,ヤクルト,7,6,今村敗：村中,村中,0
2016-05-19,ロッテ,西武,1,2,髙橋光敗：涌井,涌井,0
2016-05-19,ソフトバンク,日本ハム,6,8,増井敗：サファテ,サファテ,0
2016-05-20,ヤクルト,DeNA,6,3,ルーキ敗：井納,井納,0
2016-05-20,中日,巨人,0,2,マシソン敗：福谷,福谷,0
2016-05-20,阪神,広島,1,4,永川敗：田面,田面,0
2016-05-20,オリックス,ロッテ,6,4,金子千尋敗：スタンリッジ,スタンリッジ,0
2016-05-21,ヤクルト,DeNA,1,4,今永敗：山中,山中,0
2016-05-21,中日,巨人,6,4,ジョーダン敗：田原誠,田原誠,0
2016-05-21,阪神,広島,4,3,マテオ敗：中﨑,中﨑,0
2016-05-21,日本ハム,楽天,5,1,メンドーサ敗：レイ,レイ,0
2016-05-21,西武,ソフトバンク,4,3,増田敗：寺原,寺原,0
2016-05-21,オリックス,ロッテ,3,10,関谷敗：近藤,近藤,0
2016-05-22,ヤクルト,DeNA,3,11,山口敗：原樹,原樹,0
2016-05-22,中日,巨人,5,1,吉見敗：高木,高木,0
2016-05-22,阪神,広島,5,10,戸田敗：メッセンジャー,メッセンジャー,0
2016-05-22,日本ハム,楽天,8,0,大谷敗：釜田,釜田,0
2016-05-22,西武,ソフトバンク,2,4,武田敗：野上,野上,0
2016-05-22,オリックス,ロッテ,1,5,唐川敗：西,西,0
2016-05-24,ヤクルト,阪神,5,7,能見敗：八木,八木,0
2016-05-24,中日,DeNA,5,6,須田敗：又吉,又吉,0
2016-05-24,広島,巨人,6,0,ジョンソン敗：内海,内海,0
2016-05-24,日本ハム,ロッテ,1,3,石川敗：有原,有原,0
2016-05-24,西武,楽天,4,1,佐藤敗：則本,則本,0
2016-05-24,ソフトバンク,オリックス,22,6,バンデンハーク敗：ディクソン,ディクソン,0
2016-05-25,ヤクルト,阪神,9,8,オンドルセク敗：藤川,藤川,0
2016-05-25,中日,DeNA,1,4,石田敗：若松,若松,0
2016-05-25,広島,巨人,9,3,野村敗：田口,田口,0
2016-05-25,西武,楽天,7,0,菊池敗：川井,川井,0
2016-05-25,ソフトバンク,オリックス,5,2,和田敗：松葉,松葉,0
2016-05-26,ヤクルト,阪神,6,5,オンドルセク敗：マテオ,マテオ,0
2016-05-26,広島,巨人,3,2,九里敗：大竹寛,大竹寛,0
2016-05-26,日本ハム,ロッテ,1,2,西野敗：高梨,高梨,0
2016-05-26,西武,楽天,4,0,髙橋光敗：美馬,美馬,0
2016-05-26,ソフトバンク,オリックス,4,3,飯田敗：金子千尋,金子千尋,0
2016-05-27,巨人,阪神,0,1,岩貞敗：菅野,菅野,0
2016-05-27,DeNA,広島,6,1,井納敗：黒田,黒田,0
2016-05-27,中日,ヤクルト,6,5,岡田敗：松岡,松岡,0
2016-05-27,楽天,日本ハム,3,2,塩見敗：谷元,谷元,0
2016-05-27,ロッテ,ソフトバンク,0,1,東浜敗：涌井,涌井,0
2016-05-28,巨人,阪神,4,6,岩崎敗：今村,今村,0
2016-05-28,DeNA,広島,3,1,今永敗：岡田,岡田,0
2016-05-28,中日,ヤクルト,6,9,村中敗：福,福,0
2016-05-28,楽天,日本ハム,1,7,メンドーサ敗：安樂,安樂,0
2016-05-28,ロッテ,ソフトバンク,2,10,千賀敗：スタンリッジ,スタンリッジ,0
2016-05-28,オリックス,西武,8,6,吉田一敗：武隈,武隈,0
2016-05-29,巨人,阪神,2,1,高木敗：メッセンジャー,メッセンジャー,0
2016-05-29,DeNA,広島,0,6,中村恭敗：山口,山口,0
2016-05-29,中日,ヤクルト,6,1,吉見敗：原樹,原樹,0
2016-05-29,楽天,日本ハム,3,12,大谷敗：釜田,釜田,0
2016-05-29,ロッテ,ソフトバンク,4,6,森敗：西野,西野,0
2016-05-29,オリックス,西武,3,5,牧田敗：佐藤達,佐藤達,0
2016-05-31,日本ハム,ヤクルト,4,8,デイビーズ敗：有原,有原,0
2016-05-31,楽天,阪神,9,1,則本敗：能見,能見,0
2016-05-31,西武,DeNA,2,5,モスコーソ敗：佐藤,佐藤,0
2016-05-31,ロッテ,広島,5,0,石川敗：ジョンソン,ジョンソン,0
2016-05-31,オリックス,巨人,2,3,田口敗：西,西,0
2016-05-31,ソフトバンク,中日,5,2,岩嵜敗：福谷,福谷,0
2016-06-01,日本ハム,ヤクルト,5,2,バース敗：石川,石川,0
2016-06-01,楽天,阪神,3,5,青柳敗：リズ,リズ,0
2016-06-01,西武,DeNA,7,0,菊池敗：石田,石田,0
2016-06-01,ロッテ,広島,2,4,野村敗：大谷,大谷,0
2016-06-01,オリックス,巨人,0,1,内海敗：松葉,松葉,0
2016-06-01,ソフトバンク,中日,0,5,若松敗：和田,和田,0
2016-06-02,日本ハム,ヤクルト,8,6,高梨敗：秋吉,秋吉,0
2016-06-02,楽天,阪神,0,3,藤浪敗：美馬,美馬,0
2016-06-02,西武,DeNA,4,1,髙橋光敗：井納,井納,0
2016-06-02,ロッテ,広島,13,4,二木敗：九里,九里,0
2016-06-02,オリックス,巨人,2,4,大竹寛敗：金子千尋,金子千尋,0
2016-06-02,ソフトバンク,中日,6,2,中田敗：バルデス,バルデス,0
2016-06-03,巨人,日本ハム,5,4,菅野敗：吉川,吉川,0
2016-06-03,ヤクルト,オリックス,4,5,吉田一敗：ルーキ,ルーキ,0
2016-06-03,DeNA,ロッテ,2,1,久保康敗：涌井,涌井,0
2016-06-03,中日,楽天,1,3,塩見敗：ジョーダン,ジョーダン,0
2016-06-03,阪神,西武,3,12,佐野敗：岩貞,岩貞,0
2016-06-03,広島,ソフトバンク,1,6,東浜敗：黒田,黒田,0
2016-06-04,巨人,日本ハム,5,4,宮國敗：谷元,谷元,0
2016-06-04,ヤクルト,オリックス,4,6,吉田一敗：山中,山中,0
2016-06-04,DeNA,ロッテ,6,5,三上敗：西野,西野,0
2016-06-04,中日,楽天,0,3,釜田敗：大野,大野,0
2016-06-04,阪神,西武,5,1,メッセンジャー敗：多和田,多和田,0
2016-06-04,広島,ソフトバンク,1,1,,,0
2016-06-05,巨人,日本ハム,2,6,大谷敗：高木,高木,0
2016-06-05,ヤクルト,オリックス,9,14,ディクソン敗：原樹,原樹,0
2016-06-05,DeNA,ロッテ,11,0,山口敗：唐川,唐川,0
2016-06-05,中日,楽天,2,0,吉見敗：戸村,戸村,0
2016-06-05,阪神,西武,2,3,増田敗：安藤,安藤,0
2016-06-05,広島,ソフトバンク,2,1,ジャクソン敗：サファテ,サファテ,0
2016-06-07,日本ハム,広島,2,3,戸田敗：有原,有原,0
2016-06-07,楽天,ヤクルト,5,1,則本敗：デイビーズ,デイビーズ,0
2016-06-07,西武,巨人,6,2,菊池敗：田口,田口,0
2016-06-07,ロッテ,阪神,2,1,石川敗：能見,能見,0
2016-06-07,オリックス,中日,3,8,岡田敗：コーディエ,コーディエ,0
2016-06-07,ソフトバンク,DeNA,6,3,山田敗：モスコーソ,モスコーソ,0
2016-06-08,日本ハム,広島,4,2,高梨敗：ジョンソン,ジョンソン,0
2016-06-08,楽天,ヤクルト,3,10,村中敗：リズ,リズ,0
2016-06-08,西武,巨人,5,7,内海敗：髙橋光,髙橋光,0
2016-06-08,ロッテ,阪神,8,3,関谷敗：青柳,青柳,0
2016-06-08,オリックス,中日,2,1,松葉敗：若松,若松,0
2016-06-08,ソフトバンク,DeNA,4,1,和田敗：石田,石田,0
2016-06-09,日本ハム,広島,2,4,野村敗：バース,バース,0
2016-06-09,楽天,ヤクルト,3,2,美馬敗：古野,古野,0
2016-06-09,西武,巨人,7,4,牧田敗：山口,山口,0
2016-06-09,ロッテ,阪神,7,2,二木敗：藤浪,藤浪,0
2016-06-09,オリックス,中日,3,8,バルデス敗：金子千尋,金子千尋,0
2016-06-09,ソフトバンク,DeNA,4,2,中田敗：井納,井納,0
2016-06-10,日本ハム,阪神,5,4,宮西敗：藤川,藤川,0
2016-06-10,楽天,広島,0,6,黒田敗：塩見,塩見,0
2016-06-10,西武,中日,1,0,武隈敗：田島,田島,0
2016-06-10,ロッテ,ヤクルト,6,7,オンドルセク敗：西野,西野,0
2016-06-10,オリックス,DeNA,1,3,久保康敗：東明,東明,0
2016-06-10,ソフトバンク,巨人,2,1,森敗：菅野,菅野,0
2016-06-11,日本ハム,阪神,0,3,メッセンジャー敗：吉川,吉川,0
2016-06-11,楽天,広島,2,1,金刃敗：ヘーゲンズ,ヘーゲンズ,0
2016-06-11,西武,中日,2,4,大野敗：小石,小石,0
2016-06-11,ロッテ,ヤクルト,4,2,スタンリッジ敗：山中,山中,0
2016-06-11,オリックス,DeNA,0,7,今永敗：近藤,近藤,0
2016-06-11,ソフトバンク,巨人,8,3,千賀敗：今村,今村,0
2016-06-12,日本ハム,阪神,6,0,大谷敗：岩崎,岩崎,0
2016-06-12,楽天,広島,4,3,福山敗：中﨑,中﨑,0
2016-06-12,西武,中日,3,2,武隈敗：山井,山井,0
2016-06-12,ロッテ,ヤクルト,7,1,唐川敗：原樹,原樹,0
2016-06-12,オリックス,DeNA,0,4,山口敗：ディクソン,ディクソン,0
2016-06-12,ソフトバンク,巨人,7,5,武田敗：高木,高木,0
2016-06-14,巨人,楽天,1,4,則本敗：田口,田口,0
2016-06-14,ヤクルト,ソフトバンク,6,4,村中敗：スアレス,スアレス,0
2016-06-14,DeNA,日本ハム,0,4,有原敗：モスコーソ,モスコーソ,0
2016-06-14,中日,ロッテ,2,4,石川敗：バルデス,バルデス,0
2016-06-14,阪神,オリックス,2,0,能見敗：西,西,0
2016-06-14,広島,西武,3,2,中﨑敗：増田,増田,0
2016-06-15,巨人,楽天,3,2,マシソン敗：青山,青山,0
2016-06-15,ヤクルト,ソフトバンク,4,6,和田敗：古野,古野,0
2016-06-15,DeNA,日本ハム,2,3,増井敗：三上,三上,0
2016-06-15,中日,ロッテ,2,6,関谷敗：若松,若松,0
2016-06-15,阪神,オリックス,1,5,吉田一敗：髙橋,髙橋,0
2016-06-15,広島,西武,6,2,ジョンソン敗：武隈,武隈,0
2016-06-16,巨人,楽天,10,7,マシソン敗：青山,青山,0
2016-06-16,ヤクルト,ソフトバンク,3,12,東浜敗：小川,小川,0
2016-06-16,DeNA,日本ハム,,,,,1
2016-06-16,中日,ロッテ,1,3,二木敗：小笠原,小笠原,0
2016-06-16,阪神,オリックス,,,,,1
2016-06-16,広島,西武,6,0,野村敗：バンヘッケン,バンヘッケン,0
2016-06-17,巨人,ロッテ,1,5,涌井敗：菅野,菅野,0
2016-06-17,ヤクルト,西武,5,1,山中敗：岸,岸,0
2016-06-17,DeNA,楽天,5,8,塩見敗：久保康,久保康,0
2016-06-17,中日,日本ハム,1,0,ジョーダン敗：メンドーサ,メンドーサ,0
2016-06-17,阪神,ソフトバンク,3,2,ドリス敗：サファテ,サファテ,0
2016-06-17,広島,オリックス,6,4,ヘーゲンズ敗：比嘉,比嘉,0
2016-06-18,巨人,ロッテ,2,6,スタンリッジ敗：小山,小山,0
2016-06-18,ヤクルト,西武,5,4,ルーキ敗：野上,野上,0
2016-06-18,DeNA,楽天,3,6,釜田敗：今永,今永,0
2016-06-18,中日,日本ハム,3,2,大野敗：吉川,吉川,0
2016-06-18,阪神,ソフトバンク,0,1,千賀敗：メッセンジャー,メッセンジャー,0
2016-06-18,広島,オリックス,4,3,今村敗：平野,平野,0
2016-06-19,巨人,ロッテ,5,1,宮國敗：唐川,唐川,0
2016-06-19,ヤクルト,西武,5,7,多和田敗：村中,村中,0
2016-06-19,DeNA,楽天,3,5,戸村敗：山口,山口,0
2016-06-19,中日,日本ハム,2,3,大谷敗：吉見,吉見,0
2016-06-19,阪神,ソフトバンク,4,8,武田敗：岩貞,岩貞,0
2016-06-19,広島,オリックス,5,4,ジャクソン敗：山﨑福,山﨑福,0
2016-06-20,DeNA,日本ハム,2,5,バース敗：砂田,砂田,0
2016-06-20,阪神,オリックス,2,0,藤川敗：佐藤達,佐藤達,0
2016-06-24,ヤクルト,中日,5,1,小川敗：若松,若松,0
2016-06-24,DeNA,巨人,12,6,井納敗：菅野,菅野,0
2016-06-24,広島,阪神,4,2,ジャクソン敗：藤川,藤川,0
2016-06-24,楽天,ソフトバンク,3,6,和田敗：則本,則本,0
2016-06-24,西武,ロッテ,6,7,石川敗：髙橋光,髙橋光,0
2016-06-24,オリックス,日本ハム,,,,,1
2016-06-25,ヤクルト,中日,13,9,デイビーズ敗：ジョーダン,ジョーダン,0
2016-06-25,DeNA,巨人,7,6,ザガースキー敗：マシソン,マシソン,0
2016-06-25,広島,阪神,4,2,岡田敗：能見,能見,0
2016-06-25,楽天,ソフトバンク,4,2,金刃敗：東浜,東浜,0
2016-06-25,西武,ロッテ,10,9,武隈敗：南,南,0
2016-06-25,オリックス,日本ハム,8,10,有原敗：松葉,松葉,0
2016-06-26,ヤクルト,中日,5,4,村中敗：小川,小川,0
2016-06-26,DeNA,巨人,4,9,内海敗：モスコーソ,モスコーソ,0
2016-06-26,広島,阪神,4,3,オスカル敗：岩貞,岩貞,0
2016-06-26,楽天,ソフトバンク,1,5,中田敗：戸村,戸村,0
2016-06-26,西武,ロッテ,4,10,スタンリッジ敗：多和田,多和田,0
2016-06-26,オリックス,日本ハム,0,6,大谷敗：ディクソン,ディクソン,0
2016-06-27,日本ハム,西武,8,7,白村敗：岸,岸,0
2016-06-27,ソフトバンク,ロッテ,6,9,涌井敗：武田,武田,0
2016-06-28,巨人,中日,0,5,大野敗：田口,田口,0
2016-06-28,阪神,DeNA,5,3,メッセンジャー敗：山口,山口,0
2016-06-28,広島,ヤクルト,3,2,野村敗：山中,山中,0
2016-06-28,日本ハム,西武,3,0,吉川敗：ポーリーノ,ポーリーノ,0
2016-06-28,オリックス,楽天,3,2,西敗：塩見,塩見,0
2016-06-29,巨人,中日,3,2,宮國敗：又吉,又吉,0
2016-06-29,阪神,DeNA,,,,,1
2016-06-29,広島,ヤクルト,8,1,黒田敗：原樹,原樹,0
2016-06-29,日本ハム,西武,5,3,宮西敗：十亀,十亀,0
2016-06-29,オリックス,楽天,3,5,釜田敗：東明,東明,0
2016-06-29,ソフトバンク,ロッテ,7,6,森敗：西野,西野,0
2016-06-30,巨人,中日,1,3,若松敗：澤村,澤村,0
2016-06-30,阪神,DeNA,0,3,久保康敗：岩崎,岩崎,0
2016-06-30,広島,ヤクルト,2,5,村中敗：中村恭,中村恭,0
2016-06-30,ソフトバンク,ロッテ,2,1,岩嵜敗：唐川,唐川,0
2016-07-01,DeNA,広島,2,6,ジョンソン敗：井納,井納,0
2016-07-01,中日,阪神,7,2,ジョーダン敗：藤浪,藤浪,0
2016-07-01,楽天,西武,3,2,則本敗：髙橋光,髙橋光,0
2016-07-01,ソフトバンク,日本ハム,2,5,高梨敗：和田,和田,0
2016-07-02,ヤクルト,巨人,2,1,ルーキ敗：宮國,宮國,0
2016-07-02,DeNA,広島,4,1,石田敗：岡田,岡田,0
2016-07-02,中日,阪神,2,3,能見敗：小熊,小熊,0
2016-07-02,楽天,西武,7,5,美馬敗：野上,野上,0
2016-07-02,ロッテ,オリックス,6,0,石川敗：松葉,松葉,0
2016-07-02,ソフトバンク,日本ハム,0,4,有原敗：東浜,東浜,0
2016-07-03,ヤクルト,巨人,6,3,ペレス敗：マシソン,マシソン,0
2016-07-03,DeNA,広島,6,13,ヘーゲンズ敗：モスコーソ,モスコーソ,0
2016-07-03,中日,阪神,8,3,吉見敗：岩貞,岩貞,0
2016-07-03,楽天,西武,3,4,武隈敗：ミコライオ,ミコライオ,0
2016-07-03,ロッテ,オリックス,3,4,ディクソン敗：大谷,大谷,0
2016-07-03,ソフトバンク,日本ハム,0,2,大谷敗：中田,中田,0
2016-07-05,巨人,阪神,3,2,内海敗：メッセンジャー,メッセンジャー,0
2016-07-05,DeNA,ヤクルト,4,0,山口敗：山中,山中,0
2016-07-05,中日,広島,1,4,野村敗：大野,大野,0
2016-07-05,楽天,日本ハム,3,8,メンドーサ敗：塩見,塩見,0
2016-07-05,ロッテ,西武,2,1,益田敗：増田,増田,0
2016-07-05,オリックス,ソフトバンク,3,0,西敗：武田,武田,0
2016-07-06,巨人,阪神,3,1,田口敗：岩崎,岩崎,0
2016-07-06,DeNA,ヤクルト,8,7,田中敗：ルーキ,ルーキ,0
2016-07-06,中日,広島,4,1,バルデス敗：黒田,黒田,0
2016-07-06,楽天,日本ハム,,,,,1
2016-07-06,ロッテ,西武,5,4,南敗：ポーリーノ,ポーリーノ,0
2016-07-06,オリックス,ソフトバンク,2,5,千賀敗：東明,東明,0
2016-07-07,巨人,阪神,0,6,青柳敗：高木,高木,0
2016-07-07,DeNA,ヤクルト,5,3,田中敗：村中,村中,0
2016-07-07,ロッテ,西武,4,3,唐川敗：髙橋光,髙橋光,0
2016-07-07,オリックス,ソフトバンク,0,4,岩嵜敗：金子千尋,金子千尋,0
2016-07-08,巨人,DeNA,3,1,大竹寛敗：井納,井納,0
2016-07-08,ヤクルト,中日,6,3,成瀬敗：ジョーダン,ジョーダン,0
2016-07-08,阪神,広島,2,8,ジョンソン敗：藤浪,藤浪,0
2016-07-08,日本ハム,ロッテ,12,3,高梨敗：二木,二木,0
2016-07-08,西武,オリックス,8,4,十亀敗：山田,山田,0
2016-07-08,ソフトバンク,楽天,2,3,則本敗：サファテ,サファテ,0
2016-07-09,巨人,DeNA,5,2,菅野敗：三上,三上,0
2016-07-09,ヤクルト,中日,2,8,若松敗：由規,由規,0
2016-07-09,阪神,広島,1,7,岡田敗：能見,能見,0
2016-07-09,日本ハム,ロッテ,4,0,有原敗：石川,石川,0
2016-07-09,西武,オリックス,0,2,松葉敗：野上,野上,0
2016-07-09,ソフトバンク,楽天,6,2,東浜敗：美馬,美馬,0
2016-07-10,巨人,DeNA,10,7,宮國敗：須田,須田,0
2016-07-10,ヤクルト,中日,8,3,杉浦敗：吉見,吉見,0
2016-07-10,阪神,広島,0,9,戸田敗：岩貞,岩貞,0
2016-07-10,日本ハム,ロッテ,6,5,白村敗：木村,木村,0
2016-07-10,西武,オリックス,2,8,ディクソン敗：多和田,多和田,0
2016-07-10,ソフトバンク,楽天,6,2,大隣敗：ブリガム,ブリガム,0
2016-07-11,DeNA,中日,3,13,バルデス敗：三浦,三浦,0
2016-07-11,西武,楽天,3,1,岸敗：レイ,レイ,0
2016-07-11,オリックス,日本ハム,1,4,吉川敗：ミッシュ,ミッシュ,0
2016-07-12,ヤクルト,阪神,1,3,メッセンジャー敗：平井,平井,0
2016-07-12,DeNA,中日,6,5,山﨑康敗：山井,山井,0
2016-07-12,広島,巨人,13,3,野村敗：内海,内海,0
2016-07-12,西武,楽天,1,5,塩見敗：ポーリーノ,ポーリーノ,0
2016-07-12,ロッテ,ソフトバンク,0,4,武田敗：涌井,涌井,0
2016-07-12,オリックス,日本ハム,4,3,西敗：白村,白村,0
2016-07-13,ヤクルト,阪神,2,4,ドリス敗：ペレス,ペレス,0
2016-07-13,DeNA,中日,7,2,ペトリック敗：セプティモ,セプティモ,0
2016-07-13,広島,巨人,0,6,田口敗：黒田,黒田,0
2016-07-13,西武,楽天,3,4,釜田敗：髙橋光,髙橋光,0
2016-07-13,ロッテ,ソフトバンク,0,3,千賀敗：関谷,関谷,0
2016-07-13,オリックス,日本ハム,2,3,加藤敗：吉田一,吉田一,0
2016-07-15,パ・リーグ,セ・リーグ,4,5,藤浪敗：石川,石川,0
2016-07-16,セ・リーグ,パ・リーグ,5,5,,,0
2016-07-18,ヤクルト,DeNA,9,3,石川敗：久保康,久保康,0
2016-07-18,阪神,巨人,1,2,マシソン敗：ドリス,ドリス,0
2016-07-18,広島,中日,3,2,中﨑敗：祖父江,祖父江,0
2016-07-18,日本ハム,楽天,3,1,メンドーサ敗：則本,則本,0
2016-07-18,西武,ロッテ,6,1,岸敗：藤岡,藤岡,0
2016-07-18,ソフトバンク,オリックス,0,6,金子千尋敗：東浜,東浜,0
2016-07-19,ヤクルト,DeNA,8,9,三上敗：秋吉,秋吉,0
2016-07-19,阪神,巨人,1,6,内海敗：能見,能見,0
2016-07-19,広島,中日,11,3,岡田敗：大野,大野,0
2016-07-19,西武,ロッテ,2,9,二木敗：ポーリーノ,ポーリーノ,0
2016-07-19,ソフトバンク,オリックス,0,4,西敗：武田,武田,0
2016-07-20,ヤクルト,DeNA,2,9,熊原敗：小川,小川,0
2016-07-20,阪神,巨人,2,6,田原誠敗：青柳,青柳,0
2016-07-20,広島,中日,6,7,田島敗：今村,今村,0
2016-07-20,日本ハム,楽天,9,3,谷元敗：ブリガム,ブリガム,0
2016-07-20,ソフトバンク,オリックス,2,1,森福敗：山田,山田,0
2016-07-22,DeNA,巨人,3,2,ザガースキー敗：山口,山口,0
2016-07-22,中日,ヤクルト,3,6,館山敗：バルデス,バルデス,0
2016-07-22,広島,阪神,4,2,野村敗：藤浪,藤浪,0
2016-07-22,日本ハム,オリックス,2,0,有原敗：松葉,松葉,0
2016-07-22,楽天,ロッテ,1,12,石川敗：美馬,美馬,0
2016-07-22,ソフトバンク,西武,5,2,和田敗：髙橋光,髙橋光,0
2016-07-23,DeNA,巨人,6,4,ザガースキー敗：山口,山口,0
2016-07-23,中日,ヤクルト,1,3,ルーキ敗：祖父江,祖父江,0
2016-07-23,広島,阪神,7,0,黒田敗：岩崎,岩崎,0
2016-07-23,日本ハム,オリックス,6,3,鍵谷敗：ディクソン,ディクソン,0
2016-07-23,楽天,ロッテ,6,5,金刃敗：大嶺祐,大嶺祐,0
2016-07-23,ソフトバンク,西武,1,3,牧田敗：森,森,0
2016-07-24,DeNA,巨人,1,9,マイコラス敗：今永,今永,0
2016-07-24,中日,ヤクルト,2,5,由規敗：小笠原,小笠原,0
2016-07-24,広島,阪神,5,8,島本敗：一岡,一岡,0
2016-07-24,日本ハム,オリックス,2,3,塚原敗：バース,バース,0
2016-07-24,楽天,ロッテ,2,3,涌井敗：則本,則本,0
2016-07-24,ソフトバンク,西武,4,3,岩嵜敗：野上,野上,0
2016-07-26,巨人,広島,,,,,1
2016-07-26,中日,DeNA,3,7,久保康敗：若松,若松,0
2016-07-26,阪神,ヤクルト,5,3,藤川敗：ルーキ,ルーキ,0
2016-07-26,楽天,ソフトバンク,0,6,武田敗：塩見,塩見,0
2016-07-26,西武,日本ハム,1,4,メンドーサ敗：岸,岸,0
2016-07-26,オリックス,ロッテ,3,6,南敗：西,西,0
2016-07-27,巨人,広島,7,2,田口敗：ジョンソン,ジョンソン,0
2016-07-27,中日,DeNA,0,2,ペトリック敗：大野,大野,0
2016-07-27,阪神,ヤクルト,9,0,能見敗：杉浦,杉浦,0
2016-07-27,楽天,ソフトバンク,6,2,西宮敗：東浜,東浜,0
2016-07-27,西武,日本ハム,4,8,吉川敗：ポーリーノ,ポーリーノ,0
2016-07-27,オリックス,ロッテ,3,1,山田敗：二木,二木,0
2016-07-28,巨人,広島,0,4,福井敗：菅野,菅野,0
2016-07-28,中日,DeNA,15,2,バルデス敗：熊原,熊原,0
2016-07-28,阪神,ヤクルト,10,5,青柳敗：小川,小川,0
2016-07-28,西武,日本ハム,6,2,多和田敗：斎藤佑樹,斎藤佑樹,0
2016-07-28,オリックス,ロッテ,2,1,平野敗：西野,西野,0
2016-07-29,巨人,ヤクルト,3,1,内海敗：デイビーズ,デイビーズ,0
2016-07-29,阪神,中日,1,3,伊藤敗：藤浪,藤浪,0
2016-07-29,広島,DeNA,3,19,石田敗：野村,野村,0
2016-07-29,日本ハム,ソフトバンク,4,6,和田敗：有原,有原,0
2016-07-29,ロッテ,楽天,0,9,美馬敗：益田,益田,0
2016-07-29,オリックス,西武,7,1,松葉敗：髙橋光,髙橋光,0
2016-07-30,巨人,ヤクルト,9,0,大竹寛敗：山中,山中,0
2016-07-30,阪神,中日,8,2,メッセンジャー敗：吉見,吉見,0
2016-07-30,広島,DeNA,5,7,井納敗：黒田,黒田,0
2016-07-30,日本ハム,ソフトバンク,3,2,マーティン敗：五十嵐,五十嵐,0
2016-07-30,ロッテ,楽天,4,5,松井裕敗：大谷,大谷,0
2016-07-30,オリックス,西武,2,3,十亀敗：吉田一,吉田一,0
2016-07-31,巨人,ヤクルト,10,1,マイコラス敗：館山,館山,0
2016-07-31,阪神,中日,6,1,岩崎敗：ジョーダン,ジョーダン,0
2016-07-31,広島,DeNA,6,4,ヘーゲンズ敗：三上,三上,0
2016-07-31,日本ハム,ソフトバンク,6,3,鍵谷敗：岩嵜,岩嵜,0
2016-07-31,ロッテ,楽天,2,0,涌井敗：辛島,辛島,0
2016-07-31,オリックス,西武,5,4,平野敗：増田,増田,0
2016-08-02,ヤクルト,広島,4,16,ジョンソン敗：石川,石川,0
2016-08-02,DeNA,阪神,2,6,岩貞敗：山﨑康,山﨑康,0
2016-08-02,中日,巨人,2,7,今村敗：若松,若松,0
2016-08-02,楽天,オリックス,2,1,ミコライオ敗：西,西,0
2016-08-02,西武,ソフトバンク,2,6,武田敗：岸,岸,0
2016-08-02,ロッテ,日本ハム,4,3,スタンリッジ敗：メンドーサ,メンドーサ,0
2016-08-03,ヤクルト,広島,6,4,松岡敗：ヘーゲンズ,ヘーゲンズ,0
2016-08-03,DeNA,阪神,4,3,山口敗：能見,能見,0
2016-08-03,中日,巨人,0,5,田口敗：大野,大野,0
2016-08-03,楽天,オリックス,6,1,釜田敗：山田,山田,0
2016-08-03,西武,ソフトバンク,3,7,攝津敗：ポーリーノ,ポーリーノ,0
2016-08-03,ロッテ,日本ハム,2,10,榎下敗：古谷,古谷,0
2016-08-04,ヤクルト,広島,5,2,由規敗：福井,福井,0
2016-08-04,DeNA,阪神,5,7,藤川敗：ザガースキー,ザガースキー,0
2016-08-04,楽天,オリックス,0,2,金子千尋敗：安樂,安樂,0
2016-08-04,西武,ソフトバンク,4,7,東浜敗：多和田,多和田,0
2016-08-04,ロッテ,日本ハム,3,0,唐川敗：鍵谷,鍵谷,0
2016-08-05,ヤクルト,阪神,0,8,藤浪敗：デイビーズ,デイビーズ,0
2016-08-05,DeNA,中日,3,4,小川敗：山﨑康,山﨑康,0
2016-08-05,広島,巨人,4,5,マシソン敗：中﨑,中﨑,0
2016-08-05,楽天,西武,4,10,菊池敗：美馬,美馬,0
2016-08-05,オリックス,ロッテ,2,3,石川敗：松葉,松葉,0
2016-08-05,ソフトバンク,日本ハム,3,2,和田敗：有原,有原,0
2016-08-06,ヤクルト,阪神,6,1,山中敗：メッセンジャー,メッセンジャー,0
2016-08-06,DeNA,中日,6,4,須田敗：岩瀬,岩瀬,0
2016-08-06,広島,巨人,2,3,大竹寛敗：黒田,黒田,0
2016-08-06,楽天,西武,7,5,則本敗：十亀,十亀,0
2016-08-06,オリックス,ロッテ,0,2,関谷敗：ディクソン,ディクソン,0
2016-08-06,ソフトバンク,日本ハム,1,8,高梨敗：千賀,千賀,0
2016-08-07,ヤクルト,阪神,7,6,中澤敗：マテオ,マテオ,0
2016-08-07,DeNA,中日,4,1,今永敗：小笠原,小笠原,0
2016-08-07,広島,巨人,8,7,今村敗：澤村,澤村,0
2016-08-07,楽天,西武,6,4,西宮敗：髙橋光,髙橋光,0
2016-08-07,オリックス,ロッテ,5,3,山﨑福敗：涌井,涌井,0
2016-08-07,ソフトバンク,日本ハム,3,8,加藤敗：中田,中田,0
2016-08-09,巨人,DeNA,5,2,内海敗：久保康,久保康,0
2016-08-09,中日,ヤクルト,2,1,山井敗：岩橋,岩橋,0
2016-08-09,広島,阪神,10,3,ジョンソン敗：岩貞,岩貞,0
2016-08-09,日本ハム,西武,1,3,岸敗：バース,バース,0
2016-08-09,ロッテ,楽天,2,4,西宮敗：南,南,0
2016-08-09,オリックス,ソフトバンク,4,0,西敗：武田,武田,0
2016-08-10,巨人,DeNA,5,2,田口敗：山口,山口,0
2016-08-10,中日,ヤクルト,2,3,小川敗：大野,大野,0
2016-08-10,広島,阪神,1,2,能見敗：福井,福井,0
2016-08-10,日本ハム,西武,4,3,鍵谷敗：小石,小石,0
2016-08-10,ロッテ,楽天,5,3,二木敗：釜田,釜田,0
2016-08-10,オリックス,ソフトバンク,3,2,比嘉敗：バリオス,バリオス,0
2016-08-11,巨人,DeNA,4,5,ペトリック敗：今村,今村,0
2016-08-11,中日,ヤクルト,2,8,杉浦敗：伊藤,伊藤,0
2016-08-11,広島,阪神,5,3,薮田敗：藤浪,藤浪,0
2016-08-11,日本ハム,西武,0,2,多和田敗：増井,増井,0
2016-08-11,ロッテ,楽天,4,0,唐川敗：美馬,美馬,0
2016-08-11,オリックス,ソフトバンク,4,3,金子千尋敗：東浜,東浜,0
2016-08-12,ヤクルト,巨人,5,4,ルーキ敗：高木,高木,0
2016-08-12,DeNA,広島,2,3,ジャクソン敗：山﨑康,山﨑康,0
2016-08-12,阪神,中日,4,2,メッセンジャー敗：バルデス,バルデス,0
2016-08-12,楽天,日本ハム,4,3,福山敗：鍵谷,鍵谷,0
2016-08-12,西武,オリックス,8,3,菊池敗：松葉,松葉,0
2016-08-12,ロッテ,ソフトバンク,2,0,石川敗：和田,和田,0
2016-08-13,ヤクルト,巨人,2,1,山中敗：大竹寛,大竹寛,0
2016-08-13,DeNA,広島,2,1,須田敗：薮田,薮田,0
2016-08-13,阪神,中日,5,2,青柳敗：ジョーダン,ジョーダン,0
2016-08-13,楽天,日本ハム,0,2,高梨敗：則本,則本,0
2016-08-13,西武,オリックス,1,9,ディクソン敗：十亀,十亀,0
2016-08-13,ロッテ,ソフトバンク,0,3,千賀敗：関谷,関谷,0
2016-08-14,ヤクルト,巨人,2,9,マイコラス敗：館山,館山,0
2016-08-14,DeNA,広島,2,3,大瀬良敗：今永,今永,0
2016-08-14,阪神,中日,8,1,岩崎敗：小笠原,小笠原,0
2016-08-14,楽天,日本ハム,1,2,加藤敗：辛島,辛島,0
2016-08-14,西武,オリックス,5,1,髙橋光敗：山﨑福,山﨑福,0
2016-08-14,ロッテ,ソフトバンク,3,2,南敗：バリオス,バリオス,0
2016-08-16,ヤクルト,DeNA,,,,,1
2016-08-16,中日,巨人,0,2,菅野敗：吉見,吉見,0
2016-08-16,阪神,広島,0,5,ジョンソン敗：能見,能見,0
2016-08-16,日本ハム,オリックス,3,2,白村敗：海田,海田,0
2016-08-16,楽天,ロッテ,,,,,1
2016-08-16,ソフトバンク,西武,4,6,岸敗：武田,武田,0
2016-08-17,ヤクルト,DeNA,9,1,小川敗：久保康,久保康,0
2016-08-17,中日,巨人,3,1,又吉敗：内海,内海,0
2016-08-17,阪神,広島,2,7,福井敗：藤浪,藤浪,0
2016-08-17,日本ハム,オリックス,4,2,鍵谷敗：山田,山田,0
2016-08-17,楽天,ロッテ,10,5,塩見敗：スタンリッジ,スタンリッジ,0
2016-08-18,ヤクルト,DeNA,,,,,1
2016-08-18,中日,巨人,2,3,山口敗：又吉,又吉,0
2016-08-18,日本ハム,オリックス,6,1,増井敗：松葉,松葉,0
2016-08-18,楽天,ロッテ,3,1,美馬敗：唐川,唐川,0
2016-08-18,ソフトバンク,西武,3,6,多和田敗：東浜,東浜,0
2016-08-19,巨人,阪神,6,3,田口敗：メッセンジャー,メッセンジャー,0
2016-08-19,中日,DeNA,2,0,ジョーダン敗：石田,石田,0
2016-08-19,広島,ヤクルト,6,4,大瀬良敗：ルーキ,ルーキ,0
2016-08-19,日本ハム,ソフトバンク,0,3,和田敗：有原,有原,0
2016-08-19,西武,ロッテ,5,3,菊池敗：石川,石川,0
2016-08-19,オリックス,楽天,0,3,安樂敗：金子千尋,金子千尋,0
2016-08-20,巨人,阪神,3,0,大竹寛敗：青柳,青柳,0
2016-08-20,中日,DeNA,1,2,山口敗：小笠原,小笠原,0
2016-08-20,広島,ヤクルト,2,0,黒田敗：石川,石川,0
2016-08-20,日本ハム,ソフトバンク,2,3,千賀敗：宮西,宮西,0
2016-08-20,西武,ロッテ,10,4,十亀敗：関谷,関谷,0
2016-08-20,オリックス,楽天,11,1,ディクソン敗：則本,則本,0
2016-08-21,巨人,阪神,1,4,松田敗：山口,山口,0
2016-08-21,中日,DeNA,3,0,大野敗：今永,今永,0
2016-08-21,広島,ヤクルト,3,0,ヘーゲンズ敗：山中,山中,0
2016-08-21,日本ハム,ソフトバンク,4,2,加藤敗：岩嵜,岩嵜,0
2016-08-21,西武,ロッテ,7,8,涌井敗：髙橋光,髙橋光,0
2016-08-21,オリックス,楽天,4,4,,,0
2016-08-23,巨人,広島,1,0,澤村敗：ジャクソン,ジャクソン,0
2016-08-23,ヤクルト,中日,2,3,吉見敗：由規,由規,0
2016-08-23,DeNA,阪神,3,9,能見敗：井納,井納,0
2016-08-23,ロッテ,日本ハム,1,4,バース敗：スタンリッジ,スタンリッジ,0
2016-08-23,オリックス,西武,3,14,岸敗：西,西,0
2016-08-23,ソフトバンク,楽天,2,3,ミコライオ敗：サファテ,サファテ,0
2016-08-24,巨人,広島,3,7,福井敗：菅野,菅野,0
2016-08-24,ヤクルト,中日,5,2,小川敗：バルデス,バルデス,0
2016-08-24,DeNA,阪神,1,5,藤浪敗：久保康,久保康,0
2016-08-24,ロッテ,日本ハム,3,5,谷元敗：南,南,0
2016-08-24,オリックス,西武,2,6,多和田敗：東明,東明,0
2016-08-24,ソフトバンク,楽天,5,0,中田敗：塩見,塩見,0
2016-08-25,巨人,広島,4,6,一岡敗：澤村,澤村,0
2016-08-25,ヤクルト,中日,10,9,平井敗：福,福,0
2016-08-25,DeNA,阪神,3,9,メッセンジャー敗：ペトリック,ペトリック,0
2016-08-25,ロッテ,日本ハム,1,4,増井敗：古谷,古谷,0
2016-08-25,ソフトバンク,楽天,5,7,福山敗：スアレス,スアレス,0
2016-08-26,DeNA,巨人,11,5,石田敗：内海,内海,0
2016-08-26,中日,広島,2,3,ジャクソン敗：田島,田島,0
2016-08-26,阪神,ヤクルト,3,5,デイビーズ敗：岩崎,岩崎,0
2016-08-26,楽天,オリックス,4,3,ミコライオ敗：海田,海田,0
2016-08-26,西武,日本ハム,7,1,菊池敗：有原,有原,0
2016-08-26,ソフトバンク,ロッテ,11,3,和田敗：石川,石川,0
2016-08-27,DeNA,巨人,7,3,山口敗：大竹寛,大竹寛,0
2016-08-27,中日,広島,4,11,大瀬良敗：祖父江,祖父江,0
2016-08-27,阪神,ヤクルト,2,5,石川敗：青柳,青柳,0
2016-08-27,楽天,オリックス,7,6,青山敗：松葉,松葉,0
2016-08-27,西武,日本ハム,4,7,高梨敗：髙橋光,髙橋光,0
2016-08-27,ソフトバンク,ロッテ,14,3,千賀敗：関谷,関谷,0
2016-08-28,DeNA,巨人,6,5,田中敗：マシソン,マシソン,0
2016-08-28,中日,広島,7,5,大野敗：ヘーゲンズ,ヘーゲンズ,0
2016-08-28,阪神,ヤクルト,1,3,山中敗：岩貞,岩貞,0
2016-08-28,楽天,オリックス,4,13,山﨑福敗：辛島,辛島,0
2016-08-28,西武,日本ハム,4,3,ウルフ敗：加藤,加藤,0
2016-08-28,ソフトバンク,ロッテ,5,7,松永敗：スアレス,スアレス,0
2016-08-30,巨人,ヤクルト,5,2,菅野敗：杉浦,杉浦,0
2016-08-30,中日,阪神,9,3,バルデス敗：藤浪,藤浪,0
2016-08-30,広島,DeNA,8,2,ジョンソン敗：井納,井納,0
2016-08-30,日本ハム,楽天,2,9,菊池敗：バース,バース,0
2016-08-30,西武,ソフトバンク,3,6,武田敗：岸,岸,0
2016-08-30,ロッテ,オリックス,4,6,西敗：スタンリッジ,スタンリッジ,0
2016-08-31,巨人,ヤクルト,0,4,小川敗：田口,田口,0
2016-08-31,中日,阪神,1,0,吉見敗：メッセンジャー,メッセンジャー,0
2016-08-31,広島,DeNA,3,0,薮田敗：三嶋,三嶋,0
2016-08-31,日本ハム,楽天,4,13,塩見敗：メンドーサ,メンドーサ,0
2016-08-31,西武,ソフトバンク,8,7,大石敗：サファテ,サファテ,0
2016-08-31,ロッテ,オリックス,7,5,高野敗：東明,東明,0
2016-09-01,広島,DeNA,6,5,中﨑敗：田中,田中,0
2016-09-01,日本ハム,楽天,8,0,増井敗：美馬,美馬,0
2016-09-01,西武,ソフトバンク,2,9,東浜敗：十亀,十亀,0
2016-09-01,ロッテ,オリックス,6,4,チェン・グァンユウ敗：山田,山田,0
2016-09-02,巨人,中日,7,8,又吉敗：内海,内海,0
2016-09-02,ヤクルト,広島,2,5,野村敗：石川,石川,0
2016-09-02,阪神,DeNA,3,5,石田敗：秋山,秋山,0
2016-09-02,楽天,ソフトバンク,6,8,スアレス敗：松井裕,松井裕,0
2016-09-02,ロッテ,西武,1,1,,,0
2016-09-02,オリックス,日本ハム,5,2,松葉敗：有原,有原,0
2016-09-03,巨人,中日,1,5,小熊敗：大竹寛,大竹寛,0
2016-09-03,ヤクルト,広島,3,1,デイビーズ敗：黒田,黒田,0
2016-09-03,阪神,DeNA,2,3,山口敗：藤川,藤川,0
2016-09-03,楽天,ソフトバンク,1,7,千賀敗：安樂,安樂,0
2016-09-03,ロッテ,西武,9,8,関谷敗：誠,誠,0
2016-09-03,オリックス,日本ハム,4,12,高梨敗：ディクソン,ディクソン,0
2016-09-04,巨人,中日,3,5,小笠原敗：マイコラス,マイコラス,0
2016-09-04,ヤクルト,広島,3,4,ヘーゲンズ敗：山中,山中,0
2016-09-04,阪神,DeNA,3,1,岩貞敗：田中,田中,0
2016-09-04,楽天,ソフトバンク,5,1,辛島敗：山田,山田,0
2016-09-04,ロッテ,西武,2,4,ウルフ敗：涌井,涌井,0
2016-09-04,オリックス,日本ハム,7,7,,,0
2016-09-06,DeNA,ヤクルト,6,1,井納敗：由規,由規,0
2016-09-06,阪神,巨人,2,4,菅野敗：藤浪,藤浪,0
2016-09-06,広島,中日,4,1,ジョンソン敗：大野,大野,0
2016-09-06,日本ハム,ロッテ,,,,,1
2016-09-06,楽天,西武,7,4,福山敗：武隈,武隈,0
2016-09-06,ソフトバンク,オリックス,1,2,西敗：武田,武田,0
2016-09-07,DeNA,ヤクルト,7,3,三嶋敗：小川,小川,0
2016-09-07,阪神,巨人,2,3,田口敗：メッセンジャー,メッセンジャー,0
2016-09-07,広島,中日,5,0,薮田敗：吉見,吉見,0
2016-09-07,日本ハム,ロッテ,4,4,,,0
2016-09-07,楽天,西武,1,14,多和田敗：塩見,塩見,0
2016-09-07,ソフトバンク,オリックス,2,1,中田敗：山田,山田,0
2016-09-08,DeNA,ヤクルト,3,5,村中敗：田中,田中,0
2016-09-08,阪神,巨人,1,3,内海敗：青柳,青柳,0
2016-09-08,広島,中日,7,4,野村敗：ジョーダン,ジョーダン,0
2016-09-08,西武,ロッテ,2,8,石川敗：郭,郭,0
2016-09-08,オリックス,ソフトバンク,4,2,海田敗：和田,和田,0
2016-09-09,ヤクルト,巨人,2,5,大竹寛敗：デイビーズ,デイビーズ,0
2016-09-09,楽天,日本ハム,2,8,増井敗：則本,則本,0
2016-09-09,西武,ロッテ,8,1,菊池敗：関谷,関谷,0
2016-09-09,オリックス,ソフトバンク,4,3,佐藤達敗：森福,森福,0
2016-09-10,巨人,広島,4,6,黒田敗：マイコラス,マイコラス,0
2016-09-10,ヤクルト,阪神,9,1,杉浦敗：能見,能見,0
2016-09-10,中日,DeNA,0,1,山口敗：バルデス,バルデス,0
2016-09-10,楽天,日本ハム,4,7,バース敗：安樂,安樂,0
2016-09-10,ソフトバンク,西武,2,7,ウルフ敗：千賀,千賀,0
2016-09-11,巨人,広島,8,0,高木敗：ヘーゲンズ,ヘーゲンズ,0
2016-09-11,ヤクルト,阪神,0,5,岩貞敗：山中,山中,0
2016-09-11,中日,DeNA,4,2,又吉敗：三上,三上,0
2016-09-11,楽天,日本ハム,9,4,辛島敗：加藤,加藤,0
2016-09-11,オリックス,ロッテ,4,3,平野敗：益田,益田,0
2016-09-11,ソフトバンク,西武,8,5,攝津敗：佐野,佐野,0
2016-09-12,楽天,オリックス,11,2,美馬敗：赤間,赤間,0
2016-09-13,ヤクルト,DeNA,3,11,今永敗：小川,小川,0
2016-09-13,中日,広島,0,4,ジョンソン敗：大野,大野,0
2016-09-13,日本ハム,オリックス,4,2,バース敗：西,西,0
2016-09-13,楽天,ソフトバンク,,,,,1
2016-09-14,ヤクルト,DeNA,3,2,石川敗：井納,井納,0
2016-09-14,中日,巨人,5,4,又吉敗：田原誠,田原誠,0
2016-09-14,阪神,広島,4,6,九里敗：サターホワイト,サターホワイト,0
2016-09-14,日本ハム,オリックス,1,11,松葉敗：有原,有原,0
2016-09-14,楽天,ソフトバンク,0,13,武田敗：菊池,菊池,0
2016-09-14,ロッテ,西武,1,2,岸敗：内,内,0
2016-09-15,阪神,DeNA,6,8,須田敗：メッセンジャー,メッセンジャー,0
2016-09-15,広島,巨人,5,0,岡田敗：田口,田口,0
2016-09-15,日本ハム,オリックス,1,5,金子千尋敗：メンドーサ,メンドーサ,0
2016-09-15,楽天,ロッテ,0,3,石川敗：塩見,塩見,0
2016-09-16,巨人,ヤクルト,6,4,内海敗：デイビーズ,デイビーズ,0
2016-09-16,阪神,DeNA,2,1,秋山敗：三浦,三浦,0
2016-09-16,広島,中日,8,0,野村敗：バルデス,バルデス,0
2016-09-17,巨人,ヤクルト,2,5,村中敗：大竹寛,大竹寛,0
2016-09-17,阪神,DeNA,3,6,モスコーソ敗：能見,能見,0
2016-09-17,広島,中日,3,5,小熊敗：ヘーゲンズ,ヘーゲンズ,0
2016-09-17,日本ハム,ロッテ,14,6,増井敗：関谷,関谷,0
2016-09-17,西武,楽天,3,1,菊池敗：則本,則本,0
2016-09-17,ソフトバンク,オリックス,6,3,和田敗：ディクソン,ディクソン,0
2016-09-18,ヤクルト,中日,1,8,小笠原敗：山中,山中,0
2016-09-18,DeNA,広島,6,3,田中敗：大瀬良,大瀬良,0
2016-09-18,阪神,巨人,,,,,1
2016-09-18,日本ハム,ロッテ,4,2,高梨敗：涌井,涌井,0
2016-09-18,西武,楽天,2,10,安樂敗：本田,本田,0
2016-09-18,ソフトバンク,オリックス,8,5,バンデンハーク敗：山田,山田,0
2016-09-19,DeNA,広島,3,1,今永敗：塹江,塹江,0
2016-09-19,阪神,巨人,4,1,岩貞敗：高木,高木,0
2016-09-19,日本ハム,ロッテ,3,1,加藤敗：二木,二木,0
2016-09-19,西武,楽天,5,2,多和田敗：辛島,辛島,0
2016-09-19,ソフトバンク,オリックス,3,3,,,0
2016-09-20,阪神,巨人,,,,,1
2016-09-20,ロッテ,楽天,,,,,1
2016-09-20,オリックス,西武,1,11,野上敗：青山,青山,0
2016-09-21,巨人,中日,5,2,マイコラス敗：大野,大野,0
2016-09-21,ロッテ,楽天,2,0,スタンリッジ敗：美馬,美馬,0
2016-09-21,オリックス,西武,5,2,吉田一敗：牧田,牧田,0
2016-09-21,ソフトバンク,日本ハム,1,2,大谷敗：千賀,千賀,0
2016-09-22,巨人,中日,4,3,澤村敗：田島,田島,0
2016-09-22,DeNA,ヤクルト,,,,,1
2016-09-22,広島,阪神,1,4,藤浪敗：ジョンソン,ジョンソン,0
2016-09-22,ロッテ,楽天,,,,,1
2016-09-22,オリックス,西武,3,5,ウルフ敗：金子千尋,金子千尋,0
2016-09-22,ソフトバンク,日本ハム,2,5,有原敗：武田,武田,0
2016-09-23,巨人,DeNA,4,12,砂田敗：田口,田口,0
2016-09-23,日本ハム,楽天,2,4,釜田敗：メンドーサ,メンドーサ,0
2016-09-23,西武,ソフトバンク,0,8,東浜敗：菊池,菊池,0
2016-09-24,DeNA,巨人,6,5,田中敗：マシソン,マシソン,0
2016-09-24,中日,阪神,0,2,メッセンジャー敗：吉見,吉見,0
2016-09-24,広島,ヤクルト,5,0,野村敗：小川,小川,0
2016-09-24,日本ハム,楽天,4,1,増井敗：則本,則本,0
2016-09-24,西武,ソフトバンク,3,4,中田敗：誠,誠,0
2016-09-24,ロッテ,オリックス,4,3,南敗：海田,海田,0
2016-09-25,中日,阪神,1,4,岩貞敗：小笠原,小笠原,0
2016-09-25,広島,ヤクルト,,,,,1
2016-09-25,日本ハム,楽天,2,1,鍵谷敗：福山,福山,0
2016-09-25,西武,ソフトバンク,7,5,藤原敗：バンデンハーク,バンデンハーク,0
2016-09-25,ロッテ,オリックス,0,2,山田敗：唐川,唐川,0
2016-09-26,ロッテ,ソフトバンク,3,2,南敗：スアレス,スアレス,0
2016-09-26,オリックス,日本ハム,3,4,加藤敗：東明,東明,0
2016-09-27,巨人,中日,5,1,澤村敗：田島,田島,0
2016-09-27,阪神,ヤクルト,4,3,サターホワイト敗：ルーキ,ルーキ,0
2016-09-27,西武,日本ハム,3,0,岸敗：吉川,吉川,0
2016-09-27,ロッテ,ソフトバンク,2,3,森福敗：田中靖,田中靖,0
2016-09-27,オリックス,楽天,10,3,松葉敗：辛島,辛島,0
2016-09-28,巨人,中日,3,2,田原誠敗：祖父江,祖父江,0
2016-09-28,ヤクルト,DeNA,6,5,石川敗：今永,今永,0
2016-09-28,西武,日本ハム,0,1,大谷敗：菊池,菊池,0
2016-09-28,ロッテ,ソフトバンク,5,10,武田敗：二木,二木,0
2016-09-28,オリックス,楽天,6,5,西敗：金刃,金刃,0
2016-09-29,巨人,広島,3,5,福井敗：田口,田口,0
2016-09-29,DeNA,ヤクルト,6,11,石山敗：三浦,三浦,0
2016-09-29,オリックス,楽天,2,10,塩見敗：金子千尋,金子千尋,0
2016-09-30,阪神,巨人,2,1,金田敗：澤村,澤村,0
2016-09-30,日本ハム,ロッテ,3,1,増井敗：チェン・グァンユウ,チェン・グァンユウ,0
2016-09-30,ソフトバンク,楽天,8,2,中田敗：釜田,釜田,0
2016-10-01,阪神,巨人,6,0,岩貞敗：大竹寛,大竹寛,0
2016-10-01,広島,ヤクルト,3,1,黒田敗：小川,小川,0
2016-10-01,楽天,オリックス,8,1,安樂敗：ディクソン,ディクソン,0
2016-10-02,楽天,ソフトバンク,7,0,則本敗：バンデンハーク,バンデンハーク,0
2016-10-04,ロッテ,楽天,4,2,唐川敗：美馬,美馬,0
2016-10-05,ロッテ,楽天,7,1,スタンリッジ敗：塩見,塩見,0
2017-03-31,巨人,中日,6,2,マイコラス敗：大野,大野,0
2017-03-31,ヤクルト,DeNA,9,2,石川敗：石田,石田,0
2017-03-31,広島,阪神,6,10,メッセンジャー敗：ジョンソン,ジョンソン,0
2017-03-31,日本ハム,西武,1,8,菊池敗：有原,有原,0
2017-03-31,オリックス,楽天,4,6,松井裕敗：澤田,澤田,0
2017-03-31,ソフトバンク,ロッテ,3,1,和田敗：涌井,涌井,0
2017-04-01,巨人,中日,4,2,山口鉄敗：田島,田島,0
2017-04-01,ヤクルト,DeNA,1,6,クライン敗：小川,小川,0
2017-04-01,広島,阪神,9,8,中﨑敗：ドリス,ドリス,0
2017-04-01,日本ハム,西武,3,1,メンドーサ敗：野上,野上,0
2017-04-01,オリックス,楽天,4,13,辛島敗：コーク,コーク,0
2017-04-01,ソフトバンク,ロッテ,4,1,中田敗：西野,西野,0
2017-04-02,巨人,中日,6,3,大竹寛敗：吉見,吉見,0
2017-04-02,ヤクルト,DeNA,8,4,秋吉敗：田中健,田中健,0
2017-04-02,広島,阪神,9,1,九里敗：能見,能見,0
2017-04-02,日本ハム,西武,3,6,ウルフ敗：エスコバー,エスコバー,0
2017-04-02,オリックス,楽天,4,5,福山敗：平野,平野,0
2017-04-02,ソフトバンク,ロッテ,5,3,五十嵐敗：唐川,唐川,0
2017-04-04,DeNA,巨人,2,5,菅野敗：三上,三上,0
2017-04-04,中日,広島,1,7,野村敗：若松,若松,0
2017-04-04,阪神,ヤクルト,1,3,ブキャナン敗：藤浪,藤浪,0
2017-04-04,楽天,ソフトバンク,7,1,則本敗：千賀,千賀,0
2017-04-04,西武,オリックス,3,7,ディクソン敗：多和田,多和田,0
2017-04-04,ロッテ,日本ハム,1,6,高梨敗：石川,石川,0
2017-04-05,DeNA,巨人,2,4,内海敗：井納,井納,0
2017-04-05,中日,広島,3,3,,,0
2017-04-05,阪神,ヤクルト,4,1,桑原敗：ルーキ,ルーキ,0
2017-04-05,楽天,ソフトバンク,4,15,武田敗：釜田,釜田,0
2017-04-05,西武,オリックス,0,2,松葉敗：髙橋光,髙橋光,0
2017-04-05,ロッテ,日本ハム,7,6,大嶺祐敗：宮西,宮西,0
2017-04-06,DeNA,巨人,4,2,パットン敗：山口鉄,山口鉄,0
2017-04-06,中日,広島,3,5,薮田敗：岡田,岡田,0
2017-04-06,阪神,ヤクルト,5,4,藤川敗：杉浦,杉浦,0
2017-04-06,楽天,ソフトバンク,3,1,高梨敗：バンデンハーク,バンデンハーク,0
2017-04-06,ロッテ,日本ハム,5,1,佐々木敗：斎藤佑樹,斎藤佑樹,0
2017-04-07,中日,DeNA,7,5,又吉敗：須田,須田,0
2017-04-07,阪神,巨人,3,5,マイコラス敗：岩貞,岩貞,0
2017-04-07,広島,ヤクルト,4,1,加藤敗：石川,石川,0
2017-04-07,西武,ソフトバンク,2,4,和田敗：菊池,菊池,0
2017-04-07,オリックス,日本ハム,4,2,金子千尋敗：上沢,上沢,0
2017-04-08,中日,DeNA,1,1,,,0
2017-04-08,阪神,巨人,,,,,1
2017-04-08,広島,ヤクルト,2,1,岡田敗：小川,小川,0
2017-04-08,西武,ソフトバンク,6,1,野上敗：中田,中田,0
2017-04-08,ロッテ,楽天,4,7,美馬敗：涌井,涌井,0
2017-04-08,オリックス,日本ハム,8,1,コーク敗：有原,有原,0
2017-04-09,中日,DeNA,1,2,濵口敗：吉見,吉見,0
2017-04-09,阪神,巨人,4,3,マテオ敗：森福,森福,0
2017-04-09,広島,ヤクルト,6,2,九里敗：星,星,0
2017-04-09,西武,ソフトバンク,4,2,ウルフ敗：東浜,東浜,0
2017-04-09,ロッテ,楽天,1,4,岸敗：唐川,唐川,0
2017-04-09,オリックス,日本ハム,2,0,西敗：メンドーサ,メンドーサ,0
2017-04-11,巨人,広島,6,9,中田敗：森福,森福,0
2017-04-11,ヤクルト,中日,,,,,1
2017-04-11,DeNA,阪神,,,,,1
2017-04-11,日本ハム,ソフトバンク,0,3,千賀敗：高梨,高梨,0
2017-04-11,楽天,西武,,,,,1
2017-04-11,オリックス,ロッテ,11,1,ディクソン敗：石川,石川,0
2017-04-12,巨人,広島,5,9,床田敗：内海,内海,0
2017-04-12,ヤクルト,中日,2,5,三ツ間敗：星,星,0
2017-04-12,DeNA,阪神,6,8,秋山敗：今永,今永,0
2017-04-12,日本ハム,ソフトバンク,4,3,加藤敗：武田,武田,0
2017-04-12,楽天,西武,5,10,大石敗：則本,則本,0
2017-04-12,オリックス,ロッテ,4,6,スタンリッジ敗：松葉,松葉,0
2017-04-13,巨人,広島,5,11,ブレイシア敗：カミネロ,カミネロ,0
2017-04-13,ヤクルト,中日,3,2,秋吉敗：岩瀬,岩瀬,0
2017-04-13,DeNA,阪神,1,4,藤浪敗：山﨑康,山﨑康,0
2017-04-13,日本ハム,ソフトバンク,3,2,鍵谷敗：バンデンハーク,バンデンハーク,0
2017-04-13,オリックス,ロッテ,2,3,西野敗：山岡,山岡,0
2017-04-14,DeNA,ヤクルト,4,3,パットン敗：ルーキ,ルーキ,0
2017-04-14,中日,巨人,3,2,佐藤敗：宮國,宮國,0
2017-04-14,阪神,広島,4,2,メッセンジャー敗：加藤,加藤,0
2017-04-14,楽天,日本ハム,3,2,釜田敗：吉田,吉田,0
2017-04-14,ロッテ,西武,2,3,大石敗：益田,益田,0
2017-04-14,ソフトバンク,オリックス,0,9,金子千尋敗：中田,中田,0
2017-04-15,DeNA,ヤクルト,2,7,小川敗：石田,石田,0
2017-04-15,中日,巨人,2,6,田口敗：若松,若松,0
2017-04-15,阪神,広島,1,7,岡田敗：青柳,青柳,0
2017-04-15,楽天,日本ハム,4,2,美馬敗：有原,有原,0
2017-04-15,ロッテ,西武,1,0,涌井敗：野上,野上,0
2017-04-15,ソフトバンク,オリックス,6,7,山﨑福敗：石川,石川,0
2017-04-16,DeNA,ヤクルト,6,3,クライン敗：オーレンドルフ,オーレンドルフ,0
2017-04-16,中日,巨人,0,2,大竹寛敗：吉見,吉見,0
2017-04-16,阪神,広島,2,1,マテオ敗：九里,九里,0
2017-04-16,楽天,日本ハム,4,3,松井裕敗：鍵谷,鍵谷,0
2017-04-16,ロッテ,西武,2,10,ウルフ敗：唐川,唐川,0
2017-04-16,ソフトバンク,オリックス,,,,,1
2017-04-18,巨人,ヤクルト,3,0,菅野敗：山中,山中,0
2017-04-18,中日,阪神,1,3,岩貞敗：岩瀬,岩瀬,0
2017-04-18,広島,DeNA,4,3,中田敗：パットン,パットン,0
2017-04-18,日本ハム,オリックス,1,3,ディクソン敗：高梨,高梨,0
2017-04-18,西武,楽天,0,2,辛島敗：髙橋光,髙橋光,0
2017-04-18,ロッテ,ソフトバンク,3,10,千賀敗：石川,石川,0
2017-04-19,巨人,ヤクルト,1,0,篠原敗：ブキャナン,ブキャナン,0
2017-04-19,中日,阪神,4,3,田島敗：松田,松田,0
2017-04-19,広島,DeNA,0,4,今永敗：床田,床田,0
2017-04-19,西武,楽天,5,4,武隈敗：森原,森原,0
2017-04-19,ロッテ,ソフトバンク,0,2,東浜敗：スタンリッジ,スタンリッジ,0
2017-04-20,中日,阪神,5,2,祖父江敗：青柳,青柳,0
2017-04-20,広島,DeNA,3,5,三上敗：今村,今村,0
2017-04-20,日本ハム,オリックス,4,8,金子千尋敗：加藤,加藤,0
2017-04-20,ロッテ,ソフトバンク,0,4,バンデンハーク敗：佐々木,佐々木,0
2017-04-21,巨人,阪神,1,4,メッセンジャー敗：マイコラス,マイコラス,0
2017-04-21,ヤクルト,広島,3,1,石川敗：加藤,加藤,0
2017-04-21,DeNA,中日,2,2,,,0
2017-04-21,西武,日本ハム,9,0,菊池敗：上沢,上沢,0
2017-04-21,ソフトバンク,楽天,4,3,五十嵐敗：青山,青山,0
2017-04-22,巨人,阪神,4,1,田口敗：能見,能見,0
2017-04-22,ヤクルト,広島,1,0,小川敗：岡田,岡田,0
2017-04-22,DeNA,中日,11,4,石田敗：若松,若松,0
2017-04-22,西武,日本ハム,9,1,野上敗：有原,有原,0
2017-04-22,ロッテ,オリックス,3,4,西敗：涌井,涌井,0
2017-04-22,ソフトバンク,楽天,2,11,美馬敗：大隣,大隣,0
2017-04-23,巨人,阪神,1,2,横山敗：内海,内海,0
2017-04-23,ヤクルト,広島,4,7,一岡敗：石山,石山,0
2017-04-23,DeNA,中日,0,1,バルデス敗：クライン,クライン,0
2017-04-23,西武,日本ハム,12,3,武隈敗：メンドーサ,メンドーサ,0
2017-04-23,ロッテ,オリックス,2,0,唐川敗：山岡,山岡,0
2017-04-23,ソフトバンク,楽天,1,2,戸村敗：寺原,寺原,0
2017-04-25,中日,ヤクルト,4,2,ジョーダン敗：山中,山中,0
2017-04-25,阪神,DeNA,0,1,濵口敗：秋山,秋山,0
2017-04-25,広島,巨人,0,1,菅野敗：野村,野村,0
2017-04-25,楽天,ロッテ,4,2,辛島敗：西野,西野,0
2017-04-25,オリックス,西武,5,4,ディクソン敗：多和田,多和田,0
2017-04-25,ソフトバンク,日本ハム,7,5,千賀敗：谷元,谷元,0
2017-04-26,中日,ヤクルト,7,8,秋吉敗：岩瀬,岩瀬,0
2017-04-26,阪神,DeNA,,,,,1
2017-04-26,広島,巨人,7,6,福井敗：大竹寛,大竹寛,0
2017-04-26,楽天,ロッテ,11,7,則本敗：スタンリッジ,スタンリッジ,0
2017-04-26,オリックス,西武,4,3,金子千尋敗：髙橋光,髙橋光,0
2017-04-26,ソフトバンク,日本ハム,4,1,東浜敗：村田,村田,0
2017-04-27,中日,ヤクルト,2,0,又吉敗：原樹,原樹,0
2017-04-27,阪神,DeNA,5,2,藤浪敗：井納,井納,0
2017-04-27,広島,巨人,1,0,大瀬良敗：宮國,宮國,0
2017-04-27,オリックス,西武,3,2,平野敗：増田,増田,0
2017-04-27,ソフトバンク,日本ハム,4,5,増井敗：森,森,0
2017-04-28,ヤクルト,巨人,0,7,マイコラス敗：石川,石川,0
2017-04-28,DeNA,広島,9,3,ウィーランド敗：加藤,加藤,0
2017-04-28,阪神,中日,6,0,メッセンジャー敗：大野,大野,0
2017-04-28,西武,ロッテ,2,2,,,0
2017-04-28,オリックス,ソフトバンク,1,3,中田敗：西,西,0
2017-04-29,ヤクルト,巨人,2,1,小川敗：篠原,篠原,0
2017-04-29,DeNA,広島,1,6,岡田敗：今永,今永,0
2017-04-29,阪神,中日,3,6,三ツ間敗：ドリス,ドリス,0
2017-04-29,日本ハム,楽天,3,2,増井敗：松井裕,松井裕,0
2017-04-29,西武,ロッテ,3,6,二木敗：野上,野上,0
2017-04-29,オリックス,ソフトバンク,6,4,コーク敗：攝津,攝津,0
2017-04-30,ヤクルト,巨人,3,2,ルーキ敗：池田,池田,0
2017-04-30,DeNA,広島,10,9,久保敗：九里,九里,0
2017-04-30,阪神,中日,3,2,桑原敗：祖父江,祖父江,0
2017-04-30,日本ハム,楽天,1,2,森原敗：増井,増井,0
2017-04-30,西武,ロッテ,2,1,ウルフ敗：唐川,唐川,0
2017-04-30,オリックス,ソフトバンク,1,2,岩嵜敗：平野,平野,0
2017-05-02,巨人,DeNA,5,0,菅野敗：濵口,濵口,0
2017-05-02,ヤクルト,阪神,4,1,ブキャナン敗：秋山,秋山,0
2017-05-02,広島,中日,5,2,野村敗：鈴木,鈴木,0
2017-05-02,日本ハム,ロッテ,11,0,高梨敗：西野,西野,0
2017-05-02,楽天,オリックス,1,4,金子千尋敗：辛島,辛島,0
2017-05-02,ソフトバンク,西武,14,4,千賀敗：キャンデラリオ,キャンデラリオ,0
2017-05-03,巨人,DeNA,4,1,大竹寛敗：水野,水野,0
2017-05-03,ヤクルト,阪神,4,8,岩貞敗：山中,山中,0
2017-05-03,広島,中日,7,4,中村祐敗：吉見,吉見,0
2017-05-03,日本ハム,ロッテ,2,1,増井敗：益田,益田,0
2017-05-03,楽天,オリックス,4,2,則本敗：松葉,松葉,0
2017-05-03,ソフトバンク,西武,6,2,東浜敗：髙橋光,髙橋光,0
2017-05-04,巨人,DeNA,2,5,ウィーランド敗：宮國,宮國,0
2017-05-04,ヤクルト,阪神,1,7,藤浪敗：石川,石川,0
2017-05-04,広島,中日,8,7,ブレイシア敗：三ツ間,三ツ間,0
2017-05-04,日本ハム,ロッテ,6,4,加藤敗：佐々木,佐々木,0
2017-05-04,楽天,オリックス,2,1,菅原敗：ディクソン,ディクソン,0
2017-05-04,ソフトバンク,西武,9,6,バンデンハーク敗：十亀,十亀,0
2017-05-05,DeNA,ヤクルト,6,1,井納敗：由規,由規,0
2017-05-05,中日,巨人,2,3,マイコラス敗：バルデス,バルデス,0
2017-05-05,阪神,広島,8,5,岩崎敗：一岡,一岡,0
2017-05-05,西武,楽天,7,1,菊池敗：釜田,釜田,0
2017-05-05,ロッテ,ソフトバンク,2,3,中田敗：益田,益田,0
2017-05-05,オリックス,日本ハム,2,6,浦野敗：西,西,0
2017-05-06,DeNA,ヤクルト,6,5,砂田敗：秋吉,秋吉,0
2017-05-06,中日,巨人,1,6,田口敗：大野,大野,0
2017-05-06,阪神,広島,12,9,髙橋敗：薮田,薮田,0
2017-05-06,西武,楽天,2,10,美馬敗：野上,野上,0
2017-05-06,ロッテ,ソフトバンク,4,1,二木敗：攝津,攝津,0
2017-05-06,オリックス,日本ハム,2,5,有原敗：コーク,コーク,0
2017-05-07,DeNA,ヤクルト,5,12,星敗：久保,久保,0
2017-05-07,中日,巨人,8,1,ジョーダン敗：内海,内海,0
2017-05-07,阪神,広島,6,0,能見敗：九里,九里,0
2017-05-07,西武,楽天,2,3,岸敗：ウルフ,ウルフ,0
2017-05-07,ロッテ,ソフトバンク,2,8,寺原敗：唐川,唐川,0
2017-05-07,オリックス,日本ハム,4,3,赤間敗：榎下,榎下,0
2017-05-09,巨人,阪神,2,4,秋山敗：菅野,菅野,0
2017-05-09,ヤクルト,広島,3,2,近藤敗：中田,中田,0
2017-05-09,中日,DeNA,8,3,鈴木敗：濵口,濵口,0
2017-05-09,日本ハム,西武,2,7,髙橋光敗：高梨,高梨,0
2017-05-09,楽天,ロッテ,4,6,チェン・グァンユウ敗：辛島,辛島,0
2017-05-09,ソフトバンク,オリックス,2,1,千賀敗：金子千尋,金子千尋,0
2017-05-10,巨人,阪神,9,7,大竹寛敗：岩貞,岩貞,0
2017-05-10,ヤクルト,広島,7,8,薮田敗：ルーキ,ルーキ,0
2017-05-10,中日,DeNA,1,3,平良敗：小笠原,小笠原,0
2017-05-10,日本ハム,西武,2,1,加藤敗：十亀,十亀,0
2017-05-10,楽天,ロッテ,5,0,則本敗：スタンリッジ,スタンリッジ,0
2017-05-10,ソフトバンク,オリックス,3,2,五十嵐敗：海田,海田,0
2017-05-11,ヤクルト,広島,12,3,石川敗：福井,福井,0
2017-05-11,中日,DeNA,3,4,ウィーランド敗：岡田,岡田,0
2017-05-11,楽天,ロッテ,4,1,釜田敗：佐々木,佐々木,0
2017-05-11,ソフトバンク,オリックス,7,0,バンデンハーク敗：ディクソン,ディクソン,0
2017-05-12,DeNA,阪神,1,4,メッセンジャー敗：井納,井納,0
2017-05-12,広島,巨人,,,,,1
2017-05-12,日本ハム,ロッテ,15,1,浦野敗：涌井,涌井,0
2017-05-12,オリックス,西武,0,11,菊池敗：西,西,0
2017-05-13,ヤクルト,中日,3,4,アラウホ敗：秋吉,秋吉,0
2017-05-13,DeNA,阪神,,,,,1
2017-05-13,広島,巨人,11,2,岡田敗：マイコラス,マイコラス,0
2017-05-13,日本ハム,ロッテ,11,6,有原敗：有吉,有吉,0
2017-05-13,オリックス,西武,2,8,佐野敗：コーク,コーク,0
2017-05-13,ソフトバンク,楽天,3,2,中田敗：美馬,美馬,0
2017-05-14,ヤクルト,中日,5,1,秋吉敗：大野,大野,0
2017-05-14,DeNA,阪神,2,4,マテオ敗：パットン,パットン,0
2017-05-14,広島,巨人,8,1,九里敗：田口,田口,0
2017-05-14,日本ハム,ロッテ,4,2,エスコバー敗：唐川,唐川,0
2017-05-14,オリックス,西武,1,6,ウルフ敗：山岡,山岡,0
2017-05-14,ソフトバンク,楽天,2,9,岸敗：寺原,寺原,0
2017-05-16,巨人,ヤクルト,5,1,菅野敗：ブキャナン,ブキャナン,0
2017-05-16,阪神,中日,8,1,秋山敗：鈴木,鈴木,0
2017-05-16,広島,DeNA,10,1,野村敗：濵口,濵口,0
2017-05-16,楽天,日本ハム,6,4,辛島敗：高梨,高梨,0
2017-05-16,ロッテ,西武,2,3,野上敗：チェン・グァンユウ,チェン・グァンユウ,0
2017-05-16,オリックス,ソフトバンク,3,2,黒木敗：森,森,0
2017-05-17,巨人,ヤクルト,0,7,由規敗：大竹寛,大竹寛,0
2017-05-17,阪神,中日,2,1,マテオ敗：バルデス,バルデス,0
2017-05-17,広島,DeNA,4,5,山﨑康敗：一岡,一岡,0
2017-05-17,楽天,日本ハム,15,6,則本敗：加藤,加藤,0
2017-05-17,ロッテ,西武,4,8,髙橋光敗：大嶺祐,大嶺祐,0
2017-05-17,オリックス,ソフトバンク,3,6,東浜敗：松葉,松葉,0
2017-05-18,巨人,ヤクルト,0,1,石川敗：宮國,宮國,0
2017-05-18,阪神,中日,1,2,ジョーダン敗：メッセンジャー,メッセンジャー,0
2017-05-18,広島,DeNA,9,2,中村祐敗：平良,平良,0
2017-05-18,ロッテ,西武,1,5,十亀敗：佐々木,佐々木,0
2017-05-18,オリックス,ソフトバンク,2,7,五十嵐敗：吉田一,吉田一,0
2017-05-19,ヤクルト,阪神,4,2,原樹敗：岩貞,岩貞,0
2017-05-19,DeNA,巨人,3,5,マシソン敗：須田,須田,0
2017-05-19,中日,広島,5,3,佐藤敗：ジャクソン,ジャクソン,0
2017-05-19,日本ハム,オリックス,7,2,浦野敗：山田,山田,0
2017-05-19,西武,ソフトバンク,1,2,バンデンハーク敗：菊池,菊池,0
2017-05-19,ロッテ,楽天,4,3,内敗：森原,森原,0
2017-05-20,ヤクルト,阪神,8,3,小川敗：藤浪,藤浪,0
2017-05-20,DeNA,巨人,6,4,加賀敗：内海,内海,0
2017-05-20,中日,広島,2,1,又吉敗：九里,九里,0
2017-05-20,日本ハム,オリックス,7,3,有原敗：山﨑福,山﨑福,0
2017-05-20,西武,ソフトバンク,7,5,佐野敗：中田,中田,0
2017-05-20,ロッテ,楽天,0,2,福山敗：土肥,土肥,0
2017-05-21,ヤクルト,阪神,4,5,桑原敗：ルーキ,ルーキ,0
2017-05-21,DeNA,巨人,0,4,田口敗：今永,今永,0
2017-05-21,中日,広島,7,4,吉見敗：福井,福井,0
2017-05-21,日本ハム,オリックス,4,1,メンドーサ敗：山岡,山岡,0
2017-05-21,西武,ソフトバンク,7,6,増田敗：岩嵜,岩嵜,0
2017-05-21,ロッテ,楽天,3,2,大谷敗：岸,岸,0
2017-05-23,DeNA,中日,9,4,藤岡敗：バルデス,バルデス,0
2017-05-23,阪神,巨人,0,1,菅野敗：秋山,秋山,0
2017-05-23,広島,ヤクルト,3,2,薮田敗：ブキャナン,ブキャナン,0
2017-05-23,西武,日本ハム,2,0,野上敗：加藤,加藤,0
2017-05-23,オリックス,楽天,6,10,辛島敗：金子千尋,金子千尋,0
2017-05-23,ソフトバンク,ロッテ,6,1,東浜敗：石川,石川,0
2017-05-24,DeNA,中日,2,4,鈴木敗：ウィーランド,ウィーランド,0
2017-05-24,阪神,巨人,1,3,森福敗：桑原,桑原,0
2017-05-24,広島,ヤクルト,6,1,大瀬良敗：石川,石川,0
2017-05-24,オリックス,楽天,,,,,1
2017-05-24,ソフトバンク,ロッテ,10,4,五十嵐敗：有吉,有吉,0
2017-05-25,DeNA,中日,13,5,熊原敗：ジョーダン,ジョーダン,0
2017-05-25,阪神,巨人,6,1,メッセンジャー敗：大竹寛,大竹寛,0
2017-05-25,西武,日本ハム,8,5,ガルセス敗：谷元,谷元,0
2017-05-25,オリックス,楽天,1,4,則本敗：ディクソン,ディクソン,0
2017-05-25,ソフトバンク,ロッテ,7,12,佐々木敗：中田,中田,0
2017-05-26,巨人,広島,2,7,岡田敗：マイコラス,マイコラス,0
2017-05-26,中日,ヤクルト,3,2,福谷敗：秋吉,秋吉,0
2017-05-26,阪神,DeNA,2,5,井納敗：藤浪,藤浪,0
2017-05-26,日本ハム,ソフトバンク,7,5,高梨敗：バンデンハーク,バンデンハーク,0
2017-05-26,楽天,西武,1,5,菊池敗：森原,森原,0
2017-05-26,ロッテ,オリックス,5,4,内敗：平野,平野,0
2017-05-27,巨人,広島,0,9,九里敗：宮國,宮國,0
2017-05-27,中日,ヤクルト,4,2,岩瀬敗：石山,石山,0
2017-05-27,阪神,DeNA,9,2,青柳敗：クライン,クライン,0
2017-05-27,日本ハム,ソフトバンク,8,13,森敗：有原,有原,0
2017-05-27,楽天,西武,6,1,美馬敗：佐野,佐野,0
2017-05-27,ロッテ,オリックス,2,1,二木敗：松葉,松葉,0
2017-05-28,巨人,広島,2,3,今村敗：カミネロ,カミネロ,0
2017-05-28,中日,ヤクルト,1,7,星敗：バルデス,バルデス,0
2017-05-28,阪神,DeNA,2,6,今永敗：小野,小野,0
2017-05-28,日本ハム,ソフトバンク,1,6,千賀敗：メンドーサ,メンドーサ,0
2017-05-28,楽天,西武,13,2,岸敗：誠,誠,0
2017-05-28,ロッテ,オリックス,1,2,山岡敗：関谷,関谷,0
2017-05-30,日本ハム,DeNA,0,3,濵口敗：加藤,加藤,0
2017-05-30,楽天,巨人,13,5,戸村敗：菅野,菅野,0
2017-05-30,西武,広島,0,5,薮田敗：野上,野上,0
2017-05-30,ロッテ,阪神,7,15,秋山敗：石川,石川,0
2017-05-30,オリックス,ヤクルト,9,1,金子千尋敗：ブキャナン,ブキャナン,0
2017-05-30,ソフトバンク,中日,10,2,東浜敗：吉見,吉見,0
2017-05-31,日本ハム,DeNA,6,1,斎藤佑樹敗：熊原,熊原,0
2017-05-31,楽天,巨人,6,0,塩見敗：吉川光,吉川光,0
2017-05-31,西武,広島,4,9,大瀬良敗：ガルセス,ガルセス,0
2017-05-31,ロッテ,阪神,0,5,能見敗：チェン・グァンユウ,チェン・グァンユウ,0
2017-05-31,オリックス,ヤクルト,2,1,小林敗：ギルメット,ギルメット,0
2017-05-31,ソフトバンク,中日,7,2,石川敗：大野,大野,0
2017-06-01,日本ハム,DeNA,5,3,中村敗：井納,井納,0
2017-06-01,楽天,巨人,3,2,則本敗：森福,森福,0
2017-06-01,西武,広島,4,2,十亀敗：岡田,岡田,0
2017-06-01,ロッテ,阪神,8,1,唐川敗：メッセンジャー,メッセンジャー,0
2017-06-01,オリックス,ヤクルト,3,2,ディクソン敗：由規,由規,0
2017-06-01,ソフトバンク,中日,1,5,鈴木敗：中田,中田,0
2017-06-02,巨人,オリックス,5,6,黒木敗：今村,今村,0
2017-06-02,ヤクルト,西武,2,3,菊池敗：原樹,原樹,0
2017-06-02,DeNA,ソフトバンク,4,6,バンデンハーク敗：クライン,クライン,0
2017-06-02,中日,楽天,6,3,小笠原敗：古川,古川,0
2017-06-02,阪神,日本ハム,2,4,玉井敗：ドリス,ドリス,0
2017-06-02,広島,ロッテ,4,5,松永敗：ブレイシア,ブレイシア,0
2017-06-03,巨人,オリックス,4,5,松葉敗：田口,田口,0
2017-06-03,ヤクルト,西武,2,11,佐野敗：館山,館山,0
2017-06-03,DeNA,ソフトバンク,3,7,松本裕敗：平良,平良,0
2017-06-03,中日,楽天,1,5,美馬敗：柳,柳,0
2017-06-03,阪神,日本ハム,4,2,青柳敗：メンドーサ,メンドーサ,0
2017-06-03,広島,ロッテ,6,5,一岡敗：松永,松永,0
2017-06-04,巨人,オリックス,1,3,山岡敗：宮國,宮國,0
2017-06-04,ヤクルト,西武,8,8,,,0
2017-06-04,DeNA,ソフトバンク,5,3,今永敗：千賀,千賀,0
2017-06-04,中日,楽天,2,0,ジョーダン敗：岸,岸,0
2017-06-04,阪神,日本ハム,4,3,マテオ敗：エスコバー,エスコバー,0
2017-06-04,広島,ロッテ,7,1,中村祐敗：佐々木,佐々木,0
2017-06-06,日本ハム,広島,3,4,薮田敗：宮西,宮西,0
2017-06-06,楽天,DeNA,1,9,濵口敗：辛島,辛島,0
2017-06-06,西武,巨人,8,5,牧田敗：桜井,桜井,0
2017-06-06,ロッテ,中日,0,3,又吉敗：石川,石川,0
2017-06-06,オリックス,阪神,4,11,秋山敗：金子千尋,金子千尋,0
2017-06-06,ソフトバンク,ヤクルト,2,1,岩嵜敗：山本,山本,0
2017-06-07,日本ハム,広島,3,8,大瀬良敗：斎藤佑樹,斎藤佑樹,0
2017-06-07,楽天,DeNA,6,10,熊原敗：森,森,0
2017-06-07,西武,巨人,3,0,岡本敗：吉川光,吉川光,0
2017-06-07,ロッテ,中日,2,4,大野敗：有吉,有吉,0
2017-06-07,オリックス,阪神,5,4,平野敗：マテオ,マテオ,0
2017-06-07,ソフトバンク,ヤクルト,4,1,石川敗：石川,石川,0
2017-06-08,日本ハム,広島,3,5,岡田敗：浦野,浦野,0
2017-06-08,楽天,DeNA,8,2,則本敗：三嶋,三嶋,0
2017-06-08,西武,巨人,13,2,十亀敗：池田,池田,0
2017-06-08,ロッテ,中日,9,5,大嶺祐敗：鈴木,鈴木,0
2017-06-08,オリックス,阪神,2,3,メッセンジャー敗：ディクソン,ディクソン,0
2017-06-08,ソフトバンク,ヤクルト,15,0,中田敗：中尾,中尾,0
2017-06-09,日本ハム,巨人,1,2,マイコラス敗：高梨,高梨,0
2017-06-09,楽天,広島,3,12,ジョンソン敗：戸村,戸村,0
2017-06-09,西武,DeNA,3,4,パットン敗：増田,増田,0
2017-06-09,ロッテ,ヤクルト,6,1,涌井敗：原樹,原樹,0
2017-06-09,オリックス,中日,4,2,黒木敗：田島,田島,0
2017-06-09,ソフトバンク,阪神,3,0,バンデンハーク敗：岩貞,岩貞,0
2017-06-10,日本ハム,巨人,3,2,鍵谷敗：田原,田原,0
2017-06-10,楽天,広島,2,1,美馬敗：野村,野村,0
2017-06-10,西武,DeNA,6,2,ガルセス敗：平良,平良,0
2017-06-10,ロッテ,ヤクルト,4,1,二木敗：石山,石山,0
2017-06-10,オリックス,中日,5,3,吉田一敗：柳,柳,0
2017-06-10,ソフトバンク,阪神,1,5,青柳敗：松本裕,松本裕,0
2017-06-11,日本ハム,巨人,5,1,村田敗：宮國,宮國,0
2017-06-11,楽天,広島,4,3,ハーマン敗：ジャクソン,ジャクソン,0
2017-06-11,西武,DeNA,1,0,ウルフ敗：今永,今永,0
2017-06-11,ロッテ,ヤクルト,6,9,ブキャナン敗：佐々木,佐々木,0
2017-06-11,オリックス,中日,0,4,バルデス敗：山岡,山岡,0
2017-06-11,ソフトバンク,阪神,5,2,山田敗：小野,小野,0
2017-06-13,巨人,ソフトバンク,5,1,菅野敗：東浜,東浜,0
2017-06-13,ヤクルト,楽天,3,12,釜田敗：石川,石川,0
2017-06-13,DeNA,ロッテ,1,8,石川敗：石田,石田,0
2017-06-13,中日,日本ハム,7,5,岩瀬敗：マーティン,マーティン,0
2017-06-13,阪神,西武,7,2,秋山敗：野上,野上,0
2017-06-13,広島,オリックス,1,0,薮田敗：金子千尋,金子千尋,0
2017-06-14,巨人,ソフトバンク,3,0,山口俊敗：石川,石川,0
2017-06-14,ヤクルト,楽天,3,2,由規敗：安樂,安樂,0
2017-06-14,DeNA,ロッテ,5,2,濵口敗：チェン・グァンユウ,チェン・グァンユウ,0
2017-06-14,中日,日本ハム,5,7,公文敗：田島,田島,0
2017-06-14,阪神,西武,2,4,岡本敗：能見,能見,0
2017-06-14,広島,オリックス,7,6,九里敗：佐藤達,佐藤達,0
2017-06-15,巨人,ソフトバンク,3,7,岩嵜敗：内海,内海,0
2017-06-15,ヤクルト,楽天,6,2,原樹敗：則本,則本,0
2017-06-15,DeNA,ロッテ,6,2,熊原敗：唐川,唐川,0
2017-06-15,中日,日本ハム,4,5,宮西敗：ジョーダン,ジョーダン,0
2017-06-15,阪神,西武,3,2,髙橋敗：シュリッター,シュリッター,0
2017-06-15,広島,オリックス,7,2,岡田敗：ディクソン,ディクソン,0
2017-06-16,巨人,ロッテ,8,0,マイコラス敗：涌井,涌井,0
2017-06-16,ヤクルト,日本ハム,8,5,ルーキ敗：鍵谷,鍵谷,0
2017-06-16,DeNA,オリックス,6,3,三上敗：黒木,黒木,0
2017-06-16,中日,西武,1,9,菊池敗：小笠原,小笠原,0
2017-06-16,阪神,楽天,4,2,岩貞敗：藤平,藤平,0
2017-06-16,広島,ソフトバンク,3,5,バンデンハーク敗：ジョンソン,ジョンソン,0
2017-06-17,巨人,ロッテ,8,0,田口敗：二木,二木,0
2017-06-17,ヤクルト,日本ハム,5,0,ブキャナン敗：メンドーサ,メンドーサ,0
2017-06-17,DeNA,オリックス,14,5,久保敗：松葉,松葉,0
2017-06-17,中日,西武,4,1,バルデス敗：ガルセス,ガルセス,0
2017-06-17,阪神,楽天,2,8,福山敗：マテオ,マテオ,0
2017-06-17,広島,ソフトバンク,3,2,中﨑敗：岩嵜,岩嵜,0
2017-06-18,巨人,ロッテ,7,5,高木勇敗：大嶺祐,大嶺祐,0
2017-06-18,ヤクルト,日本ハム,3,6,有原敗：石川,石川,0
2017-06-18,DeNA,オリックス,,,,,1
2017-06-18,中日,西武,4,3,柳敗：牧田,牧田,0
2017-06-18,阪神,楽天,0,1,岸敗：小野,小野,0
2017-06-18,広島,ソフトバンク,4,7,岡本敗：中村祐,中村祐,0
2017-06-19,DeNA,オリックス,4,7,黒木敗：三上,三上,0
2017-06-23,巨人,中日,0,1,バルデス敗：菅野,菅野,0
2017-06-23,ヤクルト,DeNA,8,7,石山敗：平田,平田,0
2017-06-23,広島,阪神,13,3,ジョンソン敗：メッセンジャー,メッセンジャー,0
2017-06-23,日本ハム,楽天,7,3,公文敗：安樂,安樂,0
2017-06-23,オリックス,ロッテ,3,9,涌井敗：山岡,山岡,0
2017-06-23,ソフトバンク,西武,10,0,東浜敗：菊池,菊池,0
2017-06-24,巨人,中日,2,8,小笠原敗：マイコラス,マイコラス,0
2017-06-24,ヤクルト,DeNA,1,5,石田敗：原樹,原樹,0
2017-06-24,広島,阪神,,,,,1
2017-06-24,日本ハム,楽天,1,2,松井裕敗：玉井,玉井,0
2017-06-24,オリックス,ロッテ,2,1,黒木敗：大谷,大谷,0
2017-06-24,ソフトバンク,西武,2,3,十亀敗：松本裕,松本裕,0
2017-06-25,巨人,中日,4,3,マシソン敗：田島,田島,0
2017-06-25,ヤクルト,DeNA,0,6,今永敗：石川,石川,0
2017-06-25,広島,阪神,5,0,大瀬良敗：岩貞,岩貞,0
2017-06-25,日本ハム,楽天,0,6,岸敗：浦野,浦野,0
2017-06-25,オリックス,ロッテ,5,1,西敗：石川,石川,0
2017-06-25,ソフトバンク,西武,7,6,サファテ敗：増田,増田,0
2017-06-26,楽天,オリックス,4,4,,,0
2017-06-27,ヤクルト,巨人,3,4,田口敗：石山,石山,0
2017-06-27,DeNA,広島,3,4,野村敗：パットン,パットン,0
2017-06-27,中日,阪神,3,1,鈴木敗：秋山,秋山,0
2017-06-27,西武,ロッテ,,,,,1
2017-06-27,ソフトバンク,日本ハム,6,0,石川敗：高梨,高梨,0
2017-06-28,ヤクルト,巨人,4,2,星敗：大竹寛,大竹寛,0
2017-06-28,DeNA,広島,11,8,久保敗：九里,九里,0
2017-06-28,中日,阪神,1,0,ジョーダン敗：小野,小野,0
2017-06-28,楽天,オリックス,3,2,辛島敗：金子千尋,金子千尋,0
2017-06-28,西武,ロッテ,3,4,内敗：牧田,牧田,0
2017-06-28,ソフトバンク,日本ハム,6,5,岩嵜敗：マーティン,マーティン,0
2017-06-29,中日,阪神,2,0,大野敗：メッセンジャー,メッセンジャー,0
2017-06-29,ソフトバンク,日本ハム,1,0,松本裕敗：メンドーサ,メンドーサ,0
2017-06-30,巨人,DeNA,1,3,井納敗：菅野,菅野,0
2017-06-30,阪神,ヤクルト,3,4,ブキャナン敗：青柳,青柳,0
2017-06-30,広島,中日,8,3,ジョンソン敗：バルデス,バルデス,0
2017-06-30,楽天,ソフトバンク,4,3,安樂敗：東浜,東浜,0
2017-06-30,西武,オリックス,0,3,山岡敗：菊池,菊池,0
2017-06-30,ロッテ,日本ハム,4,7,有原敗：涌井,涌井,0
2017-07-01,巨人,DeNA,4,6,加賀敗：カミネロ,カミネロ,0
2017-07-01,阪神,ヤクルト,3,1,能見敗：原樹,原樹,0
2017-07-01,広島,中日,8,1,薮田敗：小笠原,小笠原,0
2017-07-01,楽天,ソフトバンク,9,10,五十嵐敗：美馬,美馬,0
2017-07-01,西武,オリックス,2,4,松葉敗：十亀,十亀,0
2017-07-01,ロッテ,日本ハム,7,3,唐川敗：村田,村田,0
2017-07-02,巨人,DeNA,1,9,今永敗：山口俊,山口俊,0
2017-07-02,阪神,ヤクルト,5,4,岩貞敗：石川,石川,0
2017-07-02,広島,中日,6,4,ジャクソン敗：岩瀬,岩瀬,0
2017-07-02,楽天,ソフトバンク,4,5,モイネロ敗：岸,岸,0
2017-07-02,西武,オリックス,3,6,ディクソン敗：ウルフ,ウルフ,0
2017-07-02,ロッテ,日本ハム,3,8,上沢敗：有吉,有吉,0
2017-07-03,日本ハム,西武,4,11,岡本敗：高梨,高梨,0
2017-07-04,DeNA,阪神,,,,,1
2017-07-04,中日,ヤクルト,7,2,鈴木敗：山中,山中,0
2017-07-04,広島,巨人,0,3,田口敗：野村,野村,0
2017-07-04,日本ハム,西武,1,4,野上敗：加藤,加藤,0
2017-07-04,ロッテ,楽天,1,5,則本敗：二木,二木,0
2017-07-04,ソフトバンク,オリックス,4,0,石川敗：西,西,0
2017-07-05,DeNA,阪神,4,1,濵口敗：メッセンジャー,メッセンジャー,0
2017-07-05,中日,ヤクルト,3,0,ジョーダン敗：星,星,0
2017-07-05,広島,巨人,0,5,菅野敗：岡田,岡田,0
2017-07-05,ロッテ,楽天,2,6,釜田敗：佐々木,佐々木,0
2017-07-05,ソフトバンク,オリックス,5,3,嘉弥真敗：金子千尋,金子千尋,0
2017-07-06,DeNA,阪神,5,10,秋山敗：飯塚,飯塚,0
2017-07-06,中日,ヤクルト,4,3,バルデス敗：ブキャナン,ブキャナン,0
2017-07-06,広島,巨人,6,5,一岡敗：西村,西村,0
2017-07-06,日本ハム,西武,6,7,平井敗：宮西,宮西,0
2017-07-07,ヤクルト,広島,8,9,ジャクソン敗：小川,小川,0
2017-07-07,中日,DeNA,2,1,大野敗：ウィーランド,ウィーランド,0
2017-07-07,阪神,巨人,1,5,マイコラス敗：小野,小野,0
2017-07-07,日本ハム,ソフトバンク,1,4,東浜敗：有原,有原,0
2017-07-07,楽天,西武,0,5,菊池敗：辛島,辛島,0
2017-07-07,オリックス,ロッテ,1,3,大谷敗：平野,平野,0
2017-07-08,ヤクルト,広島,2,8,薮田敗：石川,石川,0
2017-07-08,中日,DeNA,0,9,井納敗：小笠原,小笠原,0
2017-07-08,阪神,巨人,1,8,内海敗：能見,能見,0
2017-07-08,日本ハム,ソフトバンク,2,5,千賀敗：井口,井口,0
2017-07-08,楽天,西武,4,2,ハーマン敗：シュリッター,シュリッター,0
2017-07-08,オリックス,ロッテ,2,6,唐川敗：松葉,松葉,0
2017-07-09,ヤクルト,広島,3,3,,,0
2017-07-09,中日,DeNA,3,7,久保敗：柳,柳,0
2017-07-09,阪神,巨人,7,6,ドリス敗：マシソン,マシソン,0
2017-07-09,日本ハム,ソフトバンク,2,0,上沢敗：バンデンハーク,バンデンハーク,0
2017-07-09,楽天,西武,5,4,福山敗：武隈,武隈,0
2017-07-09,オリックス,ロッテ,4,0,ディクソン敗：石川,石川,0
2017-07-10,巨人,ヤクルト,3,2,田口敗：近藤,近藤,0
2017-07-10,広島,DeNA,5,1,野村敗：今永,今永,0
2017-07-10,西武,ロッテ,5,3,多和田敗：スタンリッジ,スタンリッジ,0
2017-07-10,オリックス,日本ハム,11,0,山﨑福敗：浦野,浦野,0
2017-07-11,巨人,ヤクルト,2,0,菅野敗：星,星,0
2017-07-11,阪神,中日,10,1,メッセンジャー敗：ジョーダン,ジョーダン,0
2017-07-11,広島,DeNA,2,5,石田敗：岡田,岡田,0
2017-07-11,西武,ロッテ,16,6,野上敗：二木,二木,0
2017-07-11,オリックス,日本ハム,8,1,西敗：斎藤佑樹,斎藤佑樹,0
2017-07-11,ソフトバンク,楽天,4,5,福山敗：サファテ,サファテ,0
2017-07-12,巨人,ヤクルト,8,3,宮國敗：ブキャナン,ブキャナン,0
2017-07-12,阪神,中日,5,4,マテオ敗：又吉,又吉,0
2017-07-12,広島,DeNA,5,1,ジョンソン敗：濵口,濵口,0
2017-07-12,西武,ロッテ,6,3,ファイフ敗：関谷,関谷,0
2017-07-12,オリックス,日本ハム,6,3,金子千尋敗：大谷,大谷,0
2017-07-12,ソフトバンク,楽天,0,2,岸敗：松本裕,松本裕,0
2017-07-14,セ・リーグ,パ・リーグ,2,6,山岡敗：マテオ,マテオ,0
2017-07-15,パ・リーグ,セ・リーグ,3,1,美馬敗：井納,井納,0
2017-07-17,DeNA,ヤクルト,2,1,今永敗：原樹,原樹,0
2017-07-17,中日,巨人,1,5,マイコラス敗：小笠原,小笠原,0
2017-07-17,阪神,広島,2,1,メッセンジャー敗：野村,野村,0
2017-07-17,ロッテ,オリックス,3,2,内敗：平野,平野,0
2017-07-17,ソフトバンク,西武,3,1,東浜敗：十亀,十亀,0
2017-07-18,DeNA,ヤクルト,1,0,ウィーランド敗：星,星,0
2017-07-18,中日,巨人,6,1,吉見敗：高木勇,高木勇,0
2017-07-18,阪神,広島,5,9,大瀬良敗：岩貞,岩貞,0
2017-07-18,日本ハム,楽天,1,5,辛島敗：有原,有原,0
2017-07-18,ロッテ,オリックス,4,0,有吉敗：松葉,松葉,0
2017-07-18,ソフトバンク,西武,3,1,バンデンハーク敗：野上,野上,0
2017-07-19,DeNA,ヤクルト,5,3,パットン敗：近藤,近藤,0
2017-07-19,中日,巨人,5,6,畠敗：大野,大野,0
2017-07-19,阪神,広島,3,14,一岡敗：マテオ,マテオ,0
2017-07-19,日本ハム,楽天,2,3,岸敗：上沢,上沢,0
2017-07-19,ソフトバンク,西武,10,6,岩嵜敗：牧田,牧田,0
2017-07-20,日本ハム,楽天,4,3,宮西敗：金刃,金刃,0
2017-07-21,ヤクルト,阪神,1,11,秋山敗：ブキャナン,ブキャナン,0
2017-07-21,DeNA,巨人,3,3,,,0
2017-07-21,広島,中日,5,8,バルデス敗：ジョンソン,ジョンソン,0
2017-07-21,楽天,オリックス,4,3,福山敗：平野,平野,0
2017-07-21,西武,日本ハム,8,5,菊池敗：メンドーサ,メンドーサ,0
2017-07-21,ソフトバンク,ロッテ,2,1,千賀敗：涌井,涌井,0
2017-07-22,ヤクルト,阪神,6,2,由規敗：能見,能見,0
2017-07-22,DeNA,巨人,1,3,菅野敗：飯塚,飯塚,0
2017-07-22,広島,中日,6,3,薮田敗：柳,柳,0
2017-07-22,楽天,オリックス,8,7,美馬敗：山岡,山岡,0
2017-07-22,西武,日本ハム,4,0,多和田敗：白村,白村,0
2017-07-22,ソフトバンク,ロッテ,2,0,武田敗：二木,二木,0
2017-07-23,ヤクルト,阪神,0,5,メッセンジャー敗：小川,小川,0
2017-07-23,DeNA,巨人,8,6,山﨑康敗：高木勇,高木勇,0
2017-07-23,広島,中日,12,1,岡田敗：鈴木,鈴木,0
2017-07-23,楽天,オリックス,3,2,久保敗：西,西,0
2017-07-23,西武,日本ハム,9,2,ウルフ敗：上原,上原,0
2017-07-23,ソフトバンク,ロッテ,1,3,石川敗：中田,中田,0
2017-07-25,巨人,広島,1,2,野村敗：マイコラス,マイコラス,0
2017-07-25,ヤクルト,中日,9,8,ルーキ敗：笠原,笠原,0
2017-07-25,阪神,DeNA,0,1,今永敗：岩貞,岩貞,0
2017-07-25,日本ハム,ロッテ,0,4,スタンリッジ敗：有原,有原,0
2017-07-25,楽天,ソフトバンク,,,,,1
2017-07-25,西武,オリックス,7,2,十亀敗：ディクソン,ディクソン,0
2017-07-26,巨人,広島,2,7,大瀬良敗：畠,畠,0
2017-07-26,ヤクルト,中日,11,10,石山敗：伊藤,伊藤,0
2017-07-26,阪神,DeNA,5,6,ウィーランド敗：小野,小野,0
2017-07-26,日本ハム,ロッテ,4,2,上沢敗：唐川,唐川,0
2017-07-26,楽天,ソフトバンク,4,1,則本敗：バンデンハーク,バンデンハーク,0
2017-07-26,西武,オリックス,6,2,岡本敗：松葉,松葉,0
2017-07-27,巨人,広島,4,3,田口敗：中村祐,中村祐,0
2017-07-27,ヤクルト,中日,11,2,山中敗：小熊,小熊,0
2017-07-27,阪神,DeNA,10,3,岩田敗：石田,石田,0
2017-07-27,楽天,ソフトバンク,1,5,東浜敗：岸,岸,0
2017-07-27,西武,オリックス,2,0,菊池敗：山﨑福,山﨑福,0
2017-07-28,中日,阪神,0,5,秋山敗：バルデス,バルデス,0
2017-07-28,広島,ヤクルト,7,1,九里敗：ブキャナン,ブキャナン,0
2017-07-28,ロッテ,西武,4,5,武隈敗：大谷,大谷,0
2017-07-28,オリックス,楽天,11,5,金子千尋敗：塩見,塩見,0
2017-07-29,巨人,DeNA,5,1,菅野敗：井納,井納,0
2017-07-29,中日,阪神,2,4,髙橋敗：田島,田島,0
2017-07-29,広島,ヤクルト,1,9,小川敗：薮田,薮田,0
2017-07-29,ロッテ,西武,1,6,多和田敗：二木,二木,0
2017-07-29,オリックス,楽天,5,2,山岡敗：美馬,美馬,0
2017-07-29,ソフトバンク,日本ハム,4,0,千賀敗：白村,白村,0
2017-07-30,巨人,DeNA,5,4,カミネロ敗：山﨑康,山﨑康,0
2017-07-30,中日,阪神,7,0,八木敗：能見,能見,0
2017-07-30,広島,ヤクルト,14,1,岡田敗：石川,石川,0
2017-07-30,ロッテ,西武,3,7,ウルフ敗：石川,石川,0
2017-07-30,オリックス,楽天,3,4,久保敗：黒木,黒木,0
2017-07-30,ソフトバンク,日本ハム,4,3,武田敗：上原,上原,0
2017-07-31,ソフトバンク,日本ハム,5,3,モイネロ敗：吉田,吉田,0
2017-08-01,ヤクルト,巨人,3,10,マイコラス敗：原樹,原樹,0
2017-08-01,DeNA,中日,,,,,1
2017-08-01,広島,阪神,4,3,野村敗：岩貞,岩貞,0
2017-08-01,西武,楽天,8,0,十亀敗：辛島,辛島,0
2017-08-01,ロッテ,日本ハム,,,,,1
2017-08-01,オリックス,ソフトバンク,5,4,小林敗：サファテ,サファテ,0
2017-08-02,ヤクルト,巨人,4,10,畠敗：由規,由規,0
2017-08-02,DeNA,中日,4,4,,,0
2017-08-02,広島,阪神,3,4,髙橋敗：今村,今村,0
2017-08-02,西武,楽天,7,4,岡本敗：則本,則本,0
2017-08-02,ロッテ,日本ハム,4,2,スタンリッジ敗：有原,有原,0
2017-08-02,オリックス,ソフトバンク,1,5,バンデンハーク敗：松葉,松葉,0
2017-08-03,ヤクルト,巨人,7,5,石山敗：西村,西村,0
2017-08-03,DeNA,中日,4,3,今永敗：吉見,吉見,0
2017-08-03,広島,阪神,5,5,,,0
2017-08-03,西武,楽天,8,1,菊池敗：安樂,安樂,0
2017-08-03,ロッテ,日本ハム,2,3,加藤敗：唐川,唐川,0
2017-08-03,オリックス,ソフトバンク,3,5,東浜敗：山﨑福,山﨑福,0
2017-08-04,巨人,中日,5,6,岩瀬敗：カミネロ,カミネロ,0
2017-08-04,DeNA,広島,13,3,石田敗：高橋樹,高橋樹,0
2017-08-04,阪神,ヤクルト,3,0,メッセンジャー敗：ブキャナン,ブキャナン,0
2017-08-04,楽天,ロッテ,3,2,ハーマン敗：内,内,0
2017-08-04,西武,ソフトバンク,8,4,野上敗：モイネロ,モイネロ,0
2017-08-05,巨人,中日,8,2,菅野敗：小笠原,小笠原,0
2017-08-05,DeNA,広島,4,7,薮田敗：井納,井納,0
2017-08-05,阪神,ヤクルト,4,0,松田敗：小川,小川,0
2017-08-05,日本ハム,オリックス,4,6,大山敗：宮西,宮西,0
2017-08-05,楽天,ロッテ,8,5,美馬敗：涌井,涌井,0
2017-08-05,西武,ソフトバンク,7,8,サファテ敗：増田,増田,0
2017-08-06,巨人,中日,4,5,又吉敗：マシソン,マシソン,0
2017-08-06,DeNA,広島,4,9,岡田敗：エスコバー,エスコバー,0
2017-08-06,阪神,ヤクルト,6,5,岩崎敗：石山,石山,0
2017-08-06,日本ハム,オリックス,2,5,西敗：上原,上原,0
2017-08-06,楽天,ロッテ,1,3,二木敗：藤平,藤平,0
2017-08-06,西武,ソフトバンク,6,1,ウルフ敗：武田,武田,0
2017-08-08,巨人,阪神,6,1,マイコラス敗：岩貞,岩貞,0
2017-08-08,ヤクルト,DeNA,8,5,山中敗：久保,久保,0
2017-08-08,中日,広島,1,1,,,0
2017-08-08,楽天,日本ハム,,,,,1
2017-08-08,ロッテ,ソフトバンク,17,8,石川敗：石川,石川,0
2017-08-08,オリックス,西武,12,6,金子千尋敗：十亀,十亀,0
2017-08-09,巨人,阪神,4,5,髙橋敗：カミネロ,カミネロ,0
2017-08-09,ヤクルト,DeNA,2,7,ウィーランド敗：梅野,梅野,0
2017-08-09,中日,広島,7,1,大野敗：大瀬良,大瀬良,0
2017-08-09,楽天,日本ハム,6,5,塩見敗：有原,有原,0
2017-08-09,ロッテ,ソフトバンク,2,3,バンデンハーク敗：スタンリッジ,スタンリッジ,0
2017-08-09,オリックス,西武,4,8,武隈敗：山﨑福,山﨑福,0
2017-08-10,巨人,阪神,5,2,マシソン敗：マテオ,マテオ,0
2017-08-10,ヤクルト,DeNA,1,6,今永敗：石山,石山,0
2017-08-10,中日,広島,6,5,田島敗：今村,今村,0
2017-08-10,楽天,日本ハム,4,3,森原敗：石川直,石川直,0
2017-08-10,ロッテ,ソフトバンク,5,6,東浜敗：唐川,唐川,0
2017-08-10,オリックス,西武,4,2,近藤敗：菊池,菊池,0
2017-08-11,DeNA,阪神,1,8,岩田敗：石田,石田,0
2017-08-11,中日,ヤクルト,2,10,ブキャナン敗：バルデス,バルデス,0
2017-08-11,広島,巨人,2,9,田口敗：福井,福井,0
2017-08-11,ロッテ,西武,5,3,有吉敗：武隈,武隈,0
2017-08-11,オリックス,楽天,8,4,ディクソン敗：岸,岸,0
2017-08-12,DeNA,阪神,1,2,マテオ敗：砂田,砂田,0
2017-08-12,中日,ヤクルト,3,0,若松敗：小川,小川,0
2017-08-12,広島,巨人,1,0,薮田敗：菅野,菅野,0
2017-08-12,ロッテ,西武,0,3,多和田敗：涌井,涌井,0
2017-08-12,オリックス,楽天,0,7,則本敗：山岡,山岡,0
2017-08-12,ソフトバンク,日本ハム,1,0,千賀敗：上沢,上沢,0
2017-08-13,DeNA,阪神,8,2,濵口敗：松田,松田,0
2017-08-13,中日,ヤクルト,7,2,吉見敗：由規,由規,0
2017-08-13,広島,巨人,4,1,岡田敗：今村,今村,0
2017-08-13,ロッテ,西武,3,6,シュリッター敗：益田,益田,0
2017-08-13,オリックス,楽天,2,4,辛島敗：西,西,0
2017-08-13,ソフトバンク,日本ハム,3,2,武田敗：上原,上原,0
2017-08-14,ソフトバンク,日本ハム,1,7,白村敗：松本裕,松本裕,0
2017-08-15,ヤクルト,巨人,,,,,1
2017-08-15,DeNA,中日,,,,,1
2017-08-15,阪神,広島,6,11,野村敗：小野,小野,0
2017-08-15,西武,楽天,17,8,武隈敗：森原,森原,0
2017-08-15,ソフトバンク,オリックス,5,3,バンデンハーク敗：金子千尋,金子千尋,0
2017-08-16,ヤクルト,巨人,2,8,マイコラス敗：原樹,原樹,0
2017-08-16,DeNA,中日,3,2,山﨑康敗：岩瀬,岩瀬,0
2017-08-16,阪神,広島,3,5,大瀬良敗：藤浪,藤浪,0
2017-08-16,日本ハム,ロッテ,4,2,有原敗：スタンリッジ,スタンリッジ,0
2017-08-16,西武,楽天,5,0,岡本敗：美馬,美馬,0
2017-08-16,ソフトバンク,オリックス,2,1,森敗：松葉,松葉,0
2017-08-17,ヤクルト,巨人,4,3,星敗：内海,内海,0
2017-08-17,DeNA,中日,4,1,今永敗：バルデス,バルデス,0
2017-08-17,阪神,広島,5,4,ドリス敗：中田,中田,0
2017-08-17,日本ハム,ロッテ,8,7,宮西敗：松永,松永,0
2017-08-17,西武,楽天,3,0,菊池敗：ハーマン,ハーマン,0
2017-08-18,巨人,DeNA,9,7,カミネロ敗：砂田,砂田,0
2017-08-18,中日,阪神,4,10,秋山敗：鈴木,鈴木,0
2017-08-18,広島,ヤクルト,1,0,中村祐敗：ブキャナン,ブキャナン,0
2017-08-18,日本ハム,西武,4,0,メンドーサ敗：野上,野上,0
2017-08-18,楽天,ソフトバンク,1,4,東浜敗：岸,岸,0
2017-08-18,オリックス,ロッテ,2,5,酒居敗：ディクソン,ディクソン,0
2017-08-19,巨人,DeNA,6,1,菅野敗：井納,井納,0
2017-08-19,中日,阪神,1,8,青柳敗：若松,若松,0
2017-08-19,広島,ヤクルト,0,5,小川敗：薮田,薮田,0
2017-08-19,日本ハム,西武,0,3,多和田敗：上沢,上沢,0
2017-08-19,楽天,ソフトバンク,0,2,千賀敗：則本,則本,0
2017-08-19,オリックス,ロッテ,7,3,山岡敗：チェン・グァンユウ,チェン・グァンユウ,0
2017-08-20,巨人,DeNA,6,1,畠敗：濵口,濵口,0
2017-08-20,中日,阪神,2,3,ドリス敗：岩瀬,岩瀬,0
2017-08-20,広島,ヤクルト,6,5,中﨑敗：ルーキ,ルーキ,0
2017-08-20,日本ハム,西武,9,3,上原敗：ファイフ,ファイフ,0
2017-08-20,楽天,ソフトバンク,1,4,モイネロ敗：辛島,辛島,0
2017-08-20,オリックス,ロッテ,3,2,ヘルメン敗：二木,二木,0
2017-08-22,ヤクルト,阪神,5,4,ルーキ敗：桑原,桑原,0
2017-08-22,DeNA,広島,6,5,尾仲敗：今村,今村,0
2017-08-22,中日,巨人,2,9,マイコラス敗：吉見,吉見,0
2017-08-22,ロッテ,楽天,2,6,藤平敗：石川,石川,0
2017-08-22,オリックス,日本ハム,5,2,金田敗：有原,有原,0
2017-08-22,ソフトバンク,西武,7,0,バンデンハーク敗：ウルフ,ウルフ,0
2017-08-23,ヤクルト,阪神,4,7,藤川敗：原樹,原樹,0
2017-08-23,DeNA,広島,7,6,エスコバー敗：中田,中田,0
2017-08-23,中日,巨人,4,1,大野敗：内海,内海,0
2017-08-23,ロッテ,楽天,5,3,スタンリッジ敗：美馬,美馬,0
2017-08-23,オリックス,日本ハム,2,3,高梨敗：小林,小林,0
2017-08-23,ソフトバンク,西武,9,0,石川敗：岡本,岡本,0
2017-08-24,ヤクルト,阪神,3,6,秋山敗：星,星,0
2017-08-24,DeNA,広島,5,4,山﨑康敗：中﨑,中﨑,0
2017-08-24,ロッテ,楽天,2,1,関谷敗：安樂,安樂,0
2017-08-24,ソフトバンク,西武,10,1,中田敗：菊池,菊池,0
2017-08-25,巨人,阪神,6,3,田口敗：青柳,青柳,0
2017-08-25,ヤクルト,DeNA,6,8,井納敗：ブキャナン,ブキャナン,0
2017-08-25,広島,中日,9,1,ジョンソン敗：バルデス,バルデス,0
2017-08-25,楽天,日本ハム,3,5,増井敗：久保,久保,0
2017-08-25,西武,オリックス,8,0,野上敗：ディクソン,ディクソン,0
2017-08-25,ソフトバンク,ロッテ,3,10,酒居敗：東浜,東浜,0
2017-08-26,巨人,阪神,4,8,能見敗：谷岡,谷岡,0
2017-08-26,ヤクルト,DeNA,5,4,小川敗：尾仲,尾仲,0
2017-08-26,広島,中日,6,2,薮田敗：小熊,小熊,0
2017-08-26,楽天,日本ハム,4,5,加藤敗：則本,則本,0
2017-08-26,西武,オリックス,0,9,山岡敗：多和田,多和田,0
2017-08-26,ソフトバンク,ロッテ,3,6,涌井敗：千賀,千賀,0
2017-08-27,巨人,阪神,6,0,畠敗：藤浪,藤浪,0
2017-08-27,ヤクルト,DeNA,3,7,濵口敗：山中,山中,0
2017-08-27,広島,中日,5,6,小笠原敗：岡田,岡田,0
2017-08-27,楽天,日本ハム,2,5,上沢敗：釜田,釜田,0
2017-08-27,西武,オリックス,9,10,黒木敗：シュリッター,シュリッター,0
2017-08-27,ソフトバンク,ロッテ,3,0,和田敗：二木,二木,0
2017-08-29,巨人,広島,1,2,野村敗：マイコラス,マイコラス,0
2017-08-29,中日,DeNA,7,6,又吉敗：エスコバー,エスコバー,0
2017-08-29,阪神,ヤクルト,3,0,小野敗：石川,石川,0
2017-08-29,日本ハム,ソフトバンク,,,,,1
2017-08-29,楽天,西武,1,3,十亀敗：塩見,塩見,0
2017-08-29,ロッテ,オリックス,6,2,唐川敗：山田,山田,0
2017-08-30,巨人,広島,6,4,田原敗：大瀬良,大瀬良,0
2017-08-30,中日,DeNA,3,6,飯塚敗：大野,大野,0
2017-08-30,阪神,ヤクルト,4,3,髙橋敗：近藤,近藤,0
2017-08-30,日本ハム,ソフトバンク,3,1,有原敗：バンデンハーク,バンデンハーク,0
2017-08-30,楽天,西武,8,8,,,0
2017-08-30,ロッテ,オリックス,2,7,金子千尋敗：南,南,0
2017-08-31,巨人,広島,3,1,田口敗：中村祐,中村祐,0
2017-08-31,中日,DeNA,4,2,山井敗：今永,今永,0
2017-08-31,阪神,ヤクルト,1,0,秋山敗：ブキャナン,ブキャナン,0
2017-08-31,日本ハム,ソフトバンク,3,4,石川敗：大谷,大谷,0
2017-08-31,楽天,西武,2,6,菊池敗：安樂,安樂,0
2017-08-31,ロッテ,オリックス,4,14,山本敗：関谷,関谷,0
2017-09-01,ヤクルト,広島,2,3,ジョンソン敗：星,星,0
2017-09-01,DeNA,巨人,0,3,菅野敗：井納,井納,0
2017-09-01,阪神,中日,5,3,岩崎敗：又吉,又吉,0
2017-09-01,ロッテ,日本ハム,4,3,酒居敗：鍵谷,鍵谷,0
2017-09-01,オリックス,西武,2,7,野上敗：ディクソン,ディクソン,0
2017-09-01,ソフトバンク,楽天,2,0,東浜敗：岸,岸,0
2017-09-02,ヤクルト,広島,1,3,薮田敗：小川,小川,0
2017-09-02,DeNA,巨人,1,3,畠敗：石田,石田,0
2017-09-02,阪神,中日,9,2,能見敗：小熊,小熊,0
2017-09-02,ロッテ,日本ハム,3,0,涌井敗：加藤,加藤,0
2017-09-02,オリックス,西武,4,2,山岡敗：多和田,多和田,0
2017-09-02,ソフトバンク,楽天,3,1,千賀敗：辛島,辛島,0
2017-09-03,ヤクルト,広島,2,9,岡田敗：山中,山中,0
2017-09-03,DeNA,巨人,1,0,濵口敗：マシソン,マシソン,0
2017-09-03,阪神,中日,2,4,小笠原敗：メンドーサ,メンドーサ,0
2017-09-03,ロッテ,日本ハム,2,5,宮西敗：二木,二木,0
2017-09-03,オリックス,西武,11,6,金田敗：ウルフ,ウルフ,0
2017-09-03,ソフトバンク,楽天,1,0,モイネロ敗：則本,則本,0
2017-09-05,巨人,中日,11,8,カミネロ敗：福谷,福谷,0
2017-09-05,DeNA,ヤクルト,4,0,ウィーランド敗：石川,石川,0
2017-09-05,広島,阪神,8,7,中﨑敗：ドリス,ドリス,0
2017-09-05,日本ハム,楽天,1,6,藤平敗：上沢,上沢,0
2017-09-05,西武,ロッテ,5,2,野田敗：松永,松永,0
2017-09-05,オリックス,ソフトバンク,5,6,石川敗：黒木,黒木,0
2017-09-06,巨人,中日,0,4,大野敗：田口,田口,0
2017-09-06,DeNA,ヤクルト,1,0,田中健敗：松岡,松岡,0
2017-09-06,広島,阪神,4,3,一岡敗：石崎,石崎,0
2017-09-06,西武,ロッテ,7,8,内敗：増田,増田,0
2017-09-06,オリックス,ソフトバンク,0,8,武田敗：山田,山田,0
2017-09-07,DeNA,ヤクルト,1,11,ギルメット敗：今永,今永,0
2017-09-07,広島,阪神,6,4,九里敗：秋山,秋山,0
2017-09-07,日本ハム,楽天,4,6,久保敗：有原,有原,0
2017-09-07,西武,ロッテ,3,0,菊池敗：関谷,関谷,0
2017-09-08,巨人,ヤクルト,4,1,菅野敗：岩橋,岩橋,0
2017-09-08,中日,広島,0,3,薮田敗：笠原,笠原,0
2017-09-08,阪神,DeNA,8,3,岩崎敗：井納,井納,0
2017-09-08,楽天,オリックス,2,4,金田敗：岸,岸,0
2017-09-08,西武,日本ハム,2,9,高梨敗：野上,野上,0
2017-09-08,ロッテ,ソフトバンク,4,6,東浜敗：酒居,酒居,0
2017-09-09,巨人,ヤクルト,0,4,小川敗：畠,畠,0
2017-09-09,中日,広島,5,9,九里敗：谷元,谷元,0
2017-09-09,阪神,DeNA,2,1,藤川敗：田中健,田中健,0
2017-09-09,楽天,オリックス,3,5,山岡敗：辛島,辛島,0
2017-09-09,西武,日本ハム,0,1,加藤敗：多和田,多和田,0
2017-09-09,ロッテ,ソフトバンク,1,2,千賀敗：涌井,涌井,0
2017-09-10,巨人,ヤクルト,6,1,マイコラス敗：成瀬,成瀬,0
2017-09-10,中日,広島,3,4,大瀬良敗：又吉,又吉,0
2017-09-10,阪神,DeNA,7,6,ドリス敗：三上,三上,0
2017-09-10,楽天,オリックス,2,1,則本敗：松葉,松葉,0
2017-09-10,西武,日本ハム,8,7,平井敗：玉井,玉井,0
2017-09-10,ロッテ,ソフトバンク,3,6,和田敗：二木,二木,0
2017-09-12,ヤクルト,中日,1,8,山井敗：石川,石川,0
2017-09-12,阪神,巨人,5,5,,,0
2017-09-12,広島,DeNA,1,3,ウィーランド敗：野村,野村,0
2017-09-12,日本ハム,楽天,7,0,大谷敗：美馬,美馬,0
2017-09-12,ロッテ,オリックス,7,5,大谷敗：近藤,近藤,0
2017-09-13,ヤクルト,中日,2,1,原樹敗：大野,大野,0
2017-09-13,阪神,巨人,2,7,吉川光敗：岩田,岩田,0
2017-09-13,広島,DeNA,12,4,九里敗：飯塚,飯塚,0
2017-09-13,日本ハム,ロッテ,1,4,佐々木敗：上沢,上沢,0
2017-09-13,楽天,西武,3,7,十亀敗：藤平,藤平,0
2017-09-13,ソフトバンク,オリックス,2,5,金子千尋敗：バンデンハーク,バンデンハーク,0
2017-09-14,ヤクルト,中日,1,2,又吉敗：秋吉,秋吉,0
2017-09-14,阪神,巨人,2,2,,,0
2017-09-14,広島,DeNA,5,4,今村敗：エスコバー,エスコバー,0
2017-09-14,日本ハム,ロッテ,4,6,チェン・グァンユウ敗：有原,有原,0
2017-09-14,楽天,西武,1,2,菊池敗：岸,岸,0
2017-09-14,ソフトバンク,オリックス,7,4,石川敗：金田,金田,0
2017-09-16,巨人,DeNA,0,1,井納敗：マイコラス,マイコラス,0
2017-09-16,阪神,中日,,,,,1
2017-09-16,広島,ヤクルト,4,5,近藤敗：今村,今村,0
2017-09-16,日本ハム,オリックス,6,3,高梨敗：山岡,山岡,0
2017-09-16,楽天,ロッテ,13,5,西宮敗：涌井,涌井,0
2017-09-16,西武,ソフトバンク,3,7,東浜敗：野上,野上,0
2017-09-17,巨人,DeNA,6,1,畠敗：濵口,濵口,0
2017-09-17,阪神,中日,,,,,1
2017-09-17,広島,ヤクルト,,,,,1
2017-09-17,日本ハム,オリックス,2,4,平野敗：宮西,宮西,0
2017-09-17,楽天,ロッテ,,,,,1
2017-09-17,西武,ソフトバンク,3,2,牧田敗：モイネロ,モイネロ,0
2017-09-18,DeNA,ヤクルト,4,2,三上敗：近藤,近藤,0
2017-09-18,中日,巨人,2,0,笠原敗：マシソン,マシソン,0
2017-09-18,阪神,広島,2,3,一岡敗：岩崎,岩崎,0
2017-09-18,日本ハム,オリックス,7,1,吉田敗：山﨑福,山﨑福,0
2017-09-18,楽天,ロッテ,4,3,則本敗：石川,石川,0
2017-09-18,西武,ソフトバンク,14,13,牧田敗：モイネロ,モイネロ,0
2017-09-19,中日,巨人,10,2,小笠原敗：吉川光,吉川光,0
2017-09-19,楽天,日本ハム,6,0,美馬敗：上原,上原,0
2017-09-19,西武,ロッテ,3,6,二木敗：岡本,岡本,0
2017-09-20,ヤクルト,中日,1,6,大野敗：原樹,原樹,0
2017-09-20,阪神,巨人,0,2,菅野敗：秋山,秋山,0
2017-09-20,日本ハム,ソフトバンク,1,4,バンデンハーク敗：上沢,上沢,0
2017-09-20,楽天,オリックス,4,8,金子千尋敗：藤平,藤平,0
2017-09-20,西武,ロッテ,1,3,酒居敗：十亀,十亀,0
2017-09-21,広島,阪神,5,7,桑原敗：中田,中田,0
2017-09-21,日本ハム,ソフトバンク,6,4,大谷敗：武田,武田,0
2017-09-21,楽天,オリックス,4,7,ヘルメン敗：岸,岸,0
2017-09-21,西武,ロッテ,3,4,佐々木敗：シュリッター,シュリッター,0
2017-09-22,広島,巨人,5,0,中村祐敗：マイコラス,マイコラス,0
2017-09-23,ヤクルト,阪神,1,8,小野敗：由規,由規,0
2017-09-23,中日,DeNA,5,13,石田敗：伊藤,伊藤,0
2017-09-23,広島,巨人,3,2,薮田敗：畠,畠,0
2017-09-23,西武,オリックス,5,0,野上敗：山岡,山岡,0
2017-09-23,ロッテ,日本ハム,3,4,有原敗：有吉,有吉,0
2017-09-23,ソフトバンク,楽天,1,3,塩見敗：東浜,東浜,0
2017-09-24,ヤクルト,巨人,3,5,田口敗：ブキャナン,ブキャナン,0
2017-09-24,中日,広島,3,2,祖父江敗：高橋樹,高橋樹,0
2017-09-24,阪神,DeNA,0,2,今永敗：岩貞,岩貞,0
2017-09-24,西武,オリックス,8,5,髙橋光敗：松葉,松葉,0
2017-09-24,ロッテ,日本ハム,4,3,田中靖敗：白村,白村,0
2017-09-24,ソフトバンク,楽天,4,3,岩嵜敗：則本,則本,0
2017-09-25,ヤクルト,巨人,5,6,マシソン敗：秋吉,秋吉,0
2017-09-25,阪神,DeNA,0,7,ウィーランド敗：岩田,岩田,0
2017-09-25,ソフトバンク,楽天,2,10,美馬敗：千賀,千賀,0
2017-09-26,巨人,ヤクルト,3,0,菅野敗：岩橋,岩橋,0
2017-09-26,オリックス,日本ハム,2,6,公文敗：ヘルメン,ヘルメン,0
2017-09-26,ソフトバンク,ロッテ,3,4,二木敗：岩嵜,岩嵜,0
2017-09-27,巨人,中日,2,1,マイコラス敗：小笠原,小笠原,0
2017-09-27,DeNA,阪神,4,4,,,0
2017-09-27,広島,ヤクルト,,,,,1
2017-09-27,オリックス,日本ハム,2,3,増井敗：比嘉,比嘉,0
2017-09-28,DeNA,阪神,2,11,能見敗：井納,井納,0
2017-09-28,広島,ヤクルト,3,1,大瀬良敗：原樹,原樹,0
2017-09-28,日本ハム,楽天,4,3,増井敗：松井裕,松井裕,0
2017-09-28,ロッテ,オリックス,,,,,1
2017-09-28,ソフトバンク,西武,8,5,武田敗：岡本,岡本,0
2017-09-29,DeNA,阪神,6,2,石田敗：メンドーサ,メンドーサ,0
2017-09-29,日本ハム,楽天,0,3,青山敗：堀,堀,0
2017-09-29,ロッテ,オリックス,0,4,吉田一敗：成田,成田,0
2017-09-30,巨人,阪神,1,5,岩貞敗：畠,畠,0
2017-09-30,ヤクルト,中日,7,5,秋吉敗：祖父江,祖父江,0
2017-09-30,DeNA,広島,1,5,今村敗：田中健,田中健,0
2017-09-30,日本ハム,西武,4,3,有原敗：シュリッター,シュリッター,0
2017-09-30,楽天,ロッテ,3,4,西野敗：塩見,塩見,0
2017-09-30,オリックス,ソフトバンク,9,7,金田敗：森,森,0
2017-10-01,巨人,阪神,4,5,岩田敗：田口,田口,0
2017-10-01,ヤクルト,中日,4,6,又吉敗：ルーキ,ルーキ,0
2017-10-01,DeNA,広島,13,7,ウィーランド敗：中村祐,中村祐,0
2017-10-01,日本ハム,西武,0,5,野上敗：上沢,上沢,0
2017-10-01,楽天,ロッテ,2,5,チェン・グァンユウ敗：松井裕,松井裕,0
2017-10-01,オリックス,ソフトバンク,0,2,中田敗：平野,平野,0
2017-10-02,西武,楽天,1,2,則本敗：十亀,十亀,0
2017-10-03,ヤクルト,巨人,6,10,戸根敗：秋吉,秋吉,0
2017-10-03,DeNA,中日,3,1,綾部敗：笠原,笠原,0
2017-10-03,日本ハム,オリックス,10,5,高梨敗：吉田凌,吉田凌,0
2017-10-03,西武,楽天,10,3,菊池敗：美馬,美馬,0
2017-10-04,DeNA,中日,2,1,濵口敗：阿知羅,阿知羅,0
2017-10-04,日本ハム,オリックス,3,0,大谷敗：金子千尋,金子千尋,0
2017-10-04,ロッテ,楽天,1,1,,,0
2017-10-05,阪神,中日,2,1,竹安敗：小笠原,小笠原,0
2017-10-05,西武,日本ハム,6,8,吉田敗：髙橋朋,髙橋朋,0
2017-10-05,ロッテ,楽天,3,2,関谷敗：古川,古川,0
2017-10-06,阪神,中日,,,,,1
2017-10-06,ソフトバンク,オリックス,4,3,嘉弥真敗：澤田,澤田,0
2017-10-07,オリックス,楽天,0,7,藤平敗：山岡,山岡,0
2017-10-08,楽天,ソフトバンク,2,0,則本敗：武田,武田,0
2017-10-09,楽天,日本ハム,1,3,有原敗：美馬,美馬,0
2017-10-09,ロッテ,オリックス,6,1,酒居敗：山本,山本,0
2017-10-10,阪神,中日,6,1,石崎敗：ジョーダン,ジョーダン,0
2017-10-10,楽天,ロッテ,5,0,森敗：成田,成田,0
2018-03-30,巨人,阪神,1,5,メッセンジャー敗：菅野,菅野,0
2018-03-30,DeNA,ヤクルト,3,7,ブキャナン敗：石田,石田,0
2018-03-30,広島,中日,6,3,野村敗：小笠原,小笠原,0
2018-03-30,日本ハム,西武,2,11,菊池敗：ロドリゲス,ロドリゲス,0
2018-03-30,ロッテ,楽天,2,3,福山敗：益田,益田,0
2018-03-30,ソフトバンク,オリックス,2,0,岩嵜敗：西,西,0
2018-03-31,巨人,阪神,8,4,澤村敗：桑原,桑原,0
2018-03-31,DeNA,ヤクルト,3,5,石川敗：バリオス,バリオス,0
2018-03-31,広島,中日,6,2,ジョンソン敗：ジー,ジー,0
2018-03-31,日本ハム,西武,2,7,多和田敗：マルティネス,マルティネス,0
2018-03-31,ロッテ,楽天,6,2,ボルシンガー敗：美馬,美馬,0
2018-03-31,ソフトバンク,オリックス,4,8,田嶋敗：武田,武田,0
2018-04-01,巨人,阪神,3,2,野上敗：秋山,秋山,0
2018-04-01,DeNA,ヤクルト,3,1,京山敗：由規,由規,0
2018-04-01,広島,中日,8,3,大瀬良敗：笠原,笠原,0
2018-04-01,日本ハム,西武,1,4,ウルフ敗：加藤,加藤,0
2018-04-01,ロッテ,楽天,5,4,酒居敗：池田,池田,0
2018-04-01,ソフトバンク,オリックス,12,3,石川敗：山岡,山岡,0
2018-04-03,ヤクルト,広島,3,6,薮田敗：原,原,0
2018-04-03,中日,巨人,3,10,山口俊敗：柳,柳,0
2018-04-03,楽天,日本ハム,0,2,宮西敗：松井,松井,0
2018-04-03,西武,ソフトバンク,7,4,十亀敗：東浜,東浜,0
2018-04-03,オリックス,ロッテ,1,4,石川敗：金子千尋,金子千尋,0
2018-04-04,ヤクルト,広島,8,5,秋吉敗：九里,九里,0
2018-04-04,DeNA,阪神,1,2,小野敗：飯塚,飯塚,0
2018-04-04,中日,巨人,4,1,ガルシア敗：吉川光,吉川光,0
2018-04-04,楽天,日本ハム,2,5,トンキン敗：高梨,高梨,0
2018-04-04,西武,ソフトバンク,2,1,カスティーヨ敗：バンデンハーク,バンデンハーク,0
2018-04-04,オリックス,ロッテ,7,1,アルバース敗：二木,二木,0
2018-04-05,ヤクルト,広島,4,5,岡田敗：館山,館山,0
2018-04-05,DeNA,阪神,0,2,メッセンジャー敗：東,東,0
2018-04-05,中日,巨人,2,3,大竹敗：松坂,松坂,0
2018-04-05,楽天,日本ハム,1,3,村田敗：藤平,藤平,0
2018-04-05,オリックス,ロッテ,5,9,涌井敗：ディクソン,ディクソン,0
2018-04-06,ヤクルト,巨人,6,0,ブキャナン敗：菅野,菅野,0
2018-04-06,阪神,中日,2,3,小笠原敗：岩崎,岩崎,0
2018-04-06,広島,DeNA,7,3,野村敗：石田,石田,0
2018-04-06,日本ハム,ロッテ,3,2,マルティネス敗：ボルシンガー,ボルシンガー,0
2018-04-06,楽天,ソフトバンク,7,2,則本敗：千賀,千賀,0
2018-04-06,西武,オリックス,5,1,菊池敗：西,西,0
2018-04-07,ヤクルト,巨人,15,8,風張敗：谷岡,谷岡,0
2018-04-07,阪神,中日,3,1,秋山敗：ジー,ジー,0
2018-04-07,広島,DeNA,2,4,バリオス敗：ジョンソン,ジョンソン,0
2018-04-07,日本ハム,ロッテ,9,6,西村敗：チェン・グァンユウ,チェン・グァンユウ,0
2018-04-07,楽天,ソフトバンク,3,4,モイネロ敗：松井,松井,0
2018-04-07,西武,オリックス,6,3,多和田敗：田嶋,田嶋,0
2018-04-08,ヤクルト,巨人,7,4,中尾敗：野上,野上,0
2018-04-08,阪神,中日,7,9,又吉敗：マテオ,マテオ,0
2018-04-08,広島,DeNA,3,5,京山敗：大瀬良,大瀬良,0
2018-04-08,日本ハム,ロッテ,2,5,益田敗：井口,井口,0
2018-04-08,楽天,ソフトバンク,4,5,中田敗：池田,池田,0
2018-04-08,西武,オリックス,7,4,武隈敗：山岡,山岡,0
2018-04-10,巨人,DeNA,3,4,井納敗：上原,上原,0
2018-04-10,中日,ヤクルト,3,0,柳敗：原,原,0
2018-04-10,阪神,広島,4,3,藤川敗：一岡,一岡,0
2018-04-10,ロッテ,西武,5,2,石川敗：十亀,十亀,0
2018-04-10,オリックス,楽天,2,4,岸敗：金子千尋,金子千尋,0
2018-04-10,ソフトバンク,日本ハム,1,4,上沢敗：東浜,東浜,0
2018-04-11,巨人,DeNA,3,6,三嶋敗：澤村,澤村,0
2018-04-11,中日,ヤクルト,8,3,ガルシア敗：ハフ,ハフ,0
2018-04-11,阪神,広島,4,1,髙橋遥敗：中村恭,中村恭,0
2018-04-11,ロッテ,西武,6,3,二木敗：カスティーヨ,カスティーヨ,0
2018-04-11,オリックス,楽天,2,2,,,0
2018-04-11,ソフトバンク,日本ハム,8,5,バンデンハーク敗：高梨,高梨,0
2018-04-12,巨人,DeNA,4,6,東敗：大竹,大竹,0
2018-04-12,中日,ヤクルト,9,4,吉見敗：館山,館山,0
2018-04-12,阪神,広島,1,5,岡田敗：メッセンジャー,メッセンジャー,0
2018-04-12,ロッテ,西武,3,6,榎田敗：涌井,涌井,0
2018-04-12,オリックス,楽天,3,2,増井敗：ハーマン,ハーマン,0
2018-04-12,ソフトバンク,日本ハム,3,0,石川敗：マルティネス,マルティネス,0
2018-04-13,巨人,広島,10,2,菅野敗：野村,野村,0
2018-04-13,DeNA,中日,6,5,石田敗：又吉,又吉,0
2018-04-13,阪神,ヤクルト,2,3,カラシティー敗：ドリス,ドリス,0
2018-04-13,楽天,西武,5,7,菊池敗：則本,則本,0
2018-04-14,巨人,広島,2,3,ジョンソン敗：田口,田口,0
2018-04-14,DeNA,中日,2,0,バリオス敗：ジー,ジー,0
2018-04-14,阪神,ヤクルト,0,6,石川敗：秋山,秋山,0
2018-04-14,楽天,西武,1,5,多和田敗：美馬,美馬,0
2018-04-14,オリックス,日本ハム,1,2,有原敗：西,西,0
2018-04-14,ソフトバンク,ロッテ,,,,,1
2018-04-15,巨人,広島,4,5,大瀬良敗：上原,上原,0
2018-04-15,DeNA,中日,6,1,京山敗：笠原,笠原,0
2018-04-15,阪神,ヤクルト,8,3,岩貞敗：由規,由規,0
2018-04-15,楽天,西武,12,6,池田敗：ウルフ,ウルフ,0
2018-04-15,オリックス,日本ハム,7,0,山岡敗：加藤,加藤,0
2018-04-15,ソフトバンク,ロッテ,7,6,サファテ敗：内,内,0
2018-04-17,DeNA,巨人,2,3,山口俊敗：エスコバー,エスコバー,0
2018-04-17,中日,阪神,,,,,1
2018-04-17,広島,ヤクルト,7,4,薮田敗：原,原,0
2018-04-17,西武,日本ハム,2,7,村田敗：十亀,十亀,0
2018-04-17,ロッテ,オリックス,5,3,石川敗：近藤,近藤,0
2018-04-17,ソフトバンク,楽天,5,3,東浜敗：岸,岸,0
2018-04-18,中日,阪神,3,4,メッセンジャー敗：柳,柳,0
2018-04-18,広島,ヤクルト,3,2,中村祐敗：ハフ,ハフ,0
2018-04-18,西武,日本ハム,9,8,ワグナー敗：石川直,石川直,0
2018-04-18,ロッテ,オリックス,3,4,アルバース敗：唐川,唐川,0
2018-04-18,ソフトバンク,楽天,5,2,バンデンハーク敗：辛島,辛島,0
2018-04-19,DeNA,巨人,5,0,東敗：吉川光,吉川光,0
2018-04-19,中日,阪神,1,2,小野敗：松坂,松坂,0
2018-04-19,広島,ヤクルト,5,4,今村敗：風張,風張,0
2018-04-19,ロッテ,オリックス,0,3,田嶋敗：涌井,涌井,0
2018-04-19,ソフトバンク,楽天,1,3,藤平敗：石川,石川,0
2018-04-20,中日,広島,11,7,伊藤準敗：中田,中田,0
2018-04-20,阪神,巨人,2,8,菅野敗：藤浪,藤浪,0
2018-04-20,日本ハム,ソフトバンク,2,1,マルティネス敗：武田,武田,0
2018-04-20,楽天,オリックス,5,2,則本敗：ディクソン,ディクソン,0
2018-04-20,西武,ロッテ,9,8,菊池敗：松永,松永,0
2018-04-21,ヤクルト,DeNA,5,6,パットン敗：秋吉,秋吉,0
2018-04-21,中日,広島,4,3,鈴木博敗：ジャクソン,ジャクソン,0
2018-04-21,阪神,巨人,0,3,田口敗：秋山,秋山,0
2018-04-21,日本ハム,ソフトバンク,0,10,中田敗：有原,有原,0
2018-04-21,楽天,オリックス,1,3,西敗：美馬,美馬,0
2018-04-21,西武,ロッテ,9,3,多和田敗：酒居,酒居,0
2018-04-22,ヤクルト,DeNA,6,2,由規敗：ウィーランド,ウィーランド,0
2018-04-22,中日,広島,3,2,ガルシア敗：大瀬良,大瀬良,0
2018-04-22,阪神,巨人,1,10,野上敗：髙橋遥,髙橋遥,0
2018-04-22,日本ハム,ソフトバンク,11,2,加藤敗：高橋礼,高橋礼,0
2018-04-22,楽天,オリックス,0,8,山岡敗：池田,池田,0
2018-04-22,西武,ロッテ,11,5,高木勇敗：二木,二木,0
2018-04-24,巨人,中日,3,1,山口俊敗：柳,柳,0
2018-04-24,ヤクルト,阪神,,,,,1
2018-04-24,DeNA,広島,2,7,中村祐敗：今永,今永,0
2018-04-24,日本ハム,オリックス,5,3,上沢敗：金子千尋,金子千尋,0
2018-04-24,楽天,ロッテ,,,,,1
2018-04-24,ソフトバンク,西武,,,,,1
2018-04-25,巨人,中日,20,4,吉川光敗：大野雄,大野雄,0
2018-04-25,ヤクルト,阪神,2,4,メッセンジャー敗：ハフ,ハフ,0
2018-04-25,DeNA,広島,5,11,岡田敗：京山,京山,0
2018-04-25,日本ハム,オリックス,4,1,高梨敗：アルバース,アルバース,0
2018-04-25,楽天,ロッテ,3,7,内敗：福山,福山,0
2018-04-25,ソフトバンク,西武,6,12,カスティーヨ敗：バンデンハーク,バンデンハーク,0
2018-04-26,DeNA,広島,3,4,ジャクソン敗：山﨑,山﨑,0
2018-04-26,日本ハム,オリックス,3,2,マルティネス敗：ディクソン,ディクソン,0
2018-04-26,楽天,ロッテ,0,1,涌井敗：辛島,辛島,0
2018-04-26,ソフトバンク,西武,4,1,石川敗：十亀,十亀,0
2018-04-28,巨人,ヤクルト,3,0,菅野敗：ブキャナン,ブキャナン,0
2018-04-28,中日,DeNA,1,6,井納敗：小笠原,小笠原,0
2018-04-28,広島,阪神,7,5,一岡敗：岩崎,岩崎,0
2018-04-28,西武,楽天,7,3,菊池敗：則本,則本,0
2018-04-28,ロッテ,日本ハム,2,5,有原敗：唐川,唐川,0
2018-04-28,オリックス,ソフトバンク,3,1,西敗：東浜,東浜,0
2018-04-29,巨人,ヤクルト,11,8,田原敗：近藤,近藤,0
2018-04-29,中日,DeNA,2,4,三嶋敗：田島,田島,0
2018-04-29,広島,阪神,5,2,大瀬良敗：能見,能見,0
2018-04-29,西武,楽天,16,4,多和田敗：藤平,藤平,0
2018-04-29,ロッテ,日本ハム,6,5,田中敗：西村,西村,0
2018-04-29,オリックス,ソフトバンク,4,7,モイネロ敗：吉田一,吉田一,0
2018-04-30,巨人,ヤクルト,11,1,野上敗：館山,館山,0
2018-04-30,中日,DeNA,3,1,松坂敗：飯塚,飯塚,0
2018-04-30,広島,阪神,2,4,岩崎敗：一岡,一岡,0
2018-04-30,西武,楽天,5,2,榎田敗：池田,池田,0
2018-04-30,ロッテ,日本ハム,4,2,二木敗：ロドリゲス,ロドリゲス,0
2018-04-30,オリックス,ソフトバンク,6,5,田嶋敗：中田,中田,0
2018-05-01,ヤクルト,中日,5,6,谷元敗：秋吉,秋吉,0
2018-05-01,阪神,DeNA,7,1,秋山敗：今永,今永,0
2018-05-01,広島,巨人,6,4,中村祐敗：山口俊,山口俊,0
2018-05-01,ロッテ,ソフトバンク,1,3,千賀敗：石川,石川,0
2018-05-01,オリックス,西武,4,2,アルバース敗：高木勇,高木勇,0
2018-05-02,ヤクルト,中日,3,6,伊藤準敗：原,原,0
2018-05-02,阪神,DeNA,,,,,1
2018-05-02,広島,巨人,,,,,1
2018-05-02,日本ハム,楽天,0,1,岸敗：上沢,上沢,0
2018-05-02,ロッテ,ソフトバンク,3,8,バンデンハーク敗：大隣,大隣,0
2018-05-02,オリックス,西武,6,5,吉田一敗：平井,平井,0
2018-05-03,ヤクルト,中日,7,6,石山敗：田島,田島,0
2018-05-03,阪神,DeNA,4,2,メッセンジャー敗：東,東,0
2018-05-03,広島,巨人,3,2,岡田敗：マシソン,マシソン,0
2018-05-03,日本ハム,楽天,4,1,高梨敗：辛島,辛島,0
2018-05-03,ロッテ,ソフトバンク,3,5,石川敗：涌井,涌井,0
2018-05-03,オリックス,西武,0,8,十亀敗：金子千尋,金子千尋,0
2018-05-04,ヤクルト,広島,8,0,ブキャナン敗：ジョンソン,ジョンソン,0
2018-05-04,DeNA,巨人,0,0,,,0
2018-05-04,阪神,中日,1,5,谷元敗：藤川,藤川,0
2018-05-04,日本ハム,ロッテ,3,6,ボルシンガー敗：村田,村田,0
2018-05-04,楽天,西武,5,6,ワグナー敗：松井,松井,0
2018-05-04,ソフトバンク,オリックス,4,5,澤田敗：森,森,0
2018-05-05,ヤクルト,広島,1,10,大瀬良敗：梅野,梅野,0
2018-05-05,DeNA,巨人,3,8,田口敗：ウィーランド,ウィーランド,0
2018-05-05,阪神,中日,7,2,小野敗：ガルシア,ガルシア,0
2018-05-05,日本ハム,ロッテ,6,4,有原敗：唐川,唐川,0
2018-05-05,楽天,西武,4,10,多和田敗：則本,則本,0
2018-05-05,ソフトバンク,オリックス,3,0,武田敗：山岡,山岡,0
2018-05-06,ヤクルト,広島,4,3,中尾敗：一岡,一岡,0
2018-05-06,DeNA,巨人,12,8,京山敗：野上,野上,0
2018-05-06,阪神,中日,7,5,岩貞敗：R.マルティネス,R.マルティネス,0
2018-05-06,日本ハム,ロッテ,6,1,加藤敗：オルモス,オルモス,0
2018-05-06,楽天,西武,0,11,榎田敗：藤平,藤平,0
2018-05-06,ソフトバンク,オリックス,2,5,田嶋敗：中田,中田,0
2018-05-08,巨人,阪神,0,9,秋山敗：山口俊,山口俊,0
2018-05-08,中日,ヤクルト,6,6,,,0
2018-05-08,広島,DeNA,,,,,1
2018-05-08,楽天,ロッテ,5,0,岸敗：石川,石川,0
2018-05-08,西武,ソフトバンク,0,5,千賀敗：ワグナー,ワグナー,0
2018-05-08,オリックス,日本ハム,8,4,アルバース敗：マルティネス,マルティネス,0
2018-05-09,巨人,阪神,3,1,吉川光敗：メッセンジャー,メッセンジャー,0
2018-05-09,中日,ヤクルト,3,2,鈴木博敗：近藤,近藤,0
2018-05-09,広島,DeNA,1,1,,,0
2018-05-09,楽天,ロッテ,,,,,1
2018-05-09,西武,ソフトバンク,0,3,石川敗：十亀,十亀,0
2018-05-09,オリックス,日本ハム,2,8,上沢敗：ディクソン,ディクソン,0
2018-05-10,巨人,阪神,4,2,内海敗：谷川,谷川,0
2018-05-10,オリックス,日本ハム,2,1,吉田一敗：浦野,浦野,0
2018-05-11,巨人,中日,6,0,菅野敗：小笠原,小笠原,0
2018-05-11,DeNA,ヤクルト,3,7,ブキャナン敗：石田,石田,0
2018-05-11,広島,阪神,14,1,ジョンソン敗：能見,能見,0
2018-05-11,西武,ロッテ,3,12,涌井敗：佐野,佐野,0
2018-05-11,オリックス,楽天,2,5,辛島敗：西,西,0
2018-05-11,ソフトバンク,日本ハム,4,5,玉井敗：田中,田中,0
2018-05-12,巨人,中日,0,6,ガルシア敗：田口,田口,0
2018-05-12,DeNA,ヤクルト,5,6,松岡敗：砂田,砂田,0
2018-05-12,広島,阪神,6,1,大瀬良敗：小野,小野,0
2018-05-12,西武,ロッテ,2,11,ボルシンガー敗：多和田,多和田,0
2018-05-12,オリックス,楽天,0,2,則本敗：山岡,山岡,0
2018-05-12,ソフトバンク,日本ハム,3,5,有原敗：バンデンハーク,バンデンハーク,0
2018-05-13,巨人,中日,9,5,野上敗：松坂,松坂,0
2018-05-13,DeNA,ヤクルト,10,3,三上敗：小川,小川,0
2018-05-13,広島,阪神,,,,,1
2018-05-13,西武,ロッテ,6,0,榎田敗：オルモス,オルモス,0
2018-05-13,オリックス,楽天,1,9,青山敗：田嶋,田嶋,0
2018-05-13,ソフトバンク,日本ハム,8,0,武田敗：加藤,加藤,0
2018-05-15,ヤクルト,巨人,2,1,ハフ敗：山口俊,山口俊,0
2018-05-15,中日,広島,10,4,R.マルティネス敗：中村祐,中村祐,0
2018-05-15,阪神,DeNA,2,1,メッセンジャー敗：飯塚,飯塚,0
2018-05-15,日本ハム,西武,2,0,マルティネス敗：カスティーヨ,カスティーヨ,0
2018-05-15,楽天,ソフトバンク,1,6,千賀敗：福山,福山,0
2018-05-15,ロッテ,オリックス,2,7,アルバース敗：石川,石川,0
2018-05-16,ヤクルト,巨人,4,12,吉川光敗：原,原,0
2018-05-16,中日,広島,5,2,柳敗：岡田,岡田,0
2018-05-16,阪神,DeNA,0,5,東敗：岩貞,岩貞,0
2018-05-16,日本ハム,西武,1,0,上沢敗：十亀,十亀,0
2018-05-16,楽天,ソフトバンク,4,12,石川敗：美馬,美馬,0
2018-05-17,中日,広島,2,3,ジャクソン敗：鈴木博,鈴木博,0
2018-05-17,阪神,DeNA,3,6,平良敗：秋山,秋山,0
2018-05-17,楽天,ソフトバンク,4,3,ハーマン敗：森,森,0
2018-05-17,ロッテ,オリックス,3,6,山本敗：内,内,0
2018-05-18,巨人,DeNA,6,3,菅野敗：石田,石田,0
2018-05-18,中日,阪神,1,2,髙橋遥敗：小笠原,小笠原,0
2018-05-18,広島,ヤクルト,,,,,1
2018-05-18,日本ハム,楽天,0,3,辛島敗：高梨,高梨,0
2018-05-18,ロッテ,ソフトバンク,3,2,涌井敗：東浜,東浜,0
2018-05-19,巨人,DeNA,1,5,エスコバー敗：田口,田口,0
2018-05-19,中日,阪神,3,2,ガルシア敗：小野,小野,0
2018-05-19,広島,ヤクルト,5,2,大瀬良敗：ブキャナン,ブキャナン,0
2018-05-19,日本ハム,楽天,0,5,則本敗：有原,有原,0
2018-05-19,ロッテ,ソフトバンク,8,1,ボルシンガー敗：バンデンハーク,バンデンハーク,0
2018-05-19,オリックス,西武,0,7,多和田敗：山岡,山岡,0
2018-05-20,巨人,DeNA,2,10,ウィーランド敗：野上,野上,0
2018-05-20,中日,阪神,6,1,松坂敗：才木,才木,0
2018-05-20,広島,ヤクルト,1,0,九里敗：小川,小川,0
2018-05-20,日本ハム,楽天,7,1,加藤敗：塩見,塩見,0
2018-05-20,ロッテ,ソフトバンク,8,4,益田敗：武田,武田,0
2018-05-20,オリックス,西武,3,0,田嶋敗：榎田,榎田,0
2018-05-22,巨人,広島,8,0,山口俊敗：中村祐,中村祐,0
2018-05-22,DeNA,中日,0,8,山井敗：飯塚,飯塚,0
2018-05-22,阪神,ヤクルト,8,3,メッセンジャー敗：石川,石川,0
2018-05-22,楽天,オリックス,0,10,アルバース敗：池田,池田,0
2018-05-22,ロッテ,日本ハム,2,0,石川敗：マルティネス,マルティネス,0
2018-05-22,ソフトバンク,西武,5,3,攝津敗：カスティーヨ,カスティーヨ,0
2018-05-23,巨人,広島,3,9,岡田敗：吉川光,吉川光,0
2018-05-23,DeNA,中日,,,,,1
2018-05-23,阪神,ヤクルト,,,,,1
2018-05-23,楽天,オリックス,2,5,金子千尋敗：美馬,美馬,0
2018-05-23,ロッテ,日本ハム,0,2,上沢敗：有吉,有吉,0
2018-05-23,ソフトバンク,西武,1,2,十亀敗：石川,石川,0
2018-05-24,DeNA,中日,3,2,東敗：吉見,吉見,0
2018-05-24,阪神,ヤクルト,2,0,秋山敗：中尾,中尾,0
2018-05-24,楽天,オリックス,4,1,岸敗：西,西,0
2018-05-24,ロッテ,日本ハム,7,6,田中敗：玉井,玉井,0
2018-05-24,ソフトバンク,西武,5,12,小石敗：嘉弥真,嘉弥真,0
2018-05-25,ヤクルト,DeNA,5,14,三嶋敗：ブキャナン,ブキャナン,0
2018-05-25,阪神,巨人,1,0,岩貞敗：菅野,菅野,0
2018-05-25,広島,中日,6,3,大瀬良敗：柳,柳,0
2018-05-25,西武,日本ハム,5,8,高梨敗：相内,相内,0
2018-05-25,オリックス,ロッテ,9,5,澤田敗：涌井,涌井,0
2018-05-25,ソフトバンク,楽天,4,6,辛島敗：東浜,東浜,0
2018-05-26,ヤクルト,DeNA,5,1,中尾敗：三上,三上,0
2018-05-26,阪神,巨人,5,4,ドリス敗：澤村,澤村,0
2018-05-26,広島,中日,6,7,ガルシア敗：フランスア,フランスア,0
2018-05-26,西武,日本ハム,5,6,浦野敗：増田,増田,0
2018-05-26,オリックス,ロッテ,3,6,ボルシンガー敗：山岡,山岡,0
2018-05-26,ソフトバンク,楽天,4,3,モイネロ敗：則本,則本,0
2018-05-27,ヤクルト,DeNA,5,3,小川敗：平良,平良,0
2018-05-27,阪神,巨人,9,1,才木敗：野上,野上,0
2018-05-27,広島,中日,7,8,鈴木博敗：一岡,一岡,0
2018-05-27,西武,日本ハム,8,10,トンキン敗：増田,増田,0
2018-05-27,オリックス,ロッテ,3,2,山本敗：シェッパーズ,シェッパーズ,0
2018-05-27,ソフトバンク,楽天,4,8,青山敗：武田,武田,0
2018-05-29,巨人,日本ハム,3,5,マルティネス敗：山口俊,山口俊,0
2018-05-29,ヤクルト,ロッテ,1,5,石川敗：石川,石川,0
2018-05-29,DeNA,楽天,9,2,ウィーランド敗：古川,古川,0
2018-05-29,中日,オリックス,5,8,吉田一敗：福谷,福谷,0
2018-05-29,阪神,ソフトバンク,0,1,加治屋敗：ドリス,ドリス,0
2018-05-29,広島,西武,3,7,カスティーヨ敗：中村祐,中村祐,0
2018-05-30,巨人,日本ハム,9,8,谷岡敗：上沢,上沢,0
2018-05-30,ヤクルト,ロッテ,4,1,中尾敗：大谷,大谷,0
2018-05-30,DeNA,楽天,,,,,1
2018-05-30,中日,オリックス,1,5,金子千尋敗：鈴木博,鈴木博,0
2018-05-30,阪神,ソフトバンク,3,6,石川敗：髙橋遥,髙橋遥,0
2018-05-30,広島,西武,8,7,アドゥワ敗：武隈,武隈,0
2018-05-31,巨人,日本ハム,2,4,村田敗：鍬原,鍬原,0
2018-05-31,ヤクルト,ロッテ,3,1,カラシティー敗：渡邉,渡邉,0
2018-05-31,DeNA,楽天,4,3,山﨑敗：松井,松井,0
2018-05-31,中日,オリックス,9,2,吉見敗：西,西,0
2018-05-31,阪神,ソフトバンク,2,5,中田敗：秋山,秋山,0
2018-05-31,広島,西武,7,12,ウルフ敗：薮田,薮田,0
2018-06-01,日本ハム,中日,13,2,高梨敗：柳,柳,0
2018-06-01,楽天,ヤクルト,2,5,ブキャナン敗：辛島,辛島,0
2018-06-01,西武,阪神,2,0,菊池敗：岩貞,岩貞,0
2018-06-01,ロッテ,広島,4,6,大瀬良敗：大谷,大谷,0
2018-06-01,オリックス,巨人,1,3,菅野敗：黒木,黒木,0
2018-06-01,ソフトバンク,DeNA,6,2,千賀敗：今永,今永,0
2018-06-02,日本ハム,中日,9,3,公文敗：ガルシア,ガルシア,0
2018-06-02,楽天,ヤクルト,2,3,カラシティー敗：則本,則本,0
2018-06-02,西武,阪神,5,10,谷川敗：野田,野田,0
2018-06-02,ロッテ,広島,7,3,ボルシンガー敗：高橋昂,高橋昂,0
2018-06-02,オリックス,巨人,3,2,近藤敗：池田,池田,0
2018-06-02,ソフトバンク,DeNA,5,4,バンデンハーク敗：エスコバー,エスコバー,0
2018-06-03,日本ハム,中日,2,5,山井敗：加藤,加藤,0
2018-06-03,楽天,ヤクルト,2,3,中尾敗：松井,松井,0
2018-06-03,西武,阪神,10,5,榎田敗：藤浪,藤浪,0
2018-06-03,ロッテ,広島,7,5,南敗：九里,九里,0
2018-06-03,オリックス,巨人,3,2,山本敗：マシソン,マシソン,0
2018-06-03,ソフトバンク,DeNA,7,5,岡本敗：石田,石田,0
2018-06-05,巨人,楽天,1,4,古川敗：山口俊,山口俊,0
2018-06-05,ヤクルト,ソフトバンク,12,6,石川敗：攝津,攝津,0
2018-06-05,DeNA,西武,1,8,カスティーヨ敗：ウィーランド,ウィーランド,0
2018-06-05,中日,ロッテ,1,4,石川敗：又吉,又吉,0
2018-06-05,阪神,オリックス,2,3,アルバース敗：メッセンジャー,メッセンジャー,0
2018-06-05,広島,日本ハム,,,,,1
2018-06-06,巨人,楽天,3,1,今村敗：近藤,近藤,0
2018-06-06,ヤクルト,ソフトバンク,,,,,1
2018-06-06,DeNA,西武,,,,,1
2018-06-06,中日,ロッテ,0,1,有吉敗：小笠原,小笠原,0
2018-06-06,阪神,オリックス,,,,,1
2018-06-06,広島,日本ハム,4,3,藤井皓敗：トンキン,トンキン,0
2018-06-07,巨人,楽天,4,5,岸敗：上原,上原,0
2018-06-07,ヤクルト,ソフトバンク,4,3,石山敗：モイネロ,モイネロ,0
2018-06-07,DeNA,西武,7,9,十亀敗：京山,京山,0
2018-06-07,中日,ロッテ,9,8,祖父江敗：阿部,阿部,0
2018-06-07,阪神,オリックス,2,1,秋山敗：金子千尋,金子千尋,0
2018-06-07,広島,日本ハム,4,8,マルティネス敗：中村祐,中村祐,0
2018-06-08,巨人,西武,4,5,菊池敗：菅野,菅野,0
2018-06-08,ヤクルト,オリックス,0,3,西敗：ハフ,ハフ,0
2018-06-08,DeNA,日本ハム,5,2,東敗：高梨,高梨,0
2018-06-08,中日,ソフトバンク,5,4,松坂敗：千賀,千賀,0
2018-06-08,阪神,ロッテ,,,,,1
2018-06-08,広島,楽天,7,0,大瀬良敗：辛島,辛島,0
2018-06-09,巨人,西武,8,5,田原敗：多和田,多和田,0
2018-06-09,ヤクルト,オリックス,7,3,カラシティー敗：ディクソン,ディクソン,0
2018-06-09,DeNA,日本ハム,4,3,エスコバー敗：西村,西村,0
2018-06-09,中日,ソフトバンク,3,0,ガルシア敗：バンデンハーク,バンデンハーク,0
2018-06-09,阪神,ロッテ,3,2,能見敗：南,南,0
2018-06-09,広島,楽天,2,1,ジョンソン敗：則本,則本,0
2018-06-10,巨人,西武,3,2,カミネロ敗：増田,増田,0
2018-06-10,ヤクルト,オリックス,9,5,小川敗：田嶋,田嶋,0
2018-06-10,DeNA,日本ハム,6,3,今永敗：加藤,加藤,0
2018-06-10,中日,ソフトバンク,2,5,中田敗：大野雄,大野雄,0
2018-06-10,阪神,ロッテ,2,3,ボルシンガー敗：髙橋遥,髙橋遥,0
2018-06-10,広島,楽天,3,0,今村敗：美馬,美馬,0
2018-06-11,阪神,ロッテ,,,,,1
2018-06-12,日本ハム,阪神,5,10,メッセンジャー敗：斎藤佑樹,斎藤佑樹,0
2018-06-12,楽天,中日,5,1,古川敗：山井,山井,0
2018-06-12,西武,ヤクルト,1,3,石川敗：カスティーヨ,カスティーヨ,0
2018-06-12,ロッテ,DeNA,3,0,石川敗：ウィーランド,ウィーランド,0
2018-06-12,オリックス,広島,4,1,アルバース敗：福井,福井,0
2018-06-12,ソフトバンク,巨人,2,8,山口俊敗：武田,武田,0
2018-06-13,日本ハム,阪神,8,7,上沢敗：尾仲,尾仲,0
2018-06-13,楽天,中日,3,6,小笠原敗：近藤,近藤,0
2018-06-13,西武,ヤクルト,7,4,今井敗：ブキャナン,ブキャナン,0
2018-06-13,ロッテ,DeNA,6,1,有吉敗：バリオス,バリオス,0
2018-06-13,オリックス,広島,12,5,近藤敗：岡田,岡田,0
2018-06-13,ソフトバンク,巨人,4,2,攝津敗：今村,今村,0
2018-06-14,日本ハム,阪神,11,3,マルティネス敗：秋山,秋山,0
2018-06-14,楽天,中日,4,0,岸敗：吉見,吉見,0
2018-06-14,西武,ヤクルト,4,6,近藤敗：増田,増田,0
2018-06-14,ロッテ,DeNA,1,4,パットン敗：田中,田中,0
2018-06-14,オリックス,広島,8,2,金子千尋敗：フランスア,フランスア,0
2018-06-14,ソフトバンク,巨人,4,6,鍬原敗：石川,石川,0
2018-06-15,日本ハム,ヤクルト,11,4,宮西敗：風張,風張,0
2018-06-15,楽天,阪神,0,4,藤浪敗：辛島,辛島,0
2018-06-15,西武,中日,3,2,大石敗：鈴木博,鈴木博,0
2018-06-15,ロッテ,巨人,0,5,菅野敗：涌井,涌井,0
2018-06-15,オリックス,DeNA,7,3,西敗：東,東,0
2018-06-15,ソフトバンク,広島,8,0,千賀敗：大瀬良,大瀬良,0
2018-06-16,日本ハム,ヤクルト,2,1,トンキン敗：中尾,中尾,0
2018-06-16,楽天,阪神,1,2,桑原敗：則本,則本,0
2018-06-16,西武,中日,9,2,カスティーヨ敗：ガルシア,ガルシア,0
2018-06-16,ロッテ,巨人,1,0,ボルシンガー敗：田口,田口,0
2018-06-16,オリックス,DeNA,0,1,三嶋敗：近藤,近藤,0
2018-06-16,ソフトバンク,広島,6,2,バンデンハーク敗：今村,今村,0
2018-06-17,日本ハム,ヤクルト,1,5,小川敗：加藤,加藤,0
2018-06-17,楽天,阪神,8,0,美馬敗：才木,才木,0
2018-06-17,西武,中日,3,11,藤嶋敗：榎田,榎田,0
2018-06-17,ロッテ,巨人,2,1,南敗：カミネロ,カミネロ,0
2018-06-17,オリックス,DeNA,7,1,田嶋敗：今永,今永,0
2018-06-17,ソフトバンク,広島,4,13,九里敗：中田,中田,0
2018-06-18,DeNA,西武,4,2,飯塚敗：多和田,多和田,0
2018-06-18,広島,日本ハム,2,6,上原敗：福井,福井,0
2018-06-19,ヤクルト,ソフトバンク,4,5,加治屋敗：近藤,近藤,0
2018-06-19,DeNA,楽天,1,7,古川敗：バリオス,バリオス,0
2018-06-19,阪神,ロッテ,1,3,石川敗：メッセンジャー,メッセンジャー,0
2018-06-20,阪神,オリックス,,,,,1
2018-06-21,阪神,オリックス,3,3,,,0
2018-06-22,巨人,ヤクルト,8,5,菅野敗：山田大,山田大,0
2018-06-22,中日,DeNA,4,3,鈴木博敗：三嶋,三嶋,0
2018-06-22,阪神,広島,3,5,大瀬良敗：秋山,秋山,0
2018-06-22,楽天,日本ハム,7,8,公文敗：小野,小野,0
2018-06-22,ロッテ,西武,1,5,菊池敗：涌井,涌井,0
2018-06-22,オリックス,ソフトバンク,3,5,モイネロ敗：近藤,近藤,0
2018-06-23,巨人,ヤクルト,7,1,山口俊敗：ハフ,ハフ,0
2018-06-23,中日,DeNA,5,3,ガルシア敗：東,東,0
2018-06-23,阪神,広島,3,11,野村敗：岩貞,岩貞,0
2018-06-23,楽天,日本ハム,3,2,岸敗：高梨,高梨,0
2018-06-23,ロッテ,西武,4,3,ボルシンガー敗：今井,今井,0
2018-06-23,オリックス,ソフトバンク,,,,,1
2018-06-24,巨人,ヤクルト,2,3,小川敗：今村,今村,0
2018-06-24,中日,DeNA,1,6,パットン敗：田島,田島,0
2018-06-24,阪神,広島,6,11,アドゥワ敗：ドリス,ドリス,0
2018-06-24,楽天,日本ハム,6,5,宋家豪敗：石川直,石川直,0
2018-06-24,ロッテ,西武,6,8,榎田敗：酒居,酒居,0
2018-06-24,オリックス,ソフトバンク,4,5,嘉弥真敗：比嘉,比嘉,0
2018-06-26,ヤクルト,中日,9,1,ブキャナン敗：小笠原,小笠原,0
2018-06-26,DeNA,阪神,0,4,メッセンジャー敗：バリオス,バリオス,0
2018-06-26,広島,巨人,14,5,フランスア敗：鍬原,鍬原,0
2018-06-26,日本ハム,ソフトバンク,5,0,上沢敗：千賀,千賀,0
2018-06-26,西武,オリックス,2,4,アルバース敗：十亀,十亀,0
2018-06-26,ロッテ,楽天,4,1,石川敗：古川,古川,0
2018-06-27,ヤクルト,中日,7,2,カラシティー敗：藤嶋,藤嶋,0
2018-06-27,DeNA,阪神,6,16,藤浪敗：飯塚,飯塚,0
2018-06-27,広島,巨人,8,6,九里敗：田口,田口,0
2018-06-27,日本ハム,ソフトバンク,3,2,石川直敗：森,森,0
2018-06-27,西武,オリックス,3,3,,,0
2018-06-27,ロッテ,楽天,4,3,有吉敗：則本,則本,0
2018-06-28,ヤクルト,中日,9,6,原敗：田島,田島,0
2018-06-28,DeNA,阪神,2,3,能見敗：山﨑,山﨑,0
2018-06-28,広島,巨人,4,2,高橋昂敗：菅野,菅野,0
2018-06-28,西武,オリックス,14,11,多和田敗：山岡,山岡,0
2018-06-29,ヤクルト,阪神,10,9,中尾敗：伊藤和,伊藤和,0
2018-06-29,DeNA,広島,5,4,山﨑敗：アドゥワ,アドゥワ,0
2018-06-29,中日,巨人,4,3,又吉敗：澤村,澤村,0
2018-06-29,日本ハム,オリックス,1,2,西敗：マルティネス,マルティネス,0
2018-06-29,西武,楽天,1,15,塩見敗：菊池,菊池,0
2018-06-29,ソフトバンク,ロッテ,6,5,嘉弥真敗：内,内,0
2018-06-30,ヤクルト,阪神,7,15,才木敗：ハフ,ハフ,0
2018-06-30,DeNA,広島,2,1,東敗：野村,野村,0
2018-06-30,中日,巨人,2,5,内海敗：ガルシア,ガルシア,0
2018-06-30,日本ハム,オリックス,5,2,高梨敗：山﨑福,山﨑福,0
2018-06-30,西武,楽天,1,9,岸敗：今井,今井,0
2018-06-30,ソフトバンク,ロッテ,2,5,ボルシンガー敗：石川,石川,0
2018-07-01,ヤクルト,阪神,5,6,小野敗：寺島,寺島,0
2018-07-01,DeNA,広島,1,15,岡田敗：濵口,濵口,0
2018-07-01,中日,巨人,0,3,ヤングマン敗：山井,山井,0
2018-07-01,日本ハム,オリックス,3,6,ディクソン敗：吉田,吉田,0
2018-07-01,西武,楽天,8,7,カスティーヨ敗：宋家豪,宋家豪,0
2018-07-01,ソフトバンク,ロッテ,1,4,酒居敗：バンデンハーク,バンデンハーク,0
2018-07-03,巨人,DeNA,6,5,谷岡敗：田中健,田中健,0
2018-07-03,阪神,中日,5,10,小笠原敗：メッセンジャー,メッセンジャー,0
2018-07-03,広島,ヤクルト,,,,,1
2018-07-03,日本ハム,西武,2,5,十亀敗：上沢,上沢,0
2018-07-03,楽天,ソフトバンク,2,5,千賀敗：古川,古川,0
2018-07-03,オリックス,ロッテ,2,2,,,0
2018-07-04,巨人,DeNA,4,8,ウィーランド敗：田口,田口,0
2018-07-04,阪神,中日,6,5,桑原敗：祖父江,祖父江,0
2018-07-04,広島,ヤクルト,4,2,ジョンソン敗：ブキャナン,ブキャナン,0
2018-07-04,オリックス,ロッテ,4,2,山本敗：益田,益田,0
2018-07-05,巨人,DeNA,4,6,今永敗：山口俊,山口俊,0
2018-07-05,阪神,中日,,,,,1
2018-07-05,広島,ヤクルト,,,,,1
2018-07-05,日本ハム,西武,,,,,1
2018-07-05,楽天,ソフトバンク,6,5,則本敗：攝津,攝津,0
2018-07-05,オリックス,ロッテ,2,5,唐川敗：山岡,山岡,0
2018-07-06,巨人,広島,4,0,菅野敗：大瀬良,大瀬良,0
2018-07-06,中日,ヤクルト,,,,,1
2018-07-06,阪神,DeNA,,,,,1
2018-07-06,楽天,西武,,,,,1
2018-07-06,ロッテ,日本ハム,1,1,,,0
2018-07-07,巨人,広島,2,5,野村敗：内海,内海,0
2018-07-07,中日,ヤクルト,3,0,ガルシア敗：小川,小川,0
2018-07-07,阪神,DeNA,,,,,1
2018-07-07,楽天,西武,2,3,多和田敗：宋家豪,宋家豪,0
2018-07-07,ロッテ,日本ハム,9,1,ボルシンガー敗：高梨,高梨,0
2018-07-07,オリックス,ソフトバンク,,,,,1
2018-07-08,巨人,広島,6,4,今村敗：岡田,岡田,0
2018-07-08,中日,ヤクルト,5,4,吉見敗：石川,石川,0
2018-07-08,阪神,DeNA,0,1,井納敗：岩貞,岩貞,0
2018-07-08,楽天,西武,3,4,カスティーヨ敗：高梨,高梨,0
2018-07-08,ロッテ,日本ハム,3,6,加藤敗：酒居,酒居,0
2018-07-08,オリックス,ソフトバンク,0,8,バンデンハーク敗：西,西,0
2018-07-09,ヤクルト,巨人,5,8,ヤングマン敗：中尾,中尾,0
2018-07-09,DeNA,中日,5,4,石田敗：佐藤,佐藤,0
2018-07-09,広島,阪神,,,,,1
2018-07-09,西武,ロッテ,11,5,平井敗：南,南,0
2018-07-09,ソフトバンク,日本ハム,1,10,有原敗：石川,石川,0
2018-07-10,ヤクルト,巨人,3,6,メルセデス敗：ブキャナン,ブキャナン,0
2018-07-10,DeNA,中日,8,13,山井敗：ウィーランド,ウィーランド,0
2018-07-10,広島,阪神,,,,,1
2018-07-10,楽天,オリックス,3,2,高梨敗：山本,山本,0
2018-07-10,西武,ロッテ,5,7,松永敗：ウルフ,ウルフ,0
2018-07-10,ソフトバンク,日本ハム,0,12,上沢敗：武田,武田,0
2018-07-11,ヤクルト,巨人,3,7,山口俊敗：大下,大下,0
2018-07-11,DeNA,中日,1,2,小笠原敗：今永,今永,0
2018-07-11,広島,阪神,,,,,1
2018-07-11,楽天,オリックス,3,8,金子千尋敗：辛島,辛島,0
2018-07-11,西武,ロッテ,8,4,榎田敗：有吉,有吉,0
2018-07-13,パ・リーグ,セ・リーグ,7,6,宮西敗：ガルシア,ガルシア,0
2018-07-14,セ・リーグ,パ・リーグ,1,5,アルバース敗：岩貞,岩貞,0
2018-07-16,DeNA,ヤクルト,2,5,中尾敗：山﨑,山﨑,0
2018-07-16,中日,広島,1,5,ジョンソン敗：吉見,吉見,0
2018-07-16,阪神,巨人,3,4,内海敗：メッセンジャー,メッセンジャー,0
2018-07-16,ロッテ,楽天,2,3,宋家豪敗：益田,益田,0
2018-07-16,オリックス,日本ハム,1,4,有原敗：西,西,0
2018-07-16,ソフトバンク,西武,16,4,千賀敗：多和田,多和田,0
2018-07-17,DeNA,ヤクルト,0,6,ブキャナン敗：濵口,濵口,0
2018-07-17,中日,広島,1,5,九里敗：笠原,笠原,0
2018-07-17,阪神,巨人,2,4,ヤングマン敗：岩田,岩田,0
2018-07-17,ロッテ,楽天,1,6,美馬敗：石川,石川,0
2018-07-17,オリックス,日本ハム,11,0,ディクソン敗：マルティネス,マルティネス,0
2018-07-17,ソフトバンク,西武,6,1,石川敗：十亀,十亀,0
2018-07-18,DeNA,ヤクルト,7,2,ウィーランド敗：原,原,0
2018-07-18,中日,広島,5,0,ガルシア敗：岡田,岡田,0
2018-07-18,阪神,巨人,3,5,メルセデス敗：才木,才木,0
2018-07-18,ロッテ,楽天,2,6,松井敗：益田,益田,0
2018-07-18,オリックス,日本ハム,3,2,澤田敗：村田,村田,0
2018-07-18,ソフトバンク,西武,5,12,ウルフ敗：武田,武田,0
2018-07-20,ヤクルト,中日,9,4,大下敗：山井,山井,0
2018-07-20,DeNA,阪神,10,3,東敗：秋山,秋山,0
2018-07-20,広島,巨人,10,9,ジャクソン敗：マシソン,マシソン,0
2018-07-20,日本ハム,ソフトバンク,6,5,上沢敗：バンデンハーク,バンデンハーク,0
2018-07-20,西武,楽天,2,7,塩見敗：菊池,菊池,0
2018-07-20,ロッテ,オリックス,8,7,内敗：比嘉,比嘉,0
2018-07-21,ヤクルト,中日,7,5,石山敗：鈴木博,鈴木博,0
2018-07-21,DeNA,阪神,5,7,岩貞敗：石田,石田,0
2018-07-21,広島,巨人,7,5,大瀬良敗：菅野,菅野,0
2018-07-21,日本ハム,ソフトバンク,3,2,杉浦敗：攝津,攝津,0
2018-07-21,西武,楽天,7,9,松井敗：武隈,武隈,0
2018-07-21,ロッテ,オリックス,2,1,ボルシンガー敗：山岡,山岡,0
2018-07-22,ヤクルト,中日,5,4,近藤敗：又吉,又吉,0
2018-07-22,DeNA,阪神,7,11,メッセンジャー敗：今永,今永,0
2018-07-22,広島,巨人,8,6,永川敗：上原,上原,0
2018-07-22,日本ハム,ソフトバンク,7,5,井口敗：加治屋,加治屋,0
2018-07-22,西武,楽天,6,3,ヒース敗：松井,松井,0
2018-07-22,ロッテ,オリックス,7,3,涌井敗：吉田一,吉田一,0
2018-07-24,巨人,ヤクルト,2,5,小川敗：内海,内海,0
2018-07-24,中日,DeNA,11,4,笠原敗：井納,井納,0
2018-07-24,阪神,広島,1,3,ジョンソン敗：岩田,岩田,0
2018-07-24,楽天,日本ハム,10,8,松井敗：玉井,玉井,0
2018-07-24,西武,オリックス,7,1,多和田敗：金子千尋,金子千尋,0
2018-07-24,ソフトバンク,ロッテ,10,10,,,0
2018-07-25,巨人,ヤクルト,5,6,ブキャナン敗：ヤングマン,ヤングマン,0
2018-07-25,中日,DeNA,3,4,濵口敗：ガルシア,ガルシア,0
2018-07-25,阪神,広島,6,3,才木敗：九里,九里,0
2018-07-25,楽天,日本ハム,8,1,古川敗：マルティネス,マルティネス,0
2018-07-25,西武,オリックス,6,5,ヒース敗：増井,増井,0
2018-07-26,巨人,ヤクルト,1,2,星敗：上原,上原,0
2018-07-26,中日,DeNA,4,5,田中健敗：吉見,吉見,0
2018-07-26,阪神,広島,3,9,アドゥワ敗：藤浪,藤浪,0
2018-07-26,西武,オリックス,2,1,ヒース敗：増井,増井,0
2018-07-26,ソフトバンク,ロッテ,6,5,森敗：大谷,大谷,0
2018-07-27,巨人,中日,5,0,山口俊敗：山井,山井,0
2018-07-27,ヤクルト,阪神,8,2,カラシティー敗：小野,小野,0
2018-07-27,広島,DeNA,10,1,野村敗：ウィーランド,ウィーランド,0
2018-07-27,日本ハム,オリックス,13,2,上沢敗：西,西,0
2018-07-27,ソフトバンク,楽天,5,6,久保敗：五十嵐,五十嵐,0
2018-07-28,巨人,中日,0,4,小笠原敗：菅野,菅野,0
2018-07-28,ヤクルト,阪神,,,,,1
2018-07-28,広島,DeNA,1,9,京山敗：大瀬良,大瀬良,0
2018-07-28,日本ハム,オリックス,3,0,堀敗：山岡,山岡,0
2018-07-28,ロッテ,西武,,,,,1
2018-07-28,ソフトバンク,楽天,1,7,岸敗：攝津,攝津,0
2018-07-29,巨人,中日,2,9,小熊敗：髙田,髙田,0
2018-07-29,ヤクルト,阪神,4,10,藤川敗：風張,風張,0
2018-07-29,広島,DeNA,,,,,1
2018-07-29,日本ハム,オリックス,2,8,近藤敗：トンキン,トンキン,0
2018-07-29,ロッテ,西武,3,9,齊藤大敗：ボルシンガー,ボルシンガー,0
2018-07-29,ソフトバンク,楽天,4,0,武田敗：辛島,辛島,0
2018-07-31,ヤクルト,広島,3,6,ジョンソン敗：小川,小川,0
2018-07-31,DeNA,巨人,0,6,内海敗：井納,井納,0
2018-07-31,中日,阪神,7,2,ガルシア敗：岩貞,岩貞,0
2018-07-31,日本ハム,ロッテ,14,1,有原敗：石川,石川,0
2018-07-31,西武,ソフトバンク,7,4,多和田敗：千賀,千賀,0
2018-07-31,オリックス,楽天,4,6,宋家豪敗：吉田一,吉田一,0
2018-08-01,ヤクルト,広島,7,13,九里敗：ブキャナン,ブキャナン,0
2018-08-01,DeNA,巨人,1,7,吉川光敗：濵口,濵口,0
2018-08-01,中日,阪神,8,5,松坂敗：才木,才木,0
2018-08-01,日本ハム,ロッテ,8,7,浦野敗：益田,益田,0
2018-08-01,西武,ソフトバンク,6,14,大竹敗：高木勇,高木勇,0
2018-08-01,オリックス,楽天,2,4,ハーマン敗：吉田一,吉田一,0
2018-08-02,ヤクルト,広島,10,4,原敗：岡田,岡田,0
2018-08-02,DeNA,巨人,2,3,メルセデス敗：ウィーランド,ウィーランド,0
2018-08-02,西武,ソフトバンク,10,2,今井敗：石川,石川,0
2018-08-02,オリックス,楽天,2,3,松井敗：増井,増井,0
2018-08-03,DeNA,広島,7,6,藤岡敗：一岡,一岡,0
2018-08-03,中日,巨人,4,3,岩瀬敗：澤村,澤村,0
2018-08-03,楽天,ロッテ,1,2,松永敗：高梨,高梨,0
2018-08-03,西武,日本ハム,4,3,平井敗：宮西,宮西,0
2018-08-03,ソフトバンク,オリックス,5,3,バンデンハーク敗：西,西,0
2018-08-04,DeNA,広島,2,4,大瀬良敗：京山,京山,0
2018-08-04,中日,巨人,4,6,池田敗：ロドリゲス,ロドリゲス,0
2018-08-04,阪神,ヤクルト,10,9,桑原敗：石山,石山,0
2018-08-04,楽天,ロッテ,0,3,ボルシンガー敗：岸,岸,0
2018-08-04,西武,日本ハム,3,6,マルティネス敗：ウルフ,ウルフ,0
2018-08-04,ソフトバンク,オリックス,2,3,岩本敗：笠谷,笠谷,0
2018-08-05,DeNA,広島,5,6,中﨑敗：山﨑,山﨑,0
2018-08-05,中日,巨人,0,2,今村敗：山井,山井,0
2018-08-05,阪神,ヤクルト,3,1,小野敗：石川,石川,0
2018-08-05,楽天,ロッテ,4,2,辛島敗：涌井,涌井,0
2018-08-05,西武,日本ハム,7,4,榎田敗：高梨,高梨,0
2018-08-05,ソフトバンク,オリックス,4,6,松葉敗：武田,武田,0
2018-08-07,巨人,阪神,4,7,岩貞敗：内海,内海,0
2018-08-07,ヤクルト,DeNA,1,4,平良敗：小川,小川,0
2018-08-07,広島,中日,6,2,ジョンソン敗：ガルシア,ガルシア,0
2018-08-07,日本ハム,楽天,2,2,,,0
2018-08-07,ロッテ,ソフトバンク,2,3,石川敗：岩下,岩下,0
2018-08-07,オリックス,西武,0,6,多和田敗：アルバース,アルバース,0
2018-08-08,巨人,阪神,3,1,吉川光敗：才木,才木,0
2018-08-08,ヤクルト,DeNA,,,,,1
2018-08-08,広島,中日,7,5,一岡敗：ロドリゲス,ロドリゲス,0
2018-08-08,日本ハム,楽天,2,1,村田敗：古川,古川,0
2018-08-08,ロッテ,ソフトバンク,,,,,1
2018-08-08,オリックス,西武,6,7,髙橋光敗：金子千尋,金子千尋,0
2018-08-09,巨人,阪神,2,3,桑原敗：澤村,澤村,0
2018-08-09,ヤクルト,DeNA,11,3,原敗：ウィーランド,ウィーランド,0
2018-08-09,広島,中日,3,2,一岡敗：ロドリゲス,ロドリゲス,0
2018-08-09,日本ハム,楽天,0,10,藤平敗：堀,堀,0
2018-08-09,オリックス,西武,7,6,ディクソン敗：今井,今井,0
2018-08-10,DeNA,阪神,1,3,メッセンジャー敗：東,東,0
2018-08-10,中日,ヤクルト,3,0,吉見敗：ブキャナン,ブキャナン,0
2018-08-10,広島,巨人,9,3,野村敗：メルセデス,メルセデス,0
2018-08-10,楽天,西武,3,7,菊池敗：塩見,塩見,0
2018-08-10,オリックス,ロッテ,2,1,西敗：二木,二木,0
2018-08-10,ソフトバンク,日本ハム,5,0,千賀敗：上沢,上沢,0
2018-08-11,DeNA,阪神,3,8,小野敗：濵口,濵口,0
2018-08-11,中日,ヤクルト,7,8,ハフ敗：又吉,又吉,0
2018-08-11,広島,巨人,2,2,,,0
2018-08-11,楽天,西武,0,10,ウルフ敗：岸,岸,0
2018-08-11,オリックス,ロッテ,6,3,山田敗：益田,益田,0
2018-08-11,ソフトバンク,日本ハム,1,3,トンキン敗：森,森,0
2018-08-12,DeNA,阪神,12,5,今永敗：馬場,馬場,0
2018-08-12,中日,ヤクルト,1,3,近藤敗：鈴木博,鈴木博,0
2018-08-12,広島,巨人,4,8,今村敗：福井,福井,0
2018-08-12,楽天,西武,3,1,宋家豪敗：齊藤大,齊藤大,0
2018-08-12,オリックス,ロッテ,3,2,ローチ敗：岩下,岩下,0
2018-08-12,ソフトバンク,日本ハム,11,5,松本裕敗：高梨,高梨,0
2018-08-14,ヤクルト,巨人,6,5,風張敗：アダメス,アダメス,0
2018-08-14,中日,DeNA,5,6,三嶋敗：R.マルティネス,R.マルティネス,0
2018-08-14,阪神,広島,7,4,藤川敗：今村,今村,0
2018-08-14,日本ハム,ロッテ,1,3,有吉敗：有原,有原,0
2018-08-14,西武,オリックス,7,6,マーティン敗：岩本,岩本,0
2018-08-14,ソフトバンク,楽天,2,1,東浜敗：則本,則本,0
2018-08-15,ヤクルト,巨人,5,11,吉川光敗：古野,古野,0
2018-08-15,中日,DeNA,5,1,小熊敗：石田,石田,0
2018-08-15,阪神,広島,4,6,九里敗：才木,才木,0
2018-08-15,日本ハム,ロッテ,4,1,村田敗：酒居,酒居,0
2018-08-15,西武,オリックス,3,4,山岡敗：髙橋光,髙橋光,0
2018-08-15,ソフトバンク,楽天,6,3,バンデンハーク敗：古川,古川,0
2018-08-16,ヤクルト,巨人,7,0,原敗：山口俊,山口俊,0
2018-08-16,中日,DeNA,11,5,松坂敗：京山,京山,0
2018-08-16,阪神,広島,3,2,藤川敗：フランスア,フランスア,0
2018-08-16,日本ハム,ロッテ,2,6,土肥敗：藤岡,藤岡,0
2018-08-16,西武,オリックス,1,1,,,0
2018-08-16,ソフトバンク,楽天,2,3,藤平敗：武田,武田,0
2018-08-17,巨人,中日,1,6,笠原敗：メルセデス,メルセデス,0
2018-08-17,ヤクルト,阪神,3,2,ブキャナン敗：秋山,秋山,0
2018-08-17,DeNA,広島,7,5,三嶋敗：一岡,一岡,0
2018-08-17,楽天,ロッテ,0,1,二木敗：青山,青山,0
2018-08-17,西武,日本ハム,3,5,西村敗：菊池,菊池,0
2018-08-17,オリックス,ソフトバンク,0,9,千賀敗：西,西,0
2018-08-18,巨人,中日,10,0,菅野敗：山井,山井,0
2018-08-18,ヤクルト,阪神,3,4,小野敗：カラシティー,カラシティー,0
2018-08-18,DeNA,広島,1,4,大瀬良敗：濵口,濵口,0
2018-08-18,楽天,ロッテ,3,2,青山敗：松永,松永,0
2018-08-18,西武,日本ハム,7,6,野田敗：トンキン,トンキン,0
2018-08-18,オリックス,ソフトバンク,2,7,ミランダ敗：ローチ,ローチ,0
2018-08-19,巨人,中日,6,5,中川敗：R.マルティネス,R.マルティネス,0
2018-08-19,ヤクルト,阪神,8,5,石川敗：岩田,岩田,0
2018-08-19,DeNA,広島,7,9,アドゥワ敗：今永,今永,0
2018-08-19,楽天,ロッテ,7,8,高野敗：ハーマン,ハーマン,0
2018-08-19,西武,日本ハム,7,4,平井敗：マルティネス,マルティネス,0
2018-08-19,オリックス,ソフトバンク,4,8,加治屋敗：山田,山田,0
2018-08-21,DeNA,巨人,1,4,内海敗：平良,平良,0
2018-08-21,中日,阪神,4,1,ガルシア敗：岩貞,岩貞,0
2018-08-21,広島,ヤクルト,5,10,近藤敗：アドゥワ,アドゥワ,0
2018-08-21,日本ハム,ソフトバンク,5,10,東浜敗：有原,有原,0
2018-08-21,楽天,オリックス,6,5,則本敗：岩本,岩本,0
2018-08-21,ロッテ,西武,6,4,有吉敗：多和田,多和田,0
2018-08-22,DeNA,巨人,2,0,井納敗：吉川光,吉川光,0
2018-08-22,中日,阪神,2,5,才木敗：小熊,小熊,0
2018-08-22,広島,ヤクルト,7,4,九里敗：風張,風張,0
2018-08-22,日本ハム,ソフトバンク,6,9,スアレス敗：浦野,浦野,0
2018-08-22,楽天,オリックス,1,3,山岡敗：古川,古川,0
2018-08-22,ロッテ,西武,3,8,今井敗：酒居,酒居,0
2018-08-23,DeNA,巨人,6,0,東敗：山口俊,山口俊,0
2018-08-23,中日,阪神,4,3,佐藤敗：藤川,藤川,0
2018-08-23,広島,ヤクルト,9,8,今村敗：石山,石山,0
2018-08-23,日本ハム,ソフトバンク,2,6,石川敗：トンキン,トンキン,0
2018-08-23,ロッテ,西武,2,4,榎田敗：シェッパーズ,シェッパーズ,0
2018-08-24,巨人,阪神,2,0,メルセデス敗：秋山,秋山,0
2018-08-24,ヤクルト,DeNA,3,6,濵口敗：ブキャナン,ブキャナン,0
2018-08-24,広島,中日,3,5,笠原敗：野村,野村,0
2018-08-24,日本ハム,楽天,7,1,堀敗：藤平,藤平,0
2018-08-24,ロッテ,オリックス,1,3,ディクソン敗：二木,二木,0
2018-08-24,ソフトバンク,西武,3,2,千賀敗：菊池,菊池,0
2018-08-25,巨人,阪神,6,0,菅野敗：小野,小野,0
2018-08-25,ヤクルト,DeNA,9,7,梅野敗：ウィーランド,ウィーランド,0
2018-08-25,広島,中日,6,2,大瀬良敗：大野雄,大野雄,0
2018-08-25,日本ハム,楽天,3,3,,,0
2018-08-25,ロッテ,オリックス,6,5,内敗：増井,増井,0
2018-08-25,ソフトバンク,西武,5,1,ミランダ敗：十亀,十亀,0
2018-08-26,巨人,阪神,8,9,能見敗：澤村,澤村,0
2018-08-26,ヤクルト,DeNA,7,3,石川敗：今永,今永,0
2018-08-26,広島,中日,1,11,藤嶋敗：高橋昂,高橋昂,0
2018-08-26,日本ハム,楽天,4,2,マルティネス敗：塩見,塩見,0
2018-08-26,ロッテ,オリックス,1,8,西敗：種市,種市,0
2018-08-26,ソフトバンク,西武,12,8,中田敗：齊藤大,齊藤大,0
2018-08-28,巨人,広島,5,10,ジョンソン敗：内海,内海,0
2018-08-28,DeNA,中日,5,3,石田敗：ガルシア,ガルシア,0
2018-08-28,阪神,ヤクルト,0,1,小川敗：岩貞,岩貞,0
2018-08-28,西武,楽天,6,5,伊藤敗：則本,則本,0
2018-08-28,オリックス,日本ハム,0,4,ロドリゲス敗：東明,東明,0
2018-08-28,ソフトバンク,ロッテ,1,2,有吉敗：スアレス,スアレス,0
2018-08-29,巨人,広島,4,5,中﨑敗：アダメス,アダメス,0
2018-08-29,DeNA,中日,3,7,小熊敗：井納,井納,0
2018-08-29,阪神,ヤクルト,2,4,古野敗：メッセンジャー,メッセンジャー,0
2018-08-29,西武,楽天,5,4,伊藤敗：ハーマン,ハーマン,0
2018-08-29,ソフトバンク,ロッテ,7,0,石川敗：シェッパーズ,シェッパーズ,0
2018-08-30,巨人,広島,2,6,岡田敗：田口,田口,0
2018-08-30,DeNA,中日,4,1,東敗：吉見,吉見,0
2018-08-30,阪神,ヤクルト,1,3,山中敗：才木,才木,0
2018-08-30,オリックス,日本ハム,6,1,山岡敗：村田,村田,0
2018-08-31,ヤクルト,広島,5,6,中﨑敗：梅野,梅野,0
2018-08-31,中日,巨人,3,5,メルセデス敗：佐藤,佐藤,0
2018-08-31,阪神,DeNA,,,,,1
2018-08-31,楽天,ソフトバンク,1,7,千賀敗：藤平,藤平,0
2018-08-31,ロッテ,日本ハム,2,7,有原敗：二木,二木,0
2018-08-31,オリックス,西武,0,1,菊池敗：ディクソン,ディクソン,0
2018-09-01,ヤクルト,広島,3,8,大瀬良敗：カラシティー,カラシティー,0
2018-09-01,中日,巨人,5,5,,,0
2018-09-01,阪神,DeNA,8,3,岡本敗：京山,京山,0
2018-09-01,楽天,ソフトバンク,3,4,森敗：松井,松井,0
2018-09-01,ロッテ,日本ハム,3,4,宮西敗：内,内,0
2018-09-01,オリックス,西武,10,8,黒木敗：ヒース,ヒース,0
2018-09-02,ヤクルト,広島,3,7,アドゥワ敗：石川,石川,0
2018-09-02,中日,巨人,9,13,今村敗：松坂,松坂,0
2018-09-02,阪神,DeNA,12,3,青柳敗：今永,今永,0
2018-09-02,楽天,ソフトバンク,0,12,バンデンハーク敗：古川,古川,0
2018-09-02,ロッテ,日本ハム,2,3,宮西敗：内,内,0
2018-09-02,オリックス,西武,5,1,西敗：今井,今井,0
2018-09-04,巨人,DeNA,,,,,1
2018-09-04,ヤクルト,中日,12,9,近藤敗：又吉,又吉,0
2018-09-04,広島,阪神,5,4,フランスア敗：ドリス,ドリス,0
2018-09-04,日本ハム,西武,3,7,多和田敗：堀,堀,0
2018-09-04,ロッテ,ソフトバンク,,,,,1
2018-09-04,オリックス,楽天,,,,,1
2018-09-05,巨人,DeNA,3,6,東敗：吉川光,吉川光,0
2018-09-05,ヤクルト,中日,6,5,秋吉敗：小熊,小熊,0
2018-09-05,広島,阪神,3,11,岩貞敗：九里,九里,0
2018-09-05,日本ハム,西武,4,0,加藤敗：榎田,榎田,0
2018-09-05,ロッテ,ソフトバンク,11,3,シェッパーズ敗：松本裕,松本裕,0
2018-09-05,オリックス,楽天,8,9,青山敗：増井,増井,0
2018-09-06,ヤクルト,中日,3,9,吉見敗：ブキャナン,ブキャナン,0
2018-09-06,広島,阪神,3,13,才木敗：岡田,岡田,0
2018-09-06,ロッテ,ソフトバンク,1,2,大竹敗：涌井,涌井,0
2018-09-06,オリックス,楽天,0,4,則本敗：東明,東明,0
2018-09-07,DeNA,ヤクルト,4,1,井納敗：原,原,0
2018-09-07,中日,広島,3,0,笠原敗：野村,野村,0
2018-09-07,楽天,日本ハム,,,,,1
2018-09-07,西武,ロッテ,10,4,菊池敗：松永,松永,0
2018-09-07,ソフトバンク,オリックス,1,3,ローチ敗：千賀,千賀,0
2018-09-08,DeNA,ヤクルト,6,7,近藤敗：パットン,パットン,0
2018-09-08,中日,広島,6,5,藤嶋敗：大瀬良,大瀬良,0
2018-09-08,阪神,巨人,2,7,菅野敗：小野,小野,0
2018-09-08,楽天,日本ハム,9,4,岸敗：上沢,上沢,0
2018-09-08,西武,ロッテ,9,13,大谷敗：マーティン,マーティン,0
2018-09-08,ソフトバンク,オリックス,12,0,ミランダ敗：山岡,山岡,0
2018-09-09,DeNA,ヤクルト,7,3,平良敗：石川,石川,0
2018-09-09,中日,広島,4,3,祖父江敗：ジャクソン,ジャクソン,0
2018-09-09,阪神,巨人,,,,,1
2018-09-09,楽天,日本ハム,1,3,マルティネス敗：藤平,藤平,0
2018-09-09,西武,ロッテ,6,2,今井敗：種市,種市,0
2018-09-09,ソフトバンク,オリックス,1,0,バンデンハーク敗：西,西,0
2018-09-10,楽天,日本ハム,,,,,1
2018-09-11,巨人,ヤクルト,1,4,小川敗：メルセデス,メルセデス,0
2018-09-11,阪神,中日,6,7,岩瀬敗：ドリス,ドリス,0
2018-09-11,広島,DeNA,4,5,濵口敗：ジョンソン,ジョンソン,0
2018-09-11,日本ハム,ロッテ,,,,,1
2018-09-11,楽天,ソフトバンク,1,6,東浜敗：安樂,安樂,0
2018-09-11,オリックス,西武,0,7,多和田敗：松葉,松葉,0
2018-09-12,巨人,ヤクルト,1,1,,,0
2018-09-12,阪神,中日,8,5,岩貞敗：小熊,小熊,0
2018-09-12,広島,DeNA,7,2,一岡敗：エスコバー,エスコバー,0
2018-09-12,日本ハム,ロッテ,,,,,1
2018-09-12,楽天,ソフトバンク,2,13,モイネロ敗：辛島,辛島,0
2018-09-12,オリックス,西武,7,0,東明敗：榎田,榎田,0
2018-09-13,巨人,ヤクルト,2,4,星敗：田口,田口,0
2018-09-13,阪神,中日,2,6,松坂敗：才木,才木,0
2018-09-13,広島,DeNA,4,0,野村敗：飯塚,飯塚,0
2018-09-14,DeNA,巨人,4,2,井納敗：内海,内海,0
2018-09-14,阪神,ヤクルト,0,4,原敗：小野,小野,0
2018-09-14,日本ハム,オリックス,4,3,ロドリゲス敗：ローチ,ローチ,0
2018-09-14,西武,楽天,10,5,菊池敗：古川,古川,0
2018-09-15,DeNA,巨人,3,1,平良敗：菅野,菅野,0
2018-09-15,阪神,ヤクルト,4,6,山中敗：青柳,青柳,0
2018-09-15,広島,中日,5,7,笠原敗：大瀬良,大瀬良,0
2018-09-15,日本ハム,オリックス,0,10,山岡敗：有原,有原,0
2018-09-15,西武,ソフトバンク,11,5,郭敗：千賀,千賀,0
2018-09-15,ロッテ,楽天,3,10,則本敗：二木,二木,0
2018-09-16,巨人,中日,11,3,今村敗：吉見,吉見,0
2018-09-16,ヤクルト,広島,2,4,岡田敗：高橋,高橋,0
2018-09-16,DeNA,阪神,4,20,藤浪敗：今永,今永,0
2018-09-16,日本ハム,オリックス,4,8,西敗：マルティネス,マルティネス,0
2018-09-16,西武,ソフトバンク,8,5,今井敗：大竹,大竹,0
2018-09-16,ロッテ,楽天,1,3,岸敗：涌井,涌井,0
2018-09-17,巨人,中日,2,4,ガルシア敗：メルセデス,メルセデス,0
2018-09-17,DeNA,阪神,6,4,エスコバー敗：ドリス,ドリス,0
2018-09-17,日本ハム,オリックス,4,2,上沢敗：山田,山田,0
2018-09-17,西武,ソフトバンク,8,1,増田敗：ミランダ,ミランダ,0
2018-09-17,ロッテ,楽天,2,7,藤平敗：種市,種市,0
2018-09-18,西武,日本ハム,7,4,多和田敗：加藤,加藤,0
2018-09-18,ロッテ,ソフトバンク,2,4,加治屋敗：松永,松永,0
2018-09-18,オリックス,楽天,5,3,松葉敗：安樂,安樂,0
2018-09-19,巨人,DeNA,1,6,東敗：吉川光,吉川光,0
2018-09-19,ヤクルト,阪神,9,4,大下敗：岩貞,岩貞,0
2018-09-19,西武,日本ハム,12,4,榎田敗：堀,堀,0
2018-09-19,ロッテ,ソフトバンク,0,3,石川敗：酒居,酒居,0
2018-09-19,オリックス,楽天,3,6,森原敗：山本,山本,0
2018-09-20,ヤクルト,巨人,,,,,1
2018-09-20,広島,阪神,4,5,才木敗：ジョンソン,ジョンソン,0
2018-09-20,日本ハム,ソフトバンク,7,9,石川敗：宮西,宮西,0
2018-09-20,ロッテ,西武,,,,,1
2018-09-21,ヤクルト,巨人,,,,,1
2018-09-21,DeNA,中日,9,1,京山敗：小熊,小熊,0
2018-09-21,広島,阪神,7,3,一岡敗：能見,能見,0
2018-09-21,ロッテ,西武,4,7,菊池敗：石川,石川,0
2018-09-22,巨人,ヤクルト,5,0,菅野敗：カラシティー,カラシティー,0
2018-09-22,DeNA,中日,4,2,平良敗：笠原,笠原,0
2018-09-22,広島,阪神,4,13,藤浪敗：岡田,岡田,0
2018-09-22,日本ハム,楽天,5,1,村田敗：則本,則本,0
2018-09-22,ロッテ,西武,3,5,小川敗：松永,松永,0
2018-09-22,ソフトバンク,オリックス,6,4,千賀敗：山岡,山岡,0
2018-09-23,中日,ヤクルト,0,2,原敗：ガルシア,ガルシア,0
2018-09-23,阪神,巨人,1,2,畠敗：藤川,藤川,0
2018-09-23,広島,DeNA,2,1,中﨑敗：三嶋,三嶋,0
2018-09-23,楽天,ロッテ,3,8,涌井敗：岸,岸,0
2018-09-23,ソフトバンク,日本ハム,2,0,ミランダ敗：マルティネス,マルティネス,0
2018-09-24,中日,ヤクルト,1,6,近藤敗：吉見,吉見,0
2018-09-24,阪神,巨人,0,0,,,0
2018-09-24,広島,DeNA,5,7,エスコバー敗：ジョンソン,ジョンソン,0
2018-09-24,楽天,西武,3,4,ヒース敗：宋家豪,宋家豪,0
2018-09-24,オリックス,ロッテ,2,8,土肥敗：西,西,0
2018-09-24,ソフトバンク,日本ハム,2,1,大竹敗：上沢,上沢,0
2018-09-25,中日,ヤクルト,4,7,梅野敗：鈴木博,鈴木博,0
2018-09-25,広島,DeNA,3,5,パットン敗：フランスア,フランスア,0
2018-09-25,楽天,西武,3,4,増田敗：森原,森原,0
2018-09-25,オリックス,ソフトバンク,5,8,東浜敗：ローチ,ローチ,0
2018-09-26,広島,ヤクルト,10,0,九里敗：ブキャナン,ブキャナン,0
2018-09-26,阪神,DeNA,,,,,1
2018-09-26,ロッテ,楽天,,,,,1
2018-09-26,オリックス,日本ハム,3,2,澤田敗：宮西,宮西,0
2018-09-27,広島,ヤクルト,3,9,ハフ敗：野村,野村,0
2018-09-27,阪神,DeNA,3,4,今永敗：桑原,桑原,0
2018-09-27,西武,ソフトバンク,7,5,マーティン敗：加治屋,加治屋,0
2018-09-27,ロッテ,楽天,0,9,松井敗：有吉,有吉,0
2018-09-27,オリックス,日本ハム,1,2,上原敗：東明,東明,0
2018-09-28,巨人,DeNA,1,0,菅野敗：砂田,砂田,0
2018-09-28,広島,ヤクルト,7,4,フランスア敗：近藤,近藤,0
2018-09-28,中日,阪神,4,3,岡田敗：才木,才木,0
2018-09-28,楽天,日本ハム,3,5,玉井敗：森原,森原,0
2018-09-28,西武,ソフトバンク,5,3,菊池敗：千賀,千賀,0
2018-09-29,巨人,広島,7,8,永川敗：山口俊,山口俊,0
2018-09-29,ヤクルト,DeNA,,,,,1
2018-09-29,中日,阪神,0,4,藤浪敗：ガルシア,ガルシア,0
2018-09-29,楽天,日本ハム,2,1,宋家豪敗：藤岡,藤岡,0
2018-09-29,西武,ソフトバンク,1,3,ミランダ敗：今井,今井,0
2018-09-29,ロッテ,オリックス,1,7,山岡敗：石川,石川,0
2018-09-30,巨人,広島,5,4,山口俊敗：中﨑,中﨑,0
2018-09-30,ヤクルト,DeNA,,,,,1
2018-09-30,中日,阪神,,,,,1
2018-09-30,日本ハム,西武,4,1,杉浦敗：ウルフ,ウルフ,0
2018-09-30,楽天,オリックス,2,5,澤田敗：高梨,高梨,0
2018-09-30,ソフトバンク,ロッテ,1,9,二木敗：大竹,大竹,0
2018-10-01,ヤクルト,巨人,8,5,小川敗：吉川光,吉川光,0
2018-10-01,阪神,DeNA,0,10,濵口敗：岩貞,岩貞,0
2018-10-01,日本ハム,西武,1,2,多和田敗：玉井,玉井,0
2018-10-01,楽天,オリックス,2,5,西敗：藤平,藤平,0
2018-10-01,ソフトバンク,ロッテ,1,6,涌井敗：松本裕,松本裕,0
2018-10-02,ヤクルト,DeNA,3,2,高橋敗：平良,平良,0
2018-10-02,広島,阪神,1,0,ジョンソン敗：岩田,岩田,0
2018-10-02,日本ハム,西武,2,3,榎田敗：マルティネス,マルティネス,0
2018-10-02,ソフトバンク,ロッテ,4,2,東浜敗：種市,種市,0
2018-10-03,ヤクルト,DeNA,2,1,カラシティー敗：京山,京山,0
2018-10-03,広島,阪神,4,3,アドゥワ敗：岩崎,岩崎,0
2018-10-03,日本ハム,西武,3,7,髙橋光敗：加藤,加藤,0
2018-10-03,ソフトバンク,ロッテ,10,2,二保敗：大隣,大隣,0
2018-10-04,阪神,ヤクルト,1,2,梅野敗：ドリス,ドリス,0
2018-10-04,広島,巨人,0,4,菅野敗：野村,野村,0
2018-10-04,楽天,日本ハム,3,4,上原敗：松井,松井,0
2018-10-04,ロッテ,西武,3,6,伊藤敗：有吉,有吉,0
2018-10-04,オリックス,ソフトバンク,2,1,増井敗：加治屋,加治屋,0
2018-10-05,阪神,中日,1,6,笠原敗：小野,小野,0
2018-10-05,楽天,ロッテ,1,2,岩下敗：古川,古川,0
2018-10-05,オリックス,ソフトバンク,4,6,千賀敗：東明,東明,0
2018-10-06,阪神,DeNA,4,3,桑原敗：バリオス,バリオス,0
2018-10-06,楽天,ロッテ,8,1,則本敗：石川,石川,0
2018-10-06,ソフトバンク,西武,8,3,武田敗：齊藤大,齊藤大,0
2018-10-07,ヤクルト,阪神,6,0,石川敗：岩貞,岩貞,0
2018-10-07,広島,DeNA,3,4,パットン敗：中﨑,中﨑,0
2018-10-07,ロッテ,ソフトバンク,3,8,ミランダ敗：二木,二木,0
2018-10-08,ヤクルト,阪神,6,5,ブキャナン敗：才木,才木,0
2018-10-08,ロッテ,ソフトバンク,1,6,東浜敗：土肥,土肥,0
2018-10-09,ヤクルト,DeNA,1,4,三嶋敗：館山,館山,0
2018-10-09,阪神,巨人,4,9,畠敗：桑原,桑原,0
2018-10-10,阪神,DeNA,2,1,能見敗：今永,今永,0
2018-10-10,日本ハム,ロッテ,5,4,ロドリゲス敗：山本,山本,0
2018-10-11,日本ハム,ロッテ,5,4,上原敗：有吉,有吉,0
2018-10-13,中日,阪神,2,3,藤川敗：祖父江,祖父江,0
2018-10-13,ロッテ,楽天,1,4,則本敗：岩下,岩下,0
2019-03-29,DeNA,中日,8,1,今永敗：又吉,又吉,0
2019-03-29,阪神,ヤクルト,2,1,桑原敗：石山,石山,0
2019-03-29,広島,巨人,5,0,大瀬良敗：菅野,菅野,0
2019-03-29,日本ハム,オリックス,7,3,浦野敗：岩本,岩本,0
2019-03-29,ロッテ,楽天,5,4,酒居敗：石橋,石橋,0
2019-03-29,ソフトバンク,西武,5,4,甲斐野敗：ヒース,ヒース,0
2019-03-30,DeNA,中日,1,9,山井敗：京山,京山,0
2019-03-30,阪神,ヤクルト,1,0,岩貞敗：石川,石川,0
2019-03-30,広島,巨人,2,5,ヤングマン敗：床田,床田,0
2019-03-30,日本ハム,オリックス,4,4,,,0
2019-03-30,ロッテ,楽天,3,9,美馬敗：ボルシンガー,ボルシンガー,0
2019-03-30,ソフトバンク,西武,6,5,ミランダ敗：今井,今井,0
2019-03-31,DeNA,中日,3,2,山﨑敗：小熊,小熊,0
2019-03-31,阪神,ヤクルト,1,2,高梨敗：西,西,0
2019-03-31,広島,巨人,3,6,中川敗：中﨑,中﨑,0
2019-03-31,日本ハム,オリックス,3,1,有原敗：榊原,榊原,0
2019-03-31,ロッテ,楽天,4,9,石橋敗：有吉,有吉,0
2019-03-31,ソフトバンク,西武,3,1,高橋礼敗：髙橋光,髙橋光,0
2019-04-02,巨人,阪神,9,3,山口敗：ガルシア,ガルシア,0
2019-04-02,ヤクルト,DeNA,5,2,近藤敗：パットン,パットン,0
2019-04-02,中日,広島,7,4,祖父江敗：フランスア,フランスア,0
2019-04-02,楽天,日本ハム,3,1,辛島敗：バーベイト,バーベイト,0
2019-04-02,西武,ロッテ,7,4,ニール敗：涌井,涌井,0
2019-04-02,オリックス,ソフトバンク,4,11,東浜敗：アルバース,アルバース,0
2019-04-03,巨人,阪神,6,3,メルセデス敗：青柳,青柳,0
2019-04-03,ヤクルト,DeNA,5,4,石山敗：三上,三上,0
2019-04-03,中日,広島,2,3,野村敗：祖父江,祖父江,0
2019-04-03,楽天,日本ハム,3,2,ハーマン敗：浦野,浦野,0
2019-04-03,西武,ロッテ,9,3,武隈敗：ブランドン,ブランドン,0
2019-04-03,オリックス,ソフトバンク,0,0,,,0
2019-04-04,巨人,阪神,10,1,髙橋敗：浜地,浜地,0
2019-04-04,ヤクルト,DeNA,5,10,砂田敗：梅野,梅野,0
2019-04-04,中日,広島,3,2,ロメロ敗：岡田,岡田,0
2019-04-04,楽天,日本ハム,11,2,石橋敗：斎藤佑樹,斎藤佑樹,0
2019-04-04,西武,ロッテ,8,6,本田敗：小島,小島,0
2019-04-04,オリックス,ソフトバンク,0,3,武田敗：松葉,松葉,0
2019-04-05,ヤクルト,中日,8,7,五十嵐敗：祖父江,祖父江,0
2019-04-05,DeNA,巨人,2,3,菅野敗：今永,今永,0
2019-04-05,広島,阪神,2,3,メッセンジャー敗：大瀬良,大瀬良,0
2019-04-05,日本ハム,西武,5,2,上沢敗：多和田,多和田,0
2019-04-05,オリックス,楽天,2,0,山岡敗：安樂,安樂,0
2019-04-05,ソフトバンク,ロッテ,3,7,益田敗：奥村,奥村,0
2019-04-06,ヤクルト,中日,4,3,ハフ敗：小熊,小熊,0
2019-04-06,DeNA,巨人,9,2,国吉敗：澤村,澤村,0
2019-04-06,広島,阪神,10,3,床田敗：岩貞,岩貞,0
2019-04-06,日本ハム,西武,3,16,今井敗：金子,金子,0
2019-04-06,オリックス,楽天,3,1,東明敗：美馬,美馬,0
2019-04-06,ソフトバンク,ロッテ,3,7,二木敗：ミランダ,ミランダ,0
2019-04-07,ヤクルト,中日,1,3,柳敗：高梨,高梨,0
2019-04-07,DeNA,巨人,5,1,井納敗：畠,畠,0
2019-04-07,広島,阪神,0,9,西敗：九里,九里,0
2019-04-07,日本ハム,西武,2,4,髙橋光敗：ハンコック,ハンコック,0
2019-04-07,オリックス,楽天,5,5,,,0
2019-04-07,ソフトバンク,ロッテ,11,1,高橋礼敗：有吉,有吉,0
2019-04-09,中日,巨人,1,3,山口敗：大野雄,大野雄,0
2019-04-09,阪神,DeNA,12,8,桑原敗：パットン,パットン,0
2019-04-09,広島,ヤクルト,1,10,原敗：ジョンソン,ジョンソン,0
2019-04-09,西武,楽天,6,7,辛島敗：ニール,ニール,0
2019-04-09,ロッテ,オリックス,5,4,益田敗：近藤,近藤,0
2019-04-09,ソフトバンク,日本ハム,3,3,,,0
2019-04-10,中日,巨人,3,2,ロメロ敗：メルセデス,メルセデス,0
2019-04-10,阪神,DeNA,0,2,濵口敗：青柳,青柳,0
2019-04-10,広島,ヤクルト,3,15,マクガフ敗：中﨑,中﨑,0
2019-04-10,西武,楽天,5,7,福井敗：武隈,武隈,0
2019-04-10,ロッテ,オリックス,,,,,1
2019-04-10,ソフトバンク,日本ハム,2,3,宮西敗：加治屋,加治屋,0
2019-04-11,阪神,DeNA,2,5,大貫敗：秋山,秋山,0
2019-04-11,広島,ヤクルト,2,6,寺原敗：岡田,岡田,0
2019-04-11,ロッテ,オリックス,1,2,山本敗：益田,益田,0
2019-04-11,ソフトバンク,日本ハム,5,2,武田敗：加藤,加藤,0
2019-04-12,巨人,ヤクルト,6,1,菅野敗：小川,小川,0
2019-04-12,DeNA,広島,6,0,今永敗：大瀬良,大瀬良,0
2019-04-12,阪神,中日,4,9,笠原敗：メッセンジャー,メッセンジャー,0
2019-04-12,日本ハム,ロッテ,4,1,上沢敗：二木,二木,0
2019-04-12,楽天,ソフトバンク,4,2,ハーマン敗：モイネロ,モイネロ,0
2019-04-12,西武,オリックス,1,0,多和田敗：比嘉,比嘉,0
2019-04-13,巨人,ヤクルト,6,11,マクガフ敗：吉川,吉川,0
2019-04-13,DeNA,広島,1,6,床田敗：京山,京山,0
2019-04-13,阪神,中日,2,10,柳敗：岩貞,岩貞,0
2019-04-13,日本ハム,ロッテ,3,0,バーベイト敗：ボルシンガー,ボルシンガー,0
2019-04-13,楽天,ソフトバンク,0,1,加治屋敗：ハーマン,ハーマン,0
2019-04-13,西武,オリックス,3,10,山﨑福敗：今井,今井,0
2019-04-14,巨人,ヤクルト,6,11,五十嵐敗：宮國,宮國,0
2019-04-14,DeNA,広島,4,2,井納敗：九里,九里,0
2019-04-14,阪神,中日,5,2,西敗：吉見,吉見,0
2019-04-14,日本ハム,ロッテ,3,1,有原敗：松永,松永,0
2019-04-14,楽天,ソフトバンク,1,6,高橋礼敗：近藤,近藤,0
2019-04-14,西武,オリックス,11,3,髙橋光敗：松葉,松葉,0
2019-04-16,巨人,広島,8,2,山口敗：ジョンソン,ジョンソン,0
2019-04-16,ヤクルト,阪神,9,5,原敗：ガルシア,ガルシア,0
2019-04-16,中日,DeNA,7,1,大野雄敗：上茶谷,上茶谷,0
2019-04-16,楽天,西武,5,4,高梨敗：マーティン,マーティン,0
2019-04-16,ロッテ,ソフトバンク,6,0,涌井敗：東浜,東浜,0
2019-04-16,オリックス,日本ハム,9,0,アルバース敗：上原,上原,0
2019-04-17,巨人,広島,4,5,フランスア敗：クック,クック,0
2019-04-17,ヤクルト,阪神,2,2,,,0
2019-04-17,中日,DeNA,3,1,山井敗：濵口,濵口,0
2019-04-17,楽天,西武,7,4,福井敗：本田,本田,0
2019-04-17,ロッテ,ソフトバンク,1,0,岩下敗：大竹,大竹,0
2019-04-17,オリックス,日本ハム,6,4,榊原敗：ロドリゲス,ロドリゲス,0
2019-04-18,ヤクルト,阪神,5,13,岩田敗：大下,大下,0
2019-04-18,ロッテ,ソフトバンク,5,2,二木敗：武田,武田,0
2019-04-18,オリックス,日本ハム,3,7,金子敗：山本,山本,0
2019-04-19,中日,ヤクルト,4,2,笠原敗：小川,小川,0
2019-04-19,阪神,巨人,4,12,菅野敗：メッセンジャー,メッセンジャー,0
2019-04-19,広島,DeNA,2,1,フランスア敗：パットン,パットン,0
2019-04-19,楽天,オリックス,4,5,山岡敗：青山,青山,0
2019-04-19,西武,ソフトバンク,0,2,千賀敗：多和田,多和田,0
2019-04-20,中日,ヤクルト,3,5,五十嵐敗：鈴木博,鈴木博,0
2019-04-20,阪神,巨人,0,2,ヤングマン敗：岩貞,岩貞,0
2019-04-20,広島,DeNA,9,2,床田敗：井納,井納,0
2019-04-20,楽天,オリックス,5,3,美馬敗：東明,東明,0
2019-04-20,西武,ソフトバンク,6,4,今井敗：スアレス,スアレス,0
2019-04-20,ロッテ,日本ハム,3,1,ボルシンガー敗：上沢,上沢,0
2019-04-21,中日,ヤクルト,7,5,佐藤敗：高梨,高梨,0
2019-04-21,阪神,巨人,0,3,メルセデス敗：西,西,0
2019-04-21,広島,DeNA,7,4,ジョンソン敗：国吉,国吉,0
2019-04-21,楽天,オリックス,7,3,釜田敗：松葉,松葉,0
2019-04-21,西武,ソフトバンク,5,16,高橋礼敗：髙橋光,髙橋光,0
2019-04-21,ロッテ,日本ハム,1,2,有原敗：石川,石川,0
2019-04-22,ソフトバンク,オリックス,3,1,泉敗：吉田一,吉田一,0
2019-04-23,ヤクルト,巨人,0,9,山口敗：原,原,0
2019-04-23,DeNA,阪神,3,8,青柳敗：上茶谷,上茶谷,0
2019-04-23,広島,中日,3,2,中﨑敗：R.マルティネス,R.マルティネス,0
2019-04-23,日本ハム,楽天,1,4,ハーマン敗：秋吉,秋吉,0
2019-04-23,ロッテ,西武,9,9,,,0
2019-04-24,ヤクルト,巨人,2,7,髙橋敗：ブキャナン,ブキャナン,0
2019-04-24,DeNA,阪神,1,3,才木敗：大貫,大貫,0
2019-04-24,広島,中日,5,0,野村敗：山井,山井,0
2019-04-24,日本ハム,楽天,15,5,ロドリゲス敗：福井,福井,0
2019-04-24,ロッテ,西武,1,4,本田敗：岩下,岩下,0
2019-04-24,ソフトバンク,オリックス,2,3,近藤敗：森,森,0
2019-04-25,ヤクルト,巨人,11,2,スアレス敗：菅野,菅野,0
2019-04-25,DeNA,阪神,3,5,ジョンソン敗：山﨑,山﨑,0
2019-04-25,広島,中日,2,0,大瀬良敗：ロドリゲス,ロドリゲス,0
2019-04-25,日本ハム,楽天,6,5,堀敗：青山,青山,0
2019-04-25,ロッテ,西武,8,9,増田敗：唐川,唐川,0
2019-04-25,ソフトバンク,オリックス,3,0,森敗：山﨑福,山﨑福,0
2019-04-27,巨人,DeNA,5,4,メルセデス敗：井納,井納,0
2019-04-27,ヤクルト,広島,0,2,床田敗：小川,小川,0
2019-04-27,中日,阪神,5,4,又吉敗：西,西,0
2019-04-27,日本ハム,ソフトバンク,1,5,千賀敗：上原,上原,0
2019-04-27,楽天,ロッテ,5,6,唐川敗：松井,松井,0
2019-04-27,オリックス,西武,7,11,平井敗：澤田,澤田,0
2019-04-28,巨人,DeNA,7,2,今村敗：京山,京山,0
2019-04-28,ヤクルト,広島,4,2,高梨敗：ジョンソン,ジョンソン,0
2019-04-28,中日,阪神,2,4,藤川敗：田島,田島,0
2019-04-28,日本ハム,ソフトバンク,4,0,有原敗：ミランダ,ミランダ,0
2019-04-28,楽天,ロッテ,8,10,松永敗：安樂,安樂,0
2019-04-28,オリックス,西武,2,4,今井敗：近藤,近藤,0
2019-04-29,巨人,DeNA,3,5,国吉敗：宮國,宮國,0
2019-04-29,ヤクルト,広島,7,4,五十嵐敗：九里,九里,0
2019-04-29,中日,阪神,0,2,青柳敗：阿知羅,阿知羅,0
2019-04-29,日本ハム,ソフトバンク,6,9,泉敗：加藤,加藤,0
2019-04-29,楽天,ロッテ,2,4,種市敗：近藤,近藤,0
2019-04-29,オリックス,西武,5,3,澤田敗：小川,小川,0
2019-04-30,巨人,中日,1,3,大野雄敗：髙橋,髙橋,0
2019-04-30,DeNA,ヤクルト,8,9,五十嵐敗：エスコバー,エスコバー,0
2019-04-30,阪神,広島,8,3,秋山敗：アドゥワ,アドゥワ,0
2019-05-01,巨人,中日,5,1,菅野敗：山井,山井,0
2019-05-01,DeNA,ヤクルト,5,1,大貫敗：高橋,高橋,0
2019-05-01,阪神,広島,6,2,才木敗：野村,野村,0
2019-05-01,西武,日本ハム,2,7,ロドリゲス敗：髙橋光,髙橋光,0
2019-05-01,オリックス,ロッテ,0,4,涌井敗：榊原,榊原,0
2019-05-01,ソフトバンク,楽天,0,9,辛島敗：武田,武田,0
2019-05-02,巨人,中日,9,3,高木敗：ロメロ,ロメロ,0
2019-05-02,DeNA,ヤクルト,2,0,今永敗：スアレス,スアレス,0
2019-05-02,阪神,広島,0,4,フランスア敗：ドリス,ドリス,0
2019-05-02,西武,日本ハム,5,3,榎田敗：金子,金子,0
2019-05-02,オリックス,ロッテ,2,1,澤田敗：酒居,酒居,0
2019-05-02,ソフトバンク,楽天,1,0,大竹敗：古川,古川,0
2019-05-03,中日,ヤクルト,2,7,小川敗：又吉,又吉,0
2019-05-03,阪神,DeNA,2,1,ジョンソン敗：三嶋,三嶋,0
2019-05-03,広島,巨人,6,3,フランスア敗：田原,田原,0
2019-05-03,西武,日本ハム,3,10,加藤敗：相内,相内,0
2019-05-03,オリックス,ロッテ,3,1,山岡敗：二木,二木,0
2019-05-03,ソフトバンク,楽天,12,11,加治屋敗：高梨,高梨,0
2019-05-04,中日,ヤクルト,4,8,高梨敗：柳,柳,0
2019-05-04,阪神,DeNA,5,1,メッセンジャー敗：バリオス,バリオス,0
2019-05-04,広島,巨人,3,2,レグナルト敗：野上,野上,0
2019-05-04,西武,楽天,7,6,増田敗：宋家豪,宋家豪,0
2019-05-04,ロッテ,日本ハム,3,2,田中敗：宮西,宮西,0
2019-05-04,ソフトバンク,オリックス,4,0,千賀敗：成瀬,成瀬,0
2019-05-05,中日,ヤクルト,6,5,阿知羅敗：寺原,寺原,0
2019-05-05,阪神,DeNA,7,5,ドリス敗：三嶋,三嶋,0
2019-05-05,広島,巨人,3,3,,,0
2019-05-05,西武,楽天,4,0,今井敗：石橋,石橋,0
2019-05-05,ロッテ,日本ハム,1,4,バーベイト敗：石川,石川,0
2019-05-05,ソフトバンク,オリックス,7,2,ミランダ敗：K-鈴木,K-鈴木,0
2019-05-06,ヤクルト,阪神,4,2,ブキャナン敗：青柳,青柳,0
2019-05-06,DeNA,巨人,2,10,髙橋敗：東,東,0
2019-05-06,中日,広島,2,7,菊池保敗：谷元,谷元,0
2019-05-06,西武,楽天,4,8,福井敗：本田,本田,0
2019-05-06,ロッテ,日本ハム,5,3,種市敗：有原,有原,0
2019-05-06,ソフトバンク,オリックス,9,6,東浜敗：アルバース,アルバース,0
2019-05-07,ヤクルト,阪神,1,3,秋山敗：原,原,0
2019-05-07,中日,広島,6,0,大野雄敗：野村,野村,0
2019-05-08,ヤクルト,阪神,7,7,,,0
2019-05-08,DeNA,巨人,5,8,菅野敗：国吉,国吉,0
2019-05-08,中日,広島,2,3,大瀬良敗：ロメロ,ロメロ,0
2019-05-08,日本ハム,オリックス,1,0,公文敗：榊原,榊原,0
2019-05-08,楽天,ソフトバンク,8,7,高梨敗：森,森,0
2019-05-08,西武,ロッテ,1,12,涌井敗：髙橋光,髙橋光,0
2019-05-09,日本ハム,オリックス,1,2,山本敗：加藤,加藤,0
2019-05-09,楽天,ソフトバンク,4,3,松井敗：甲斐野,甲斐野,0
2019-05-09,西武,ロッテ,4,5,唐川敗：マーティン,マーティン,0
2019-05-10,巨人,ヤクルト,19,7,野上敗：小川,小川,0
2019-05-10,阪神,中日,7,3,西敗：又吉,又吉,0
2019-05-10,広島,DeNA,2,6,今永敗：床田,床田,0
2019-05-10,日本ハム,西武,7,5,上沢敗：多和田,多和田,0
2019-05-10,オリックス,楽天,8,6,山岡敗：美馬,美馬,0
2019-05-10,ソフトバンク,ロッテ,1,9,二木敗：武田,武田,0
2019-05-11,巨人,ヤクルト,1,3,石川敗：メルセデス,メルセデス,0
2019-05-11,阪神,中日,1,5,柳敗：メッセンジャー,メッセンジャー,0
2019-05-11,広島,DeNA,4,0,ジョンソン敗：上茶谷,上茶谷,0
2019-05-11,日本ハム,西武,8,0,杉浦敗：今井,今井,0
2019-05-11,オリックス,楽天,6,3,金田敗：ハーマン,ハーマン,0
2019-05-11,ソフトバンク,ロッテ,4,2,千賀敗：ボルシンガー,ボルシンガー,0
2019-05-12,巨人,ヤクルト,1,4,高梨敗：山口,山口,0
2019-05-12,阪神,中日,2,5,清水敗：才木,才木,0
2019-05-12,広島,DeNA,8,1,アドゥワ敗：京山,京山,0
2019-05-12,日本ハム,西武,3,6,十亀敗：バーベイト,バーベイト,0
2019-05-12,オリックス,楽天,5,8,西宮敗：エップラー,エップラー,0
2019-05-12,ソフトバンク,ロッテ,4,5,石川敗：嘉弥真,嘉弥真,0
2019-05-14,巨人,阪神,2,4,青柳敗：アダメス,アダメス,0
2019-05-14,DeNA,中日,,,,,1
2019-05-14,広島,ヤクルト,9,4,レグナルト敗：原,原,0
2019-05-14,楽天,日本ハム,1,13,有原敗：釜田,釜田,0
2019-05-14,ソフトバンク,西武,7,11,髙橋光敗：椎野,椎野,0
2019-05-15,巨人,阪神,8,13,守屋敗：菅野,菅野,0
2019-05-15,DeNA,中日,8,2,東敗：大野雄,大野雄,0
2019-05-15,広島,ヤクルト,9,7,中﨑敗：中尾,中尾,0
2019-05-15,楽天,日本ハム,9,8,宋家豪敗：玉井,玉井,0
2019-05-15,ロッテ,オリックス,2,3,榊原敗：唐川,唐川,0
2019-05-15,ソフトバンク,西武,4,5,森脇敗：森,森,0
2019-05-16,DeNA,中日,2,3,ロメロ敗：大貫,大貫,0
2019-05-16,楽天,日本ハム,0,2,堀敗：辛島,辛島,0
2019-05-16,ロッテ,オリックス,9,2,種市敗：山本,山本,0
2019-05-16,ソフトバンク,西武,5,1,高橋礼敗：榎田,榎田,0
2019-05-17,ヤクルト,DeNA,3,4,今永敗：小川,小川,0
2019-05-17,中日,巨人,1,4,ヤングマン敗：勝野,勝野,0
2019-05-17,阪神,広島,2,10,九里敗：西,西,0
2019-05-17,ロッテ,楽天,6,1,二木敗：美馬,美馬,0
2019-05-17,オリックス,西武,5,7,増田敗：小林,小林,0
2019-05-18,ヤクルト,DeNA,6,11,上茶谷敗：石川,石川,0
2019-05-18,中日,巨人,1,5,メルセデス敗：柳,柳,0
2019-05-18,阪神,広島,0,4,ジョンソン敗：メッセンジャー,メッセンジャー,0
2019-05-18,ロッテ,楽天,4,6,今野敗：唐川,唐川,0
2019-05-18,オリックス,西武,2,1,K-鈴木敗：今井,今井,0
2019-05-18,ソフトバンク,日本ハム,2,1,千賀敗：上沢,上沢,0
2019-05-19,ヤクルト,DeNA,0,7,濵口敗：高梨,高梨,0
2019-05-19,中日,巨人,5,4,清水敗：山口,山口,0
2019-05-19,阪神,広島,1,5,アドゥワ敗：秋山,秋山,0
2019-05-19,ロッテ,楽天,5,10,青山敗：松永,松永,0
2019-05-19,オリックス,西武,3,9,松本航敗：エップラー,エップラー,0
2019-05-19,ソフトバンク,日本ハム,4,2,ミランダ敗：上原,上原,0
2019-05-21,巨人,DeNA,,,,,1
2019-05-21,阪神,ヤクルト,3,2,青柳敗：原,原,0
2019-05-21,広島,中日,3,2,野村敗：大野雄,大野雄,0
2019-05-21,日本ハム,楽天,3,13,塩見敗：金子,金子,0
2019-05-21,西武,ソフトバンク,7,6,十亀敗：東浜,東浜,0
2019-05-21,オリックス,ロッテ,4,8,酒居敗：増井,増井,0
2019-05-22,巨人,DeNA,1,5,東敗：髙橋,髙橋,0
2019-05-22,阪神,ヤクルト,3,2,藤川敗：ハフ,ハフ,0
2019-05-22,広島,中日,3,1,大瀬良敗：ロメロ,ロメロ,0
2019-05-22,日本ハム,楽天,3,5,古川敗：有原,有原,0
2019-05-22,西武,ソフトバンク,7,3,髙橋光敗：大竹,大竹,0
2019-05-22,オリックス,ロッテ,5,4,山﨑福敗：益田,益田,0
2019-05-23,巨人,DeNA,7,4,桜井敗：大貫,大貫,0
2019-05-23,阪神,ヤクルト,1,0,ドリス敗：マクガフ,マクガフ,0
2019-05-23,日本ハム,楽天,11,2,杉浦敗：辛島,辛島,0
2019-05-24,巨人,広島,3,8,床田敗：ヤングマン,ヤングマン,0
2019-05-24,ヤクルト,中日,1,6,勝野敗：小川,小川,0
2019-05-24,DeNA,阪神,2,3,守屋敗：今永,今永,0
2019-05-24,楽天,オリックス,3,2,美馬敗：山岡,山岡,0
2019-05-24,西武,日本ハム,10,5,榎田敗：加藤,加藤,0
2019-05-24,ロッテ,ソフトバンク,3,6,森敗：益田,益田,0
2019-05-25,巨人,広島,5,7,ジョンソン敗：メルセデス,メルセデス,0
2019-05-25,ヤクルト,中日,3,10,柳敗：石川,石川,0
2019-05-25,DeNA,阪神,6,5,上茶谷敗：メッセンジャー,メッセンジャー,0
2019-05-25,楽天,オリックス,1,4,近藤敗：宋家豪,宋家豪,0
2019-05-25,西武,日本ハム,7,5,森脇敗：堀,堀,0
2019-05-25,ロッテ,ソフトバンク,4,3,東條敗：松田遼,松田遼,0
2019-05-26,巨人,広島,5,4,澤村敗：フランスア,フランスア,0
2019-05-26,ヤクルト,中日,8,10,小熊敗：高梨,高梨,0
2019-05-26,DeNA,阪神,0,7,ガルシア敗：濵口,濵口,0
2019-05-26,楽天,オリックス,4,1,石橋敗：K-鈴木,K-鈴木,0
2019-05-26,西武,日本ハム,5,6,上沢敗：マーティン,マーティン,0
2019-05-26,ロッテ,ソフトバンク,8,2,石川敗：ミランダ,ミランダ,0
2019-05-28,ヤクルト,広島,7,8,レグナルト敗：原,原,0
2019-05-28,中日,DeNA,,,,,1
2019-05-28,阪神,巨人,,,,,1
2019-05-28,日本ハム,ロッテ,4,3,金子敗：涌井,涌井,0
2019-05-28,楽天,西武,7,2,塩見敗：今井,今井,0
2019-05-28,オリックス,ソフトバンク,3,1,山本敗：二保,二保,0
2019-05-29,ヤクルト,広島,3,5,大瀬良敗：高橋,高橋,0
2019-05-29,中日,DeNA,1,2,三嶋敗：鈴木博,鈴木博,0
2019-05-29,阪神,巨人,8,4,藤川敗：桜井,桜井,0
2019-05-29,日本ハム,ロッテ,6,4,石川直敗：酒居,酒居,0
2019-05-29,楽天,西武,1,4,十亀敗：古川,古川,0
2019-05-29,オリックス,ソフトバンク,2,5,大竹敗：松葉,松葉,0
2019-05-30,ヤクルト,広島,0,13,山口敗：小川,小川,0
2019-05-30,中日,DeNA,1,8,東敗：勝野,勝野,0
2019-05-30,阪神,巨人,5,2,髙橋遥敗：ヤングマン,ヤングマン,0
2019-05-30,日本ハム,ロッテ,8,0,有原敗：種市,種市,0
2019-05-30,オリックス,ソフトバンク,4,5,武田敗：澤田,澤田,0
2019-05-31,巨人,中日,3,7,柳敗：髙橋,髙橋,0
2019-05-31,DeNA,ヤクルト,3,2,今永敗：ブキャナン,ブキャナン,0
2019-05-31,広島,阪神,2,1,レグナルト敗：能見,能見,0
2019-05-31,ロッテ,西武,2,3,髙橋光敗：二木,二木,0
2019-05-31,オリックス,日本ハム,0,4,加藤敗：山岡,山岡,0
2019-05-31,ソフトバンク,楽天,1,3,辛島敗：千賀,千賀,0
2019-06-01,巨人,中日,6,5,中川敗：ロドリゲス,ロドリゲス,0
2019-06-01,DeNA,ヤクルト,7,0,上茶谷敗：清水,清水,0
2019-06-01,広島,阪神,7,2,ジョンソン敗：岩田,岩田,0
2019-06-01,ロッテ,西武,8,7,唐川敗：平井,平井,0
2019-06-01,オリックス,日本ハム,8,8,,,0
2019-06-01,ソフトバンク,楽天,5,6,岸敗：高橋礼,高橋礼,0
2019-06-02,巨人,中日,3,1,山口敗：ロメロ,ロメロ,0
2019-06-02,DeNA,ヤクルト,2,5,原敗：濵口,濵口,0
2019-06-02,広島,阪神,5,7,ガルシア敗：アドゥワ,アドゥワ,0
2019-06-02,ロッテ,西武,8,1,石川敗：松本航,松本航,0
2019-06-02,オリックス,日本ハム,5,8,上原敗：K-鈴木,K-鈴木,0
2019-06-02,ソフトバンク,楽天,1,4,美馬敗：スアレス,スアレス,0
2019-06-04,日本ハム,ヤクルト,7,6,堀敗：山中,山中,0
2019-06-04,楽天,巨人,2,3,田原敗：松井,松井,0
2019-06-04,西武,広島,5,4,マーティン敗：菊池保,菊池保,0
2019-06-04,ロッテ,阪神,3,11,メッセンジャー敗：涌井,涌井,0
2019-06-04,オリックス,DeNA,1,3,大貫敗：山本,山本,0
2019-06-04,ソフトバンク,中日,6,4,バンデンハーク敗：阿知羅,阿知羅,0
2019-06-05,日本ハム,ヤクルト,0,5,石川敗：杉浦,杉浦,0
2019-06-05,楽天,巨人,4,2,ブセニッツ敗：田原,田原,0
2019-06-05,西武,広島,1,9,大瀬良敗：十亀,十亀,0
2019-06-05,ロッテ,阪神,5,4,岩下敗：青柳,青柳,0
2019-06-05,オリックス,DeNA,5,0,田嶋敗：平良,平良,0
2019-06-05,ソフトバンク,中日,5,2,椎野敗：大野雄,大野雄,0
2019-06-06,日本ハム,ヤクルト,3,1,加藤敗：小川,小川,0
2019-06-06,楽天,巨人,1,2,桜井敗：石橋,石橋,0
2019-06-06,西武,広島,9,2,郭敗：山口,山口,0
2019-06-06,ロッテ,阪神,3,4,ドリス敗：益田,益田,0
2019-06-06,オリックス,DeNA,3,2,榊原敗：東,東,0
2019-06-06,ソフトバンク,中日,6,4,大竹敗：ロドリゲス,ロドリゲス,0
2019-06-07,巨人,ロッテ,4,3,メルセデス敗：二木,二木,0
2019-06-07,ヤクルト,オリックス,,,,,1
2019-06-07,DeNA,西武,2,6,髙橋光敗：今永,今永,0
2019-06-07,中日,楽天,13,3,柳敗：辛島,辛島,0
2019-06-07,阪神,日本ハム,2,3,有原敗：西,西,0
2019-06-07,広島,ソフトバンク,3,6,千賀敗：床田,床田,0
2019-06-08,巨人,ロッテ,5,6,田中敗：中川,中川,0
2019-06-08,ヤクルト,オリックス,4,5,山岡敗：ブキャナン,ブキャナン,0
2019-06-08,DeNA,西武,7,3,井納敗：榎田,榎田,0
2019-06-08,中日,楽天,1,2,岸敗：ロメロ,ロメロ,0
2019-06-08,阪神,日本ハム,5,10,金子敗：岩田,岩田,0
2019-06-08,広島,ソフトバンク,2,4,高橋礼敗：ジョンソン,ジョンソン,0
2019-06-09,巨人,ロッテ,11,3,菅野敗：石川,石川,0
2019-06-09,ヤクルト,オリックス,9,4,近藤敗：小林,小林,0
2019-06-09,DeNA,西武,6,4,エスコバー敗：ヒース,ヒース,0
2019-06-09,中日,楽天,2,5,美馬敗：清水,清水,0
2019-06-09,阪神,日本ハム,4,3,藤川敗：秋吉,秋吉,0
2019-06-09,広島,ソフトバンク,3,2,九里敗：松本,松本,0
2019-06-11,日本ハム,広島,5,4,上沢敗：野村,野村,0
2019-06-11,楽天,ヤクルト,3,1,塩見敗：原,原,0
2019-06-11,西武,巨人,4,0,マーティン敗：今村,今村,0
2019-06-11,ロッテ,DeNA,3,6,濵口敗：涌井,涌井,0
2019-06-11,オリックス,中日,1,2,岡田敗：近藤,近藤,0
2019-06-11,ソフトバンク,阪神,2,2,,,0
2019-06-12,日本ハム,広島,2,1,吉田輝敗：大瀬良,大瀬良,0
2019-06-12,楽天,ヤクルト,7,4,久保敗：館山,館山,0
2019-06-12,西武,巨人,4,9,高木敗：十亀,十亀,0
2019-06-12,ロッテ,DeNA,5,6,三嶋敗：酒居,酒居,0
2019-06-12,オリックス,中日,2,6,大野雄敗：近藤,近藤,0
2019-06-12,ソフトバンク,阪神,2,8,青柳敗：和田,和田,0
2019-06-13,日本ハム,広島,2,2,,,0
2019-06-13,楽天,ヤクルト,3,11,マクガフ敗：青山,青山,0
2019-06-13,西武,巨人,2,8,桜井敗：郭,郭,0
2019-06-13,ロッテ,DeNA,3,1,種市敗：阪口,阪口,0
2019-06-13,オリックス,中日,6,5,増井敗：R.マルティネス,R.マルティネス,0
2019-06-13,ソフトバンク,阪神,3,0,大竹敗：髙橋遥,髙橋遥,0
2019-06-14,日本ハム,巨人,5,4,有原敗：高木,高木,0
2019-06-14,楽天,広島,11,2,辛島敗：床田,床田,0
2019-06-14,西武,ヤクルト,11,1,髙橋光敗：ブキャナン,ブキャナン,0
2019-06-14,ロッテ,中日,1,4,柳敗：二木,二木,0
2019-06-14,オリックス,阪神,6,4,エップラー敗：西,西,0
2019-06-14,ソフトバンク,DeNA,4,5,今永敗：千賀,千賀,0
2019-06-15,日本ハム,巨人,5,8,山口敗：金子,金子,0
2019-06-15,楽天,広島,,,,,1
2019-06-15,西武,ヤクルト,5,6,マクガフ敗：増田,増田,0
2019-06-15,ロッテ,中日,,,,,1
2019-06-15,オリックス,阪神,3,2,エップラー敗：ドリス,ドリス,0
2019-06-15,ソフトバンク,DeNA,4,3,高橋礼敗：井納,井納,0
2019-06-16,日本ハム,巨人,3,7,菅野敗：杉浦,杉浦,0
2019-06-16,楽天,広島,2,4,ジョンソン敗：岸,岸,0
2019-06-16,西武,ヤクルト,10,6,松本航敗：高橋,高橋,0
2019-06-16,ロッテ,中日,8,7,田中敗：R.マルティネス,R.マルティネス,0
2019-06-16,オリックス,阪神,5,5,,,0
2019-06-16,ソフトバンク,DeNA,2,2,,,0
2019-06-17,ロッテ,中日,4,5,ロメロ敗：中村稔,中村稔,0
2019-06-18,巨人,オリックス,4,3,田原敗：海田,海田,0
2019-06-18,ヤクルト,ソフトバンク,4,6,松本敗：原,原,0
2019-06-18,DeNA,日本ハム,3,0,平良敗：上沢,上沢,0
2019-06-18,中日,西武,2,16,今井敗：阿知羅,阿知羅,0
2019-06-18,阪神,楽天,3,5,ハーマン敗：守屋,守屋,0
2019-06-18,広島,ロッテ,2,6,田中敗：中﨑,中﨑,0
2019-06-19,巨人,オリックス,3,4,比嘉敗：クック,クック,0
2019-06-19,ヤクルト,ソフトバンク,3,2,小川敗：スアレス,スアレス,0
2019-06-19,DeNA,日本ハム,7,6,エスコバー敗：石川直,石川直,0
2019-06-19,中日,西武,2,5,平井敗：大野雄,大野雄,0
2019-06-19,阪神,楽天,4,9,森原敗：守屋,守屋,0
2019-06-19,広島,ロッテ,3,6,岩下敗：大瀬良,大瀬良,0
2019-06-20,巨人,オリックス,4,2,澤村敗：K-鈴木,K-鈴木,0
2019-06-20,ヤクルト,ソフトバンク,5,6,大竹敗：近藤,近藤,0
2019-06-20,DeNA,日本ハム,4,8,井口敗：エスコバー,エスコバー,0
2019-06-20,中日,西武,1,2,ニール敗：山井,山井,0
2019-06-20,阪神,楽天,2,3,石橋敗：髙橋遥,髙橋遥,0
2019-06-20,広島,ロッテ,7,6,フランスア敗：ブランドン,ブランドン,0
2019-06-21,巨人,ソフトバンク,3,8,千賀敗：メルセデス,メルセデス,0
2019-06-21,ヤクルト,ロッテ,3,12,二木敗：ブキャナン,ブキャナン,0
2019-06-21,DeNA,楽天,3,2,エスコバー敗：ブセニッツ,ブセニッツ,0
2019-06-21,中日,日本ハム,4,2,柳敗：有原,有原,0
2019-06-21,阪神,西武,5,3,岩崎敗：佐野,佐野,0
2019-06-21,広島,オリックス,4,5,エップラー敗：フランスア,フランスア,0
2019-06-22,巨人,ソフトバンク,7,2,山口敗：高橋礼,高橋礼,0
2019-06-22,ヤクルト,ロッテ,4,8,唐川敗：石川,石川,0
2019-06-22,DeNA,楽天,9,11,青山敗：三嶋,三嶋,0
2019-06-22,中日,日本ハム,6,1,吉見敗：金子,金子,0
2019-06-22,阪神,西武,6,2,岩田敗：本田,本田,0
2019-06-22,広島,オリックス,2,3,荒西敗：アドゥワ,アドゥワ,0
2019-06-23,巨人,ソフトバンク,1,5,和田敗：菅野,菅野,0
2019-06-23,ヤクルト,ロッテ,6,2,高橋敗：西野,西野,0
2019-06-23,DeNA,楽天,3,0,上茶谷敗：岸,岸,0
2019-06-23,中日,日本ハム,8,4,ロメロ敗：吉田輝,吉田輝,0
2019-06-23,阪神,西武,3,7,松本航敗：ガルシア,ガルシア,0
2019-06-23,広島,オリックス,3,9,ディクソン敗：菊池保,菊池保,0
2019-06-24,楽天,広島,,,,,1
2019-06-24,ヤクルト,オリックス,2,6,竹安敗：清水,清水,0
2019-06-25,楽天,広島,0,2,九里敗：菅原,菅原,0
2019-06-28,DeNA,広島,13,3,今永敗：大瀬良,大瀬良,0
2019-06-28,日本ハム,ソフトバンク,5,7,千賀敗：有原,有原,0
2019-06-28,楽天,ロッテ,5,6,酒居敗：松井,松井,0
2019-06-28,西武,オリックス,0,4,山本敗：今井,今井,0
2019-06-29,ヤクルト,巨人,2,6,山口敗：石川,石川,0
2019-06-29,DeNA,広島,2,1,国吉敗：中村恭,中村恭,0
2019-06-29,中日,阪神,6,1,大野雄敗：青柳,青柳,0
2019-06-29,日本ハム,ソフトバンク,4,5,髙橋純敗：石川直,石川直,0
2019-06-29,楽天,ロッテ,2,2,,,0
2019-06-29,西武,オリックス,7,0,本田敗：榊原,榊原,0
2019-06-30,ヤクルト,巨人,3,4,大竹敗：石山,石山,0
2019-06-30,DeNA,広島,2,2,,,0
2019-06-30,中日,阪神,1,0,福敗：ドリス,ドリス,0
2019-06-30,日本ハム,ソフトバンク,3,4,髙橋純敗：ロドリゲス,ロドリゲス,0
2019-06-30,楽天,ロッテ,,,,,1
2019-06-30,西武,オリックス,11,3,松本航敗：K-鈴木,K-鈴木,0
2019-07-02,巨人,中日,6,0,菅野敗：清水,清水,0
2019-07-02,DeNA,阪神,4,0,上茶谷敗：西,西,0
2019-07-02,広島,ヤクルト,1,3,小川敗：九里,九里,0
2019-07-02,日本ハム,西武,9,1,加藤敗：髙橋光,髙橋光,0
2019-07-02,オリックス,ロッテ,6,5,エップラー敗：田中,田中,0
2019-07-02,ソフトバンク,楽天,8,6,モイネロ敗：ブセニッツ,ブセニッツ,0
2019-07-03,巨人,中日,7,6,中川敗：ロドリゲス,ロドリゲス,0
2019-07-03,DeNA,阪神,3,4,島本敗：武藤,武藤,0
2019-07-03,広島,ヤクルト,2,6,寺原敗：ローレンス,ローレンス,0
2019-07-03,日本ハム,西武,5,3,玉井敗：十亀,十亀,0
2019-07-03,オリックス,ロッテ,6,12,ボルシンガー敗：荒西,荒西,0
2019-07-03,ソフトバンク,楽天,4,1,和田敗：岸,岸,0
2019-07-04,巨人,中日,5,3,今村敗：ロメロ,ロメロ,0
2019-07-04,DeNA,阪神,7,2,大貫敗：メッセンジャー,メッセンジャー,0
2019-07-04,広島,ヤクルト,2,7,高橋敗：ジョンソン,ジョンソン,0
2019-07-04,日本ハム,西武,2,8,ニール敗：吉川,吉川,0
2019-07-04,オリックス,ロッテ,4,2,田嶋敗：小島,小島,0
2019-07-04,ソフトバンク,楽天,6,3,千賀敗：辛島,辛島,0
2019-07-05,巨人,DeNA,8,4,山口敗：今永,今永,0
2019-07-05,中日,ヤクルト,,,,,1
2019-07-05,阪神,広島,3,1,岩田敗：大瀬良,大瀬良,0
2019-07-05,楽天,日本ハム,2,4,有原敗：塩見,塩見,0
2019-07-05,ロッテ,西武,4,2,二木敗：今井,今井,0
2019-07-05,オリックス,ソフトバンク,2,6,二保敗：山本,山本,0
2019-07-06,巨人,DeNA,4,3,メルセデス敗：平良,平良,0
2019-07-06,中日,ヤクルト,1,3,石川敗：大野雄,大野雄,0
2019-07-06,阪神,広島,8,5,島本敗：アドゥワ,アドゥワ,0
2019-07-06,楽天,日本ハム,0,1,玉井敗：松井,松井,0
2019-07-06,ロッテ,西武,0,5,本田敗：涌井,涌井,0
2019-07-06,オリックス,ソフトバンク,5,6,椎野敗：エップラー,エップラー,0
2019-07-07,巨人,DeNA,4,6,三嶋敗：鍬原,鍬原,0
2019-07-07,中日,ヤクルト,7,1,柳敗：高梨,高梨,0
2019-07-07,阪神,広島,1,0,髙橋遥敗：床田,床田,0
2019-07-07,楽天,日本ハム,3,6,ロドリゲス敗：菅原,菅原,0
2019-07-07,ロッテ,西武,8,2,土肥敗：松本航,松本航,0
2019-07-07,オリックス,ソフトバンク,5,2,近藤敗：嘉弥真,嘉弥真,0
2019-07-08,ヤクルト,DeNA,5,3,山田大敗：飯塚,飯塚,0
2019-07-08,中日,広島,3,2,山井敗：九里,九里,0
2019-07-08,阪神,巨人,3,4,大竹敗：ジョンソン,ジョンソン,0
2019-07-08,楽天,オリックス,0,2,山岡敗：石橋,石橋,0
2019-07-08,ロッテ,日本ハム,3,5,浦野敗：岩下,岩下,0
2019-07-08,ソフトバンク,西武,8,7,椎野敗：佐野,佐野,0
2019-07-09,ヤクルト,DeNA,4,9,国吉敗：梅野,梅野,0
2019-07-09,中日,広島,6,3,三ツ間敗：山口,山口,0
2019-07-09,阪神,巨人,0,1,桜井敗：ガルシア,ガルシア,0
2019-07-09,楽天,オリックス,6,1,則本昂敗：山﨑福,山﨑福,0
2019-07-09,ロッテ,日本ハム,6,1,佐々木敗：中村,中村,0
2019-07-09,ソフトバンク,西武,3,2,高橋礼敗：十亀,十亀,0
2019-07-10,ヤクルト,DeNA,7,2,近藤敗：国吉,国吉,0
2019-07-10,中日,広島,2,1,祖父江敗：レグナルト,レグナルト,0
2019-07-10,阪神,巨人,1,4,今村敗：メッセンジャー,メッセンジャー,0
2019-07-10,楽天,オリックス,6,7,ディクソン敗：松井,松井,0
2019-07-10,ロッテ,日本ハム,5,0,チェン・グァンユウ敗：村田,村田,0
2019-07-10,ソフトバンク,西武,3,7,ニール敗：和田,和田,0
2019-07-12,セ・リーグ,パ・リーグ,3,6,千賀敗：大瀬良,大瀬良,0
2019-07-13,セ・リーグ,パ・リーグ,11,3,菅野敗：山岡,山岡,0
2019-07-15,ヤクルト,巨人,4,7,マシソン敗：五十嵐,五十嵐,0
2019-07-15,DeNA,広島,5,8,九里敗：井納,井納,0
2019-07-15,中日,阪神,4,2,大野雄敗：ジョンソン,ジョンソン,0
2019-07-15,西武,ロッテ,5,6,岩下敗：マーティン,マーティン,0
2019-07-15,オリックス,楽天,2,6,菅原敗：田嶋,田嶋,0
2019-07-15,ソフトバンク,日本ハム,1,5,ロドリゲス敗：大竹,大竹,0
2019-07-16,ヤクルト,巨人,3,6,山口敗：高梨,高梨,0
2019-07-16,DeNA,広島,8,5,三嶋敗：レグナルト,レグナルト,0
2019-07-16,中日,阪神,3,2,岡田敗：小野,小野,0
2019-07-16,西武,ロッテ,5,1,十亀敗：涌井,涌井,0
2019-07-16,オリックス,楽天,1,0,山岡敗：則本昂,則本昂,0
2019-07-16,ソフトバンク,日本ハム,2,3,石川直敗：甲斐野,甲斐野,0
2019-07-17,ヤクルト,巨人,5,4,山田大敗：メルセデス,メルセデス,0
2019-07-17,DeNA,広島,3,1,濵口敗：ジョンソン,ジョンソン,0
2019-07-17,中日,阪神,6,4,ロドリゲス敗：藤川,藤川,0
2019-07-17,西武,ロッテ,4,3,本田敗：小島,小島,0
2019-07-17,オリックス,楽天,3,7,辛島敗：山﨑福,山﨑福,0
2019-07-17,ソフトバンク,日本ハム,0,4,有原敗：スアレス,スアレス,0
2019-07-18,DeNA,中日,3,7,ロメロ敗：今永,今永,0
2019-07-19,DeNA,中日,3,2,平良敗：柳,柳,0
2019-07-19,阪神,ヤクルト,,,,,1
2019-07-19,広島,巨人,7,6,レグナルト敗：マシソン,マシソン,0
2019-07-19,日本ハム,ロッテ,5,3,加藤敗：二木,二木,0
2019-07-19,楽天,ソフトバンク,5,1,美馬敗：千賀,千賀,0
2019-07-19,西武,オリックス,5,4,平井敗：増井,増井,0
2019-07-20,DeNA,中日,4,3,石田敗：山井,山井,0
2019-07-20,阪神,ヤクルト,4,3,ドリス敗：ハフ,ハフ,0
2019-07-20,広島,巨人,4,2,今村敗：田口,田口,0
2019-07-20,日本ハム,ロッテ,4,0,浦野敗：佐々木,佐々木,0
2019-07-20,楽天,ソフトバンク,1,0,森原敗：椎野,椎野,0
2019-07-20,西武,オリックス,1,3,竹安敗：多和田,多和田,0
2019-07-21,DeNA,中日,5,4,大貫敗：笠原,笠原,0
2019-07-21,阪神,ヤクルト,5,2,西敗：山中,山中,0
2019-07-21,広島,巨人,2,1,今村敗：マシソン,マシソン,0
2019-07-21,日本ハム,ロッテ,4,9,種市敗：堀,堀,0
2019-07-21,楽天,ソフトバンク,2,4,松田遼敗：石橋,石橋,0
2019-07-21,西武,オリックス,10,3,ニール敗：荒西,荒西,0
2019-07-23,巨人,ヤクルト,6,5,中川敗：近藤,近藤,0
2019-07-23,阪神,DeNA,6,6,,,0
2019-07-23,広島,中日,6,5,フランスア敗：祖父江,祖父江,0
2019-07-23,楽天,西武,,,,,1
2019-07-23,オリックス,日本ハム,2,5,金子敗：田嶋,田嶋,0
2019-07-23,ソフトバンク,ロッテ,11,7,高橋礼敗：岩下,岩下,0
2019-07-24,巨人,ヤクルト,4,10,石川敗：古川,古川,0
2019-07-24,阪神,DeNA,1,3,濵口敗：青柳,青柳,0
2019-07-24,広島,中日,2,0,ジョンソン敗：山本,山本,0
2019-07-24,楽天,西武,4,3,則本昂敗：今井,今井,0
2019-07-24,オリックス,日本ハム,4,5,有原敗：山岡,山岡,0
2019-07-24,ソフトバンク,ロッテ,5,4,甲斐野敗：石川,石川,0
2019-07-25,巨人,ヤクルト,1,8,山田大敗：ヤングマン,ヤングマン,0
2019-07-25,阪神,DeNA,0,6,今永敗：秋山,秋山,0
2019-07-25,広島,中日,11,4,野村敗：ロメロ,ロメロ,0
2019-07-25,楽天,西武,1,5,松本航敗：辛島,辛島,0
2019-07-25,ソフトバンク,ロッテ,4,7,ボルシンガー敗：大竹,大竹,0
2019-07-26,巨人,阪神,2,4,島本敗：田口,田口,0
2019-07-26,ヤクルト,広島,3,12,大瀬良敗：高橋,高橋,0
2019-07-26,中日,DeNA,1,2,平良敗：柳,柳,0
2019-07-26,西武,日本ハム,7,12,ロドリゲス敗：森脇,森脇,0
2019-07-26,ロッテ,楽天,3,6,ブセニッツ敗：石川,石川,0
2019-07-26,ソフトバンク,オリックス,2,6,K-鈴木敗：千賀,千賀,0
2019-07-27,巨人,阪神,2,3,飯田敗：田口,田口,0
2019-07-27,ヤクルト,広島,2,3,床田敗：小川,小川,0
2019-07-27,中日,DeNA,3,12,石田敗：松坂,松坂,0
2019-07-27,西武,日本ハム,6,10,北浦敗：多和田,多和田,0
2019-07-27,ロッテ,楽天,9,7,唐川敗：森原,森原,0
2019-07-27,ソフトバンク,オリックス,3,5,山本敗：二保,二保,0
2019-07-28,巨人,阪神,16,4,桜井敗：岩田,岩田,0
2019-07-28,ヤクルト,広島,5,12,九里敗：高梨,高梨,0
2019-07-28,中日,DeNA,4,2,笠原敗：中川虎,中川虎,0
2019-07-28,西武,日本ハム,8,7,ヒース敗：宮西,宮西,0
2019-07-28,ロッテ,楽天,4,3,益田敗：青山,青山,0
2019-07-28,ソフトバンク,オリックス,9,2,ミランダ敗：竹安,竹安,0
2019-07-30,巨人,広島,8,5,山口敗：モンティージャ,モンティージャ,0
2019-07-30,DeNA,ヤクルト,6,2,上茶谷敗：ブキャナン,ブキャナン,0
2019-07-30,阪神,中日,7,6,浜地敗：岡田,岡田,0
2019-07-30,日本ハム,楽天,0,2,弓削敗：吉川,吉川,0
2019-07-30,西武,ソフトバンク,5,2,今井敗：高橋礼,高橋礼,0
2019-07-30,ロッテ,オリックス,4,1,岩下敗：田嶋,田嶋,0
2019-07-31,巨人,広島,2,3,ジョンソン敗：髙橋,髙橋,0
2019-07-31,DeNA,ヤクルト,4,3,山﨑敗：近藤,近藤,0
2019-07-31,阪神,中日,2,3,山本敗：青柳,青柳,0
2019-07-31,日本ハム,楽天,4,3,石川直敗：則本昂,則本昂,0
2019-07-31,西武,ソフトバンク,2,0,平井敗：甲斐野,甲斐野,0
2019-07-31,ロッテ,オリックス,4,8,山岡敗：涌井,涌井,0
2019-08-01,巨人,広島,2,8,野村敗：メルセデス,メルセデス,0
2019-08-01,DeNA,ヤクルト,2,4,山田大敗：大貫,大貫,0
2019-08-01,阪神,中日,3,2,島本敗：ロメロ,ロメロ,0
2019-08-01,日本ハム,楽天,1,3,辛島敗：有原,有原,0
2019-08-01,西武,ソフトバンク,10,11,松田遼敗：ヒース,ヒース,0
2019-08-01,ロッテ,オリックス,7,6,東妻敗：エップラー,エップラー,0
2019-08-02,ヤクルト,中日,4,5,ロドリゲス敗：マクガフ,マクガフ,0
2019-08-02,DeNA,巨人,4,2,平良敗：菅野,菅野,0
2019-08-02,広島,阪神,7,0,大瀬良敗：髙橋遥,髙橋遥,0
2019-08-02,日本ハム,ソフトバンク,0,2,千賀敗：堀,堀,0
2019-08-02,楽天,ロッテ,5,2,美馬敗：二木,二木,0
2019-08-02,オリックス,西武,9,8,比嘉敗：平良,平良,0
2019-08-03,ヤクルト,中日,4,6,祖父江敗：小川,小川,0
2019-08-03,DeNA,巨人,6,5,国吉敗：中川,中川,0
2019-08-03,広島,阪神,1,4,西敗：床田,床田,0
2019-08-03,日本ハム,ソフトバンク,3,6,ミランダ敗：金子,金子,0
2019-08-03,楽天,ロッテ,0,0,,,0
2019-08-03,オリックス,西武,4,1,山本敗：多和田,多和田,0
2019-08-04,ヤクルト,中日,7,2,高橋敗：笠原,笠原,0
2019-08-04,DeNA,巨人,3,2,今永敗：桜井,桜井,0
2019-08-04,広島,阪神,10,5,九里敗：岩田,岩田,0
2019-08-04,日本ハム,ソフトバンク,4,3,ロドリゲス敗：二保,二保,0
2019-08-04,楽天,ロッテ,2,11,種市敗：石橋,石橋,0
2019-08-04,オリックス,西武,4,5,小川敗：近藤,近藤,0
2019-08-05,楽天,ロッテ,1,8,西野敗：藤平,藤平,0
2019-08-06,ヤクルト,阪神,4,3,ブキャナン敗：ガルシア,ガルシア,0
2019-08-06,中日,巨人,6,0,大野雄敗：野上,野上,0
2019-08-06,広島,DeNA,8,4,アドゥワ敗：上茶谷,上茶谷,0
2019-08-06,日本ハム,オリックス,0,5,田嶋敗：斎藤佑樹,斎藤佑樹,0
2019-08-06,西武,楽天,0,10,弓削敗：今井,今井,0
2019-08-06,ロッテ,ソフトバンク,4,2,酒居敗：松田遼,松田遼,0
2019-08-07,ヤクルト,阪神,11,2,石川敗：青柳,青柳,0
2019-08-07,中日,巨人,3,9,メルセデス敗：山本,山本,0
2019-08-07,広島,DeNA,0,4,濵口敗：ジョンソン,ジョンソン,0
2019-08-07,日本ハム,オリックス,4,6,山岡敗：加藤,加藤,0
2019-08-07,西武,楽天,4,3,平井敗：ハーマン,ハーマン,0
2019-08-07,ロッテ,ソフトバンク,5,3,松永敗：甲斐野,甲斐野,0
2019-08-08,ヤクルト,阪神,3,5,秋山敗：山田大,山田大,0
2019-08-08,中日,巨人,3,3,,,0
2019-08-08,広島,DeNA,4,1,野村敗：京山,京山,0
2019-08-08,日本ハム,オリックス,2,5,張敗：村田,村田,0
2019-08-08,西武,楽天,7,11,久保敗：マーティン,マーティン,0
2019-08-08,ロッテ,ソフトバンク,3,5,加治屋敗：チェン・グァンユウ,チェン・グァンユウ,0
2019-08-09,巨人,ヤクルト,10,9,デラロサ敗：マクガフ,マクガフ,0
2019-08-09,DeNA,中日,10,6,平良敗：ロメロ,ロメロ,0
2019-08-09,阪神,広島,5,11,大瀬良敗：髙橋遥,髙橋遥,0
2019-08-10,巨人,ヤクルト,8,4,桜井敗：星,星,0
2019-08-10,DeNA,中日,5,4,山﨑敗：祖父江,祖父江,0
2019-08-10,阪神,広島,6,5,岩崎敗：フランスア,フランスア,0
2019-08-10,楽天,オリックス,4,8,比嘉敗：久保,久保,0
2019-08-10,ロッテ,西武,3,8,髙橋光敗：二木,二木,0
2019-08-10,ソフトバンク,日本ハム,8,4,千賀敗：有原,有原,0
2019-08-11,巨人,ヤクルト,7,1,髙橋敗：高橋,高橋,0
2019-08-11,DeNA,中日,8,10,又吉敗：武藤,武藤,0
2019-08-11,阪神,広島,6,5,浜地敗：フランスア,フランスア,0
2019-08-11,楽天,オリックス,8,2,石橋敗：比嘉,比嘉,0
2019-08-11,ロッテ,西武,2,4,小川敗：松永,松永,0
2019-08-11,ソフトバンク,日本ハム,2,0,ミランダ敗：ロドリゲス,ロドリゲス,0
2019-08-12,ヤクルト,DeNA,5,4,マクガフ敗：山﨑,山﨑,0
2019-08-12,中日,阪神,5,1,梅津敗：ガルシア,ガルシア,0
2019-08-12,広島,巨人,7,8,大竹敗：アドゥワ,アドゥワ,0
2019-08-12,楽天,オリックス,3,2,ハーマン敗：ディクソン,ディクソン,0
2019-08-12,ロッテ,西武,2,9,ニール敗：ボルシンガー,ボルシンガー,0
2019-08-12,ソフトバンク,日本ハム,6,3,和田敗：吉川,吉川,0
2019-08-13,ヤクルト,DeNA,8,7,梅野敗：エスコバー,エスコバー,0
2019-08-13,中日,阪神,0,0,,,0
2019-08-13,広島,巨人,2,1,今村敗：戸根,戸根,0
2019-08-13,日本ハム,ロッテ,1,6,東妻敗：秋吉,秋吉,0
2019-08-13,楽天,ソフトバンク,0,3,高橋礼敗：弓削,弓削,0
2019-08-13,西武,オリックス,11,4,佐野敗：田嶋,田嶋,0
2019-08-14,ヤクルト,DeNA,15,2,石川敗：濵口,濵口,0
2019-08-14,中日,阪神,3,6,能見敗：山井,山井,0
2019-08-14,広島,巨人,1,7,菅野敗：野村,野村,0
2019-08-14,日本ハム,ロッテ,4,9,小島敗：吉田輝,吉田輝,0
2019-08-14,楽天,ソフトバンク,3,12,武田敗：則本昂,則本昂,0
2019-08-14,西武,オリックス,8,7,小川敗：海田,海田,0
2019-08-15,日本ハム,ロッテ,0,6,佐々木敗：杉浦,杉浦,0
2019-08-15,楽天,ソフトバンク,4,3,ブセニッツ敗：髙橋純,髙橋純,0
2019-08-15,西武,オリックス,8,20,張敗：本田,本田,0
2019-08-16,巨人,阪神,2,1,桜井敗：髙橋遥,髙橋遥,0
2019-08-16,ヤクルト,中日,2,4,三ツ間敗：小川,小川,0
2019-08-16,DeNA,広島,2,4,大瀬良敗：井納,井納,0
2019-08-16,オリックス,ロッテ,2,1,アルバース敗：西野,西野,0
2019-08-17,巨人,阪神,4,2,髙橋敗：西,西,0
2019-08-17,ヤクルト,中日,7,5,星敗：柳,柳,0
2019-08-17,DeNA,広島,8,3,石田敗：モンティージャ,モンティージャ,0
2019-08-17,日本ハム,楽天,6,1,有原敗：菅原,菅原,0
2019-08-17,オリックス,ロッテ,6,0,竹安敗：二木,二木,0
2019-08-17,ソフトバンク,西武,8,13,髙橋光敗：千賀,千賀,0
2019-08-18,巨人,阪神,6,3,山口敗：ガルシア,ガルシア,0
2019-08-18,ヤクルト,中日,3,2,ブキャナン敗：山本,山本,0
2019-08-18,DeNA,広島,1,0,今永敗：九里,九里,0
2019-08-18,日本ハム,楽天,4,4,,,0
2019-08-18,オリックス,ロッテ,2,1,K-鈴木敗：種市,種市,0
2019-08-18,ソフトバンク,西武,5,4,髙橋純敗：平井,平井,0
2019-08-19,ソフトバンク,西武,2,1,椎野敗：松本航,松本航,0
2019-08-20,中日,巨人,1,2,メルセデス敗：大野雄,大野雄,0
2019-08-20,阪神,DeNA,8,0,青柳敗：濵口,濵口,0
2019-08-20,広島,ヤクルト,9,8,レグナルト敗：ハフ,ハフ,0
2019-08-20,西武,日本ハム,4,2,ニール敗：ロドリゲス,ロドリゲス,0
2019-08-20,ロッテ,楽天,7,3,石川敗：岸,岸,0
2019-08-21,中日,巨人,2,5,菅野敗：小笠原,小笠原,0
2019-08-21,阪神,DeNA,3,1,秋山敗：上茶谷,上茶谷,0
2019-08-21,広島,ヤクルト,5,4,遠藤敗：ハフ,ハフ,0
2019-08-21,西武,日本ハム,11,6,榎田敗：加藤,加藤,0
2019-08-21,ロッテ,楽天,1,3,則本昂敗：小島,小島,0
2019-08-21,ソフトバンク,オリックス,4,14,吉田一敗：松田遼,松田遼,0
2019-08-22,中日,巨人,7,4,梅津敗：ヤングマン,ヤングマン,0
2019-08-22,阪神,DeNA,8,0,望月敗：平良,平良,0
2019-08-22,広島,ヤクルト,4,8,小川敗：山口,山口,0
2019-08-22,西武,日本ハム,3,5,公文敗：本田,本田,0
2019-08-22,ロッテ,楽天,5,8,松井敗：南,南,0
2019-08-22,ソフトバンク,オリックス,5,1,和田敗：張,張,0
2019-08-23,巨人,DeNA,1,5,東敗：桜井,桜井,0
2019-08-23,ヤクルト,阪神,3,8,髙橋遥敗：山田大,山田大,0
2019-08-23,中日,広島,4,1,ロメロ敗：大瀬良,大瀬良,0
2019-08-23,西武,楽天,8,6,野田敗：弓削,弓削,0
2019-08-23,ロッテ,ソフトバンク,3,0,ボルシンガー敗：千賀,千賀,0
2019-08-23,オリックス,日本ハム,6,4,山岡敗：玉井,玉井,0
2019-08-24,巨人,DeNA,8,6,田口敗：エスコバー,エスコバー,0
2019-08-24,ヤクルト,阪神,4,7,西敗：田川,田川,0
2019-08-24,中日,広島,4,5,中﨑敗：岡田,岡田,0
2019-08-24,西武,楽天,6,5,佐野敗：松井,松井,0
2019-08-24,ロッテ,ソフトバンク,9,5,中村稔敗：ミランダ,ミランダ,0
2019-08-24,オリックス,日本ハム,1,7,有原敗：アルバース,アルバース,0
2019-08-25,巨人,DeNA,0,3,今永敗：山口,山口,0
2019-08-25,ヤクルト,阪神,5,1,ブキャナン敗：ガルシア,ガルシア,0
2019-08-25,中日,広島,10,4,山本敗：九里,九里,0
2019-08-25,西武,楽天,2,14,石橋敗：十亀,十亀,0
2019-08-25,ロッテ,ソフトバンク,4,3,種市敗：髙橋純,髙橋純,0
2019-08-25,オリックス,日本ハム,1,6,金子敗：竹安,竹安,0
2019-08-27,巨人,広島,0,2,ジョンソン敗：メルセデス,メルセデス,0
2019-08-27,DeNA,ヤクルト,5,3,エスコバー敗：星,星,0
2019-08-27,阪神,中日,,,,,1
2019-08-27,日本ハム,西武,2,8,ニール敗：玉井,玉井,0
2019-08-27,楽天,ロッテ,5,2,宋家豪敗：酒居,酒居,0
2019-08-27,オリックス,ソフトバンク,,,,,1
2019-08-28,巨人,広島,6,2,菅野敗：野村,野村,0
2019-08-28,DeNA,ヤクルト,7,6,武藤敗：星,星,0
2019-08-28,阪神,中日,0,1,小笠原敗：青柳,青柳,0
2019-08-28,日本ハム,西武,8,10,野田敗：生田目,生田目,0
2019-08-28,楽天,ロッテ,4,5,小島敗：則本昂,則本昂,0
2019-08-28,オリックス,ソフトバンク,,,,,1
2019-08-29,巨人,広島,12,4,桜井敗：大瀬良,大瀬良,0
2019-08-29,DeNA,ヤクルト,4,2,石田敗：平井,平井,0
2019-08-29,阪神,中日,,,,,1
2019-08-29,日本ハム,西武,2,5,本田敗：杉浦,杉浦,0
2019-08-29,楽天,ロッテ,4,5,酒居敗：松井,松井,0
2019-08-30,中日,ヤクルト,7,1,ロメロ敗：山田大,山田大,0
2019-08-30,阪神,巨人,1,4,田口敗：髙橋遥,髙橋遥,0
2019-08-30,広島,DeNA,4,6,藤岡敗：遠藤,遠藤,0
2019-08-30,楽天,日本ハム,7,2,弓削敗：北浦,北浦,0
2019-08-30,西武,ソフトバンク,4,2,平良敗：千賀,千賀,0
2019-08-30,ロッテ,オリックス,4,10,海田敗：永野,永野,0
2019-08-31,中日,ヤクルト,2,5,平井敗：藤嶋,藤嶋,0
2019-08-31,阪神,巨人,4,2,ドリス敗：山口,山口,0
2019-08-31,広島,DeNA,4,2,九里敗：京山,京山,0
2019-08-31,楽天,日本ハム,1,0,辛島敗：有原,有原,0
2019-08-31,西武,ソフトバンク,10,5,髙橋光敗：和田,和田,0
2019-08-31,ロッテ,オリックス,1,2,近藤敗：益田,益田,0
2019-09-01,中日,ヤクルト,1,3,高梨敗：大野雄,大野雄,0
2019-09-01,阪神,巨人,2,0,岩貞敗：今村,今村,0
2019-09-01,広島,DeNA,2,3,今永敗：薮田,薮田,0
2019-09-01,楽天,日本ハム,2,1,石橋敗：金子,金子,0
2019-09-01,西武,ソフトバンク,1,4,武田敗：十亀,十亀,0
2019-09-01,ロッテ,オリックス,8,6,東妻敗：近藤,近藤,0
2019-09-02,ロッテ,オリックス,2,2,,,0
2019-09-03,巨人,中日,3,4,梅津敗：メルセデス,メルセデス,0
2019-09-03,ヤクルト,広島,0,3,ジョンソン敗：高橋,高橋,0
2019-09-03,DeNA,阪神,,,,,1
2019-09-03,ロッテ,日本ハム,2,0,石川敗：ロドリゲス,ロドリゲス,0
2019-09-03,オリックス,西武,1,5,ニール敗：荒西,荒西,0
2019-09-03,ソフトバンク,楽天,3,2,高橋礼敗：岸,岸,0
2019-09-04,巨人,中日,4,8,小笠原敗：菅野,菅野,0
2019-09-04,ヤクルト,広島,11,7,マクガフ敗：フランスア,フランスア,0
2019-09-04,DeNA,阪神,7,5,エスコバー敗：能見,能見,0
2019-09-04,ロッテ,日本ハム,4,2,益田敗：秋吉,秋吉,0
2019-09-04,オリックス,西武,2,10,榎田敗：張,張,0
2019-09-04,ソフトバンク,楽天,5,1,ミランダ敗：則本昂,則本昂,0
2019-09-05,巨人,中日,2,3,福敗：中川,中川,0
2019-09-05,ヤクルト,広島,1,8,床田敗：山田大,山田大,0
2019-09-05,DeNA,阪神,2,9,青柳敗：大貫,大貫,0
2019-09-05,オリックス,西武,3,7,松本航敗：岩本,岩本,0
2019-09-05,ソフトバンク,楽天,3,2,椎野敗：美馬,美馬,0
2019-09-06,ヤクルト,巨人,5,2,石川敗：髙橋,髙橋,0
2019-09-06,中日,DeNA,8,4,又吉敗：平良,平良,0
2019-09-06,広島,阪神,6,3,九里敗：髙橋遥,髙橋遥,0
2019-09-06,日本ハム,オリックス,6,2,杉浦敗：山岡,山岡,0
2019-09-06,楽天,西武,4,5,今井敗：弓削,弓削,0
2019-09-06,ソフトバンク,ロッテ,2,0,千賀敗：ボルシンガー,ボルシンガー,0
2019-09-07,ヤクルト,巨人,6,10,山口敗：大下,大下,0
2019-09-07,中日,DeNA,8,3,柳敗：上茶谷,上茶谷,0
2019-09-07,広島,阪神,3,7,西敗：薮田,薮田,0
2019-09-07,日本ハム,オリックス,8,7,有原敗：アルバース,アルバース,0
2019-09-07,楽天,西武,5,3,辛島敗：髙橋光,髙橋光,0
2019-09-07,ソフトバンク,ロッテ,0,4,西野敗：和田,和田,0
2019-09-08,ヤクルト,巨人,,,,,1
2019-09-08,中日,DeNA,5,2,大野雄敗：齋藤,齋藤,0
2019-09-08,広島,阪神,3,2,ジョンソン敗：岩貞,岩貞,0
2019-09-08,日本ハム,オリックス,2,0,金子敗：山本,山本,0
2019-09-08,楽天,西武,2,3,小川敗：森原,森原,0
2019-09-08,ソフトバンク,ロッテ,9,6,モイネロ敗：東妻,東妻,0
2019-09-09,楽天,オリックス,6,4,森原敗：増井,増井,0
2019-09-09,ソフトバンク,ロッテ,6,11,二木敗：松田遼,松田遼,0
2019-09-10,DeNA,巨人,2,4,高木敗：今永,今永,0
2019-09-10,阪神,ヤクルト,4,5,石山敗：ドリス,ドリス,0
2019-09-10,広島,中日,3,0,大瀬良敗：梅津,梅津,0
2019-09-10,日本ハム,ロッテ,2,10,石川敗：ロドリゲス,ロドリゲス,0
2019-09-11,DeNA,巨人,10,4,井納敗：桜井,桜井,0
2019-09-11,阪神,ヤクルト,10,3,青柳敗：小川,小川,0
2019-09-11,広島,中日,2,3,岡田敗：レグナルト,レグナルト,0
2019-09-11,日本ハム,楽天,1,3,ブセニッツ敗：秋吉,秋吉,0
2019-09-11,西武,ソフトバンク,4,1,ニール敗：高橋礼,高橋礼,0
2019-09-11,ロッテ,オリックス,6,4,小島敗：張,張,0
2019-09-12,DeNA,巨人,5,8,田口敗：平良,平良,0
2019-09-12,阪神,ヤクルト,2,12,山田大敗：髙橋遥,髙橋遥,0
2019-09-12,広島,中日,3,2,フランスア敗：藤嶋,藤嶋,0
2019-09-12,日本ハム,楽天,4,2,西村敗：美馬,美馬,0
2019-09-12,西武,ソフトバンク,2,3,千賀敗：平井,平井,0
2019-09-13,巨人,広島,5,1,山口敗：九里,九里,0
2019-09-13,中日,阪神,1,7,西敗：柳,柳,0
2019-09-13,西武,ロッテ,6,1,松本航敗：ボルシンガー,ボルシンガー,0
2019-09-14,巨人,広島,5,6,フランスア敗：鍵谷,鍵谷,0
2019-09-14,DeNA,ヤクルト,7,4,上茶谷敗：石川,石川,0
2019-09-14,中日,阪神,3,0,大野雄敗：望月,望月,0
2019-09-14,日本ハム,ソフトバンク,1,3,嘉弥真敗：有原,有原,0
2019-09-14,西武,ロッテ,4,3,國場敗：東妻,東妻,0
2019-09-14,オリックス,楽天,3,2,山岡敗：辛島,辛島,0
2019-09-15,巨人,阪神,6,5,マシソン敗：ジョンソン,ジョンソン,0
2019-09-15,中日,DeNA,2,6,バリオス敗：三ツ間,三ツ間,0
2019-09-15,広島,ヤクルト,7,8,田川敗：塹江,塹江,0
2019-09-15,日本ハム,ソフトバンク,7,5,堀敗：甲斐野,甲斐野,0
2019-09-15,西武,ロッテ,6,5,平良敗：大谷,大谷,0
2019-09-15,オリックス,楽天,7,1,山本敗：石橋,石橋,0
2019-09-16,巨人,阪神,1,2,ガルシア敗：桜井,桜井,0
2019-09-16,中日,DeNA,8,1,山本敗：石田,石田,0
2019-09-16,広島,ヤクルト,4,6,高橋敗：大瀬良,大瀬良,0
2019-09-16,日本ハム,ソフトバンク,7,2,金子敗：ミランダ,ミランダ,0
2019-09-16,西武,ロッテ,3,9,石川敗：本田,本田,0
2019-09-16,オリックス,楽天,2,8,岸敗：アルバース,アルバース,0
2019-09-18,DeNA,広島,,,,,1
2019-09-18,中日,巨人,3,1,R.マルティネス敗：髙橋,髙橋,0
2019-09-18,阪神,ヤクルト,3,2,岩崎敗：ハフ,ハフ,0
2019-09-18,西武,オリックス,5,0,ニール敗：荒西,荒西,0
2019-09-18,ソフトバンク,楽天,2,6,美馬敗：高橋礼,高橋礼,0
2019-09-19,DeNA,広島,11,8,三嶋敗：今村,今村,0
2019-09-19,中日,巨人,2,1,ロドリゲス敗：澤村,澤村,0
2019-09-19,阪神,ヤクルト,0,8,小川敗：髙橋遥,髙橋遥,0
2019-09-19,西武,日本ハム,2,0,十亀敗：ロドリゲス,ロドリゲス,0
2019-09-19,ロッテ,楽天,0,2,則本昂敗：小島,小島,0
2019-09-19,ソフトバンク,オリックス,4,3,モイネロ敗：増井,増井,0
2019-09-20,DeNA,巨人,4,9,山口敗：平良,平良,0
2019-09-20,西武,楽天,5,3,増田敗：松井,松井,0
2019-09-20,オリックス,ロッテ,11,8,K-鈴木敗：大谷,大谷,0
2019-09-20,ソフトバンク,日本ハム,1,0,バンデンハーク敗：加藤,加藤,0
2019-09-21,ヤクルト,中日,2,14,柳敗：清水,清水,0
2019-09-21,DeNA,巨人,2,3,大竹敗：三嶋,三嶋,0
2019-09-21,阪神,広島,4,2,西敗：菊池保,菊池保,0
2019-09-21,楽天,西武,6,1,森原敗：平井,平井,0
2019-09-21,オリックス,ロッテ,3,1,山岡敗：西野,西野,0
2019-09-21,ソフトバンク,日本ハム,1,8,有原敗：二保,二保,0
2019-09-22,ヤクルト,巨人,10,3,石川敗：桜井,桜井,0
2019-09-22,阪神,DeNA,3,0,ガルシア敗：バリオス,バリオス,0
2019-09-22,広島,中日,,,,,1
2019-09-22,楽天,西武,7,5,石橋敗：榎田,榎田,0
2019-09-22,ロッテ,日本ハム,4,0,種市敗：吉田輝,吉田輝,0
2019-09-22,オリックス,ソフトバンク,5,6,嘉弥真敗：山本,山本,0
2019-09-23,ヤクルト,巨人,5,9,古川敗：梅野,梅野,0
2019-09-23,広島,中日,4,3,ヘルウェグ敗：R.マルティネス,R.マルティネス,0
2019-09-23,楽天,西武,3,5,ヒース敗：ブセニッツ,ブセニッツ,0
2019-09-23,ロッテ,日本ハム,6,1,石川敗：堀,堀,0
2019-09-23,オリックス,ソフトバンク,0,8,高橋礼敗：アルバース,アルバース,0
2019-09-24,中日,DeNA,1,7,大貫敗：ロメロ,ロメロ,0
2019-09-24,阪神,巨人,5,0,ガルシア敗：髙橋,髙橋,0
2019-09-24,楽天,ソフトバンク,4,2,宋家豪敗：千賀,千賀,0
2019-09-24,ロッテ,西武,4,12,ニール敗：二木,二木,0
2019-09-24,オリックス,日本ハム,1,3,金子敗：張,張,0
2019-09-25,中日,ヤクルト,12,0,梅津敗：田川,田川,0
2019-09-26,日本ハム,オリックス,4,1,杉浦敗：K-鈴木,K-鈴木,0
2019-09-26,楽天,西武,7,1,則本昂敗：松本航,松本航,0
2019-09-27,巨人,DeNA,6,4,戸郷敗：濱矢,濱矢,0
2019-09-27,広島,中日,1,4,小笠原敗：ジョンソン,ジョンソン,0
2019-09-27,日本ハム,オリックス,1,5,山岡敗：田中瑛,田中瑛,0
2019-09-28,ヤクルト,巨人,2,1,梅野敗：鍵谷,鍵谷,0
2019-09-28,DeNA,阪神,0,7,西敗：今永,今永,0
2019-09-28,オリックス,ソフトバンク,3,3,,,0
2019-09-29,阪神,中日,6,3,ガルシア敗：柳,柳,0
2019-09-29,オリックス,ソフトバンク,5,1,山本敗：高橋礼,高橋礼,0
2019-09-30,阪神,中日,3,0,青柳敗：三ツ間,三ツ間,0
2020-06-19,巨人,阪神,3,2,菅野敗：岩崎,岩崎,0
2020-06-19,ヤクルト,中日,7,9,福敗：今野,今野,0
2020-06-19,DeNA,広島,1,5,大瀬良敗：今永,今永,0
2020-06-19,西武,日本ハム,3,0,ニール敗：有原,有原,0
2020-06-19,オリックス,楽天,1,9,則本昂敗：神戸,神戸,0
2020-06-19,ソフトバンク,ロッテ,2,1,高橋礼敗：東條,東條,0
2020-06-20,巨人,阪神,11,1,田口敗：岩貞,岩貞,0
2020-06-20,ヤクルト,中日,6,2,小川敗：吉見,吉見,0
2020-06-20,DeNA,広島,5,10,中﨑敗：三嶋,三嶋,0
2020-06-20,西武,日本ハム,1,2,玉井敗：松本,松本,0
2020-06-20,オリックス,楽天,1,2,森原敗：澤田,澤田,0
2020-06-20,ソフトバンク,ロッテ,2,3,ハーマン敗：松本,松本,0
2020-06-21,巨人,阪神,7,1,サンチェス敗：ガルシア,ガルシア,0
2020-06-21,ヤクルト,中日,0,3,梅津敗：山田大,山田大,0
2020-06-21,DeNA,広島,2,1,パットン敗：スコット,スコット,0
2020-06-21,西武,日本ハム,2,12,堀敗：與座,與座,0
2020-06-21,オリックス,楽天,4,0,山本敗：石橋,石橋,0
2020-06-21,ソフトバンク,ロッテ,1,5,美馬敗：二保,二保,0
2020-06-23,巨人,広島,3,2,戸郷敗：ジョンソン,ジョンソン,0
2020-06-23,ヤクルト,阪神,1,4,青柳敗：イノーア,イノーア,0
2020-06-23,DeNA,中日,3,0,濵口敗：柳,柳,0
2020-06-23,楽天,日本ハム,4,0,弓削敗：マルティネス,マルティネス,0
2020-06-23,西武,ソフトバンク,11,3,髙橋光敗：ムーア,ムーア,0
2020-06-23,ロッテ,オリックス,6,5,田中敗：ディクソン,ディクソン,0
2020-06-24,巨人,広島,1,5,九里敗：メルセデス,メルセデス,0
2020-06-24,ヤクルト,阪神,6,1,スアレス敗：ガンケル,ガンケル,0
2020-06-24,DeNA,中日,3,2,井納敗：山本,山本,0
2020-06-24,楽天,日本ハム,5,2,涌井敗：河野,河野,0
2020-06-24,西武,ソフトバンク,6,9,津森敗：今井,今井,0
2020-06-24,ロッテ,オリックス,6,4,小島敗：K-鈴木,K-鈴木,0
2020-06-25,巨人,広島,5,5,,,0
2020-06-25,ヤクルト,阪神,3,1,長谷川敗：藤川,藤川,0
2020-06-25,DeNA,中日,10,2,坂本敗：岡野,岡野,0
2020-06-25,楽天,日本ハム,5,8,バーヘイゲン敗：塩見,塩見,0
2020-06-25,西武,ソフトバンク,2,4,バンデンハーク敗：本田,本田,0
2020-06-25,ロッテ,オリックス,5,0,岩下敗：村西,村西,0
2020-06-26,ヤクルト,巨人,5,6,澤村敗：石山,石山,0
2020-06-26,DeNA,阪神,6,0,今永敗：西勇,西勇,0
2020-06-26,中日,広島,1,4,大瀬良敗：大野雄,大野雄,0
2020-06-26,楽天,日本ハム,7,1,則本昂敗：有原,有原,0
2020-06-26,西武,ソフトバンク,7,4,ギャレット敗：岩嵜,岩嵜,0
2020-06-26,ロッテ,オリックス,6,5,小野敗：海田,海田,0
2020-06-27,ヤクルト,巨人,9,6,中澤敗：高木,高木,0
2020-06-27,DeNA,阪神,6,8,伊藤和敗：山﨑,山﨑,0
2020-06-27,中日,広島,6,1,吉見敗：床田,床田,0
2020-06-27,楽天,日本ハム,18,4,酒居敗：玉井,玉井,0
2020-06-27,西武,ソフトバンク,8,7,小川敗：岩嵜,岩嵜,0
2020-06-27,ロッテ,オリックス,2,1,ハーマン敗：澤田,澤田,0
2020-06-28,ヤクルト,巨人,0,12,サンチェス敗：山田大,山田大,0
2020-06-28,DeNA,阪神,9,1,平良敗：中田,中田,0
2020-06-28,中日,広島,3,10,森下敗：梅津,梅津,0
2020-06-28,楽天,日本ハム,4,6,杉浦敗：石橋,石橋,0
2020-06-28,西武,ソフトバンク,4,3,増田敗：泉,泉,0
2020-06-28,ロッテ,オリックス,6,5,東條敗：増井,増井,0
2020-06-30,巨人,DeNA,5,2,戸郷敗：国吉,国吉,0
2020-06-30,ヤクルト,広島,,,,,1
2020-06-30,中日,阪神,5,0,柳敗：青柳,青柳,0
2020-06-30,日本ハム,ソフトバンク,1,1,,,0
2020-06-30,楽天,ロッテ,15,4,弓削敗：二木,二木,0
2020-06-30,西武,オリックス,3,2,髙橋光敗：アルバース,アルバース,0
2020-07-01,巨人,DeNA,3,5,パットン敗：澤村,澤村,0
2020-07-01,ヤクルト,広島,4,3,スアレス敗：ジョンソン,ジョンソン,0
2020-07-01,中日,阪神,6,3,山本敗：秋山,秋山,0
2020-07-01,日本ハム,ソフトバンク,0,4,石川敗：マルティネス,マルティネス,0
2020-07-01,楽天,ロッテ,5,3,涌井敗：小島,小島,0
2020-07-01,西武,オリックス,0,6,鈴木敗：今井,今井,0
2020-07-02,巨人,DeNA,5,3,桜井敗：大貫,大貫,0
2020-07-02,ヤクルト,広島,9,5,石山敗：スコット,スコット,0
2020-07-02,中日,阪神,4,2,岡野敗：ガルシア,ガルシア,0
2020-07-02,日本ハム,ソフトバンク,9,8,秋吉敗：森,森,0
2020-07-02,楽天,ロッテ,5,8,岩下敗：塩見,塩見,0
2020-07-02,西武,オリックス,9,5,平井敗：山田,山田,0
2020-07-03,巨人,中日,5,0,菅野敗：大野雄,大野雄,0
2020-07-03,ヤクルト,DeNA,4,5,今永敗：石川,石川,0
2020-07-03,広島,阪神,,,,,1
2020-07-03,日本ハム,ソフトバンク,1,4,東浜敗：有原,有原,0
2020-07-03,楽天,ロッテ,3,1,則本昂敗：石川,石川,0
2020-07-03,西武,オリックス,4,4,,,0
2020-07-04,巨人,中日,7,3,鍬原敗：吉見,吉見,0
2020-07-04,ヤクルト,DeNA,10,8,小川敗：エスコバー,エスコバー,0
2020-07-04,広島,阪神,3,9,岩貞敗：大瀬良,大瀬良,0
2020-07-04,日本ハム,ソフトバンク,3,8,和田敗：加藤,加藤,0
2020-07-04,楽天,ロッテ,3,1,岸敗：種市,種市,0
2020-07-04,西武,オリックス,3,4,田嶋敗：小川,小川,0
2020-07-05,巨人,中日,4,6,梅津敗：サンチェス,サンチェス,0
2020-07-05,ヤクルト,DeNA,1,8,平良敗：高梨,高梨,0
2020-07-05,広島,阪神,3,8,西勇敗：遠藤,遠藤,0
2020-07-05,日本ハム,ソフトバンク,5,3,玉井敗：二保,二保,0
2020-07-05,楽天,ロッテ,8,1,石橋敗：美馬,美馬,0
2020-07-05,西武,オリックス,5,8,山本敗：與座,與座,0
2020-07-06,広島,阪神,,,,,1
2020-07-07,中日,ヤクルト,1,2,寺島敗：岡田,岡田,0
2020-07-07,阪神,巨人,,,,,1
2020-07-07,広島,DeNA,,,,,1
2020-07-07,ロッテ,西武,8,6,有吉敗：髙橋光,髙橋光,0
2020-07-07,オリックス,日本ハム,7,1,アルバース敗：杉浦,杉浦,0
2020-07-07,ソフトバンク,楽天,4,3,千賀敗：弓削,弓削,0
2020-07-08,中日,ヤクルト,5,5,,,0
2020-07-08,阪神,巨人,,,,,1
2020-07-08,広島,DeNA,6,3,塹江敗：パットン,パットン,0
2020-07-08,ロッテ,西武,0,3,今井敗：小島,小島,0
2020-07-08,オリックス,日本ハム,4,10,マルティネス敗：鈴木,鈴木,0
2020-07-08,ソフトバンク,楽天,8,12,涌井敗：笠谷,笠谷,0
2020-07-09,中日,ヤクルト,6,8,マクガフ敗：岡田,岡田,0
2020-07-09,阪神,巨人,2,1,岩崎敗：メルセデス,メルセデス,0
2020-07-09,広島,DeNA,1,5,井納敗：森下,森下,0
2020-07-09,ロッテ,西武,,,,,1
2020-07-09,オリックス,日本ハム,4,4,,,0
2020-07-09,ソフトバンク,楽天,1,9,塩見敗：バンデンハーク,バンデンハーク,0
2020-07-10,巨人,ヤクルト,,,,,1
2020-07-10,中日,広島,3,2,R.マルティネス敗：フランスア,フランスア,0
2020-07-10,阪神,DeNA,3,2,青柳敗：大貫,大貫,0
2020-07-10,ロッテ,西武,6,7,ギャレット敗：益田,益田,0
2020-07-10,オリックス,日本ハム,4,3,山田敗：秋吉,秋吉,0
2020-07-10,ソフトバンク,楽天,2,1,高橋礼敗：J.T.シャギワ,J.T.シャギワ,0
2020-07-11,巨人,ヤクルト,4,9,小川敗：サンチェス,サンチェス,0
2020-07-11,中日,広島,4,19,床田敗：勝野,勝野,0
2020-07-11,阪神,DeNA,2,4,石田敗：藤川,藤川,0
2020-07-11,ロッテ,西武,6,4,種市敗：松本,松本,0
2020-07-11,オリックス,日本ハム,5,3,ヒギンス敗：公文,公文,0
2020-07-11,ソフトバンク,楽天,8,4,二保敗：辛島,辛島,0
2020-07-12,巨人,ヤクルト,2,3,高梨敗：桜井,桜井,0
2020-07-12,中日,広島,2,7,遠藤敗：梅津,梅津,0
2020-07-12,阪神,DeNA,2,1,岩貞敗：平良,平良,0
2020-07-12,ロッテ,西武,5,8,平井敗：フローレス,フローレス,0
2020-07-12,オリックス,日本ハム,2,1,山本敗：河野,河野,0
2020-07-12,ソフトバンク,楽天,6,1,石川敗：石橋,石橋,0
2020-07-14,中日,DeNA,3,5,大貫敗：山本,山本,0
2020-07-14,阪神,ヤクルト,6,3,秋山敗：石川,石川,0
2020-07-14,広島,巨人,2,7,菅野敗：九里,九里,0
2020-07-14,日本ハム,ロッテ,2,5,美馬敗：上沢,上沢,0
2020-07-14,楽天,西武,,,,,1
2020-07-14,オリックス,ソフトバンク,3,10,千賀敗：アルバース,アルバース,0
2020-07-15,中日,DeNA,2,1,松葉敗：濵口,濵口,0
2020-07-15,阪神,ヤクルト,5,9,マクガフ敗：伊藤和,伊藤和,0
2020-07-15,広島,巨人,1,12,戸郷敗：ジョンソン,ジョンソン,0
2020-07-15,日本ハム,ロッテ,6,4,宮西敗：小野,小野,0
2020-07-15,楽天,西武,11,0,涌井敗：今井,今井,0
2020-07-15,オリックス,ソフトバンク,0,7,和田敗：鈴木,鈴木,0
2020-07-16,中日,DeNA,8,0,岡野敗：中川,中川,0
2020-07-16,阪神,ヤクルト,6,4,岩崎敗：清水,清水,0
2020-07-16,広島,巨人,4,9,メルセデス敗：薮田,薮田,0
2020-07-16,日本ハム,ロッテ,3,4,岩下敗：バーヘイゲン,バーヘイゲン,0
2020-07-16,楽天,西武,7,4,安樂敗：髙橋光,髙橋光,0
2020-07-16,オリックス,ソフトバンク,4,3,山﨑福敗：バンデンハーク,バンデンハーク,0
2020-07-17,DeNA,巨人,1,2,今村敗：井納,井納,0
2020-07-17,阪神,中日,4,1,青柳敗：大野雄,大野雄,0
2020-07-17,広島,ヤクルト,9,2,大瀬良敗：吉田大喜,吉田大喜,0
2020-07-17,日本ハム,ロッテ,7,4,有原敗：石川,石川,0
2020-07-17,楽天,西武,2,10,ニール敗：則本昂,則本昂,0
2020-07-17,オリックス,ソフトバンク,1,9,笠谷敗：榊原,榊原,0
2020-07-18,DeNA,巨人,2,4,サンチェス敗：今永,今永,0
2020-07-18,阪神,中日,8,3,西勇敗：勝野,勝野,0
2020-07-18,広島,ヤクルト,4,9,小川敗：床田,床田,0
2020-07-18,日本ハム,ロッテ,2,5,種市敗：村田,村田,0
2020-07-18,楽天,西武,3,4,松本敗：塩見,塩見,0
2020-07-18,オリックス,ソフトバンク,1,2,石川敗：田嶋,田嶋,0
2020-07-19,DeNA,巨人,3,5,大竹敗：山﨑,山﨑,0
2020-07-19,阪神,中日,11,3,能見敗：梅津,梅津,0
2020-07-19,広島,ヤクルト,3,3,,,0
2020-07-19,日本ハム,ロッテ,9,2,河野敗：有吉,有吉,0
2020-07-19,楽天,西武,9,5,ブセニッツ敗：平井,平井,0
2020-07-19,オリックス,ソフトバンク,2,3,二保敗：山本,山本,0
2020-07-21,DeNA,ヤクルト,4,6,原敗：ピープルズ,ピープルズ,0
2020-07-21,中日,巨人,0,4,菅野敗：山本,山本,0
2020-07-21,阪神,広島,9,4,秋山敗：九里,九里,0
2020-07-21,楽天,オリックス,3,10,アルバース敗：宋家豪,宋家豪,0
2020-07-21,西武,ロッテ,8,3,今井敗：美馬,美馬,0
2020-07-21,ソフトバンク,日本ハム,1,2,杉浦敗：千賀,千賀,0
2020-07-22,DeNA,ヤクルト,5,5,,,0
2020-07-22,中日,巨人,5,0,松葉敗：戸郷,戸郷,0
2020-07-22,阪神,広島,3,3,,,0
2020-07-22,楽天,オリックス,7,11,吉田一敗：森原,森原,0
2020-07-22,西武,ロッテ,1,2,小島敗：髙橋光,髙橋光,0
2020-07-22,ソフトバンク,日本ハム,3,2,椎野敗：マルティネス,マルティネス,0
2020-07-23,DeNA,ヤクルト,6,0,大貫敗：高橋,高橋,0
2020-07-23,中日,巨人,1,6,メルセデス敗：福,福,0
2020-07-23,阪神,広島,2,4,森下敗：藤浪,藤浪,0
2020-07-23,楽天,オリックス,2,2,,,0
2020-07-23,西武,ロッテ,3,2,與座敗：岩下,岩下,0
2020-07-23,ソフトバンク,日本ハム,2,3,バーヘイゲン敗：笠谷,笠谷,0
2020-07-24,ヤクルト,巨人,5,5,,,0
2020-07-24,DeNA,広島,9,6,国吉敗：一岡,一岡,0
2020-07-24,中日,阪神,2,5,青柳敗：谷元,谷元,0
2020-07-24,楽天,オリックス,2,6,榊原敗：則本昂,則本昂,0
2020-07-24,西武,ロッテ,3,2,増田敗：益田,益田,0
2020-07-24,ソフトバンク,日本ハム,4,1,東浜敗：有原,有原,0
2020-07-25,ヤクルト,巨人,6,5,石山敗：中川,中川,0
2020-07-25,DeNA,広島,6,2,今永敗：床田,床田,0
2020-07-25,中日,阪神,1,0,福敗：西勇,西勇,0
2020-07-25,楽天,オリックス,3,6,山田敗：森原,森原,0
2020-07-25,西武,ロッテ,0,5,種市敗：本田,本田,0
2020-07-25,ソフトバンク,日本ハム,7,9,金子敗：椎野,椎野,0
2020-07-26,ヤクルト,巨人,4,9,桜井敗：高梨,高梨,0
2020-07-26,DeNA,広島,6,10,菊池保敗：山﨑,山﨑,0
2020-07-26,中日,阪神,3,9,藤川敗：福,福,0
2020-07-26,楽天,オリックス,5,4,牧田敗：ヒギンス,ヒギンス,0
2020-07-26,西武,ロッテ,4,2,平井敗：小野,小野,0
2020-07-26,ソフトバンク,日本ハム,6,1,二保敗：河野,河野,0
2020-07-28,巨人,DeNA,4,2,菅野敗：井納,井納,0
2020-07-28,ヤクルト,阪神,5,20,秋山敗：イノーア,イノーア,0
2020-07-28,広島,中日,2,3,岡田敗：塹江,塹江,0
2020-07-28,日本ハム,オリックス,5,1,上沢敗：アルバース,アルバース,0
2020-07-28,ロッテ,楽天,13,12,益田敗：J.T.シャギワ,J.T.シャギワ,0
2020-07-28,ソフトバンク,西武,9,4,千賀敗：平井,平井,0
2020-07-29,巨人,DeNA,2,3,濵口敗：戸郷,戸郷,0
2020-07-29,ヤクルト,阪神,3,1,原敗：ガルシア,ガルシア,0
2020-07-29,広島,中日,2,0,野村敗：松葉,松葉,0
2020-07-29,日本ハム,オリックス,6,2,玉井敗：山田,山田,0
2020-07-29,ロッテ,楽天,1,5,涌井敗：小島,小島,0
2020-07-29,ソフトバンク,西武,4,2,和田敗：松本,松本,0
2020-07-30,巨人,DeNA,2,4,大貫敗：メルセデス,メルセデス,0
2020-07-30,ヤクルト,阪神,6,0,高橋敗：藤浪,藤浪,0
2020-07-30,広島,中日,4,4,,,0
2020-07-30,日本ハム,オリックス,7,3,杉浦敗：山﨑福,山﨑福,0
2020-07-30,ロッテ,楽天,3,4,久保敗：岩下,岩下,0
2020-07-30,ソフトバンク,西武,0,6,與座敗：板東,板東,0
2020-07-31,巨人,広島,2,1,大江敗：森下,森下,0
2020-07-31,中日,ヤクルト,5,3,大野雄敗：中澤,中澤,0
2020-07-31,阪神,DeNA,3,3,,,0
2020-07-31,日本ハム,オリックス,2,7,齋藤敗：有原,有原,0
2020-07-31,ロッテ,楽天,5,4,石川敗：則本昂,則本昂,0
2020-07-31,ソフトバンク,西武,5,4,嘉弥真敗：ニール,ニール,0
2020-08-01,巨人,広島,11,3,田口敗：床田,床田,0
2020-08-01,中日,ヤクルト,3,1,勝野敗：小川,小川,0
2020-08-01,阪神,DeNA,3,7,今永敗：西勇,西勇,0
2020-08-01,日本ハム,オリックス,3,1,バーヘイゲン敗：田嶋,田嶋,0
2020-08-01,ロッテ,楽天,0,8,塩見敗：種市,種市,0
2020-08-01,ソフトバンク,西武,4,0,石川敗：本田,本田,0
2020-08-02,巨人,広島,2,9,遠藤敗：桜井,桜井,0
2020-08-02,中日,ヤクルト,0,0,,,0
2020-08-02,阪神,DeNA,3,1,馬場敗：平良,平良,0
2020-08-02,ロッテ,楽天,7,6,チェン・グァンユウ敗：酒居,酒居,0
2020-08-02,ソフトバンク,西武,,,,,1
2020-08-04,ヤクルト,広島,3,6,塹江敗：清水,清水,0
2020-08-04,DeNA,中日,3,0,井納敗：福谷,福谷,0
2020-08-04,阪神,巨人,2,7,菅野敗：ガルシア,ガルシア,0
2020-08-04,日本ハム,西武,11,4,上沢敗：髙橋光,髙橋光,0
2020-08-04,楽天,ソフトバンク,7,6,津留﨑敗：モイネロ,モイネロ,0
2020-08-04,オリックス,ロッテ,5,5,,,0
2020-08-05,ヤクルト,広島,1,4,野村敗：大西,大西,0
2020-08-05,DeNA,中日,8,2,濵口敗：柳,柳,0
2020-08-05,阪神,巨人,1,4,戸郷敗：藤浪,藤浪,0
2020-08-05,日本ハム,西武,2,7,平井敗：マルティネス,マルティネス,0
2020-08-05,楽天,ソフトバンク,6,0,涌井敗：和田,和田,0
2020-08-05,オリックス,ロッテ,1,12,小島敗：鈴木,鈴木,0
2020-08-06,ヤクルト,広島,9,5,マクガフ敗：薮田,薮田,0
2020-08-06,DeNA,中日,3,0,大貫敗：松葉,松葉,0
2020-08-06,阪神,巨人,11,0,髙橋敗：メルセデス,メルセデス,0
2020-08-06,日本ハム,西武,5,3,河野敗：與座,與座,0
2020-08-06,楽天,ソフトバンク,1,3,板東敗：松井,松井,0
2020-08-06,オリックス,ロッテ,3,1,山﨑福敗：岩下,岩下,0
2020-08-07,ヤクルト,DeNA,8,2,吉田大喜敗：上茶谷,上茶谷,0
2020-08-07,中日,巨人,7,1,大野雄敗：田口,田口,0
2020-08-07,広島,阪神,11,6,森下敗：青柳,青柳,0
2020-08-07,日本ハム,西武,3,2,杉浦敗：ニール,ニール,0
2020-08-07,楽天,ソフトバンク,7,4,宋家豪敗：東浜,東浜,0
2020-08-07,オリックス,ロッテ,3,6,石川敗：榊原,榊原,0
2020-08-08,ヤクルト,DeNA,4,5,今永敗：小川,小川,0
2020-08-08,中日,巨人,3,1,福敗：畠,畠,0
2020-08-08,広島,阪神,2,1,大瀬良敗：藤川,藤川,0
2020-08-08,日本ハム,西武,7,6,井口敗：宮川,宮川,0
2020-08-08,楽天,ソフトバンク,4,2,塩見敗：二保,二保,0
2020-08-08,オリックス,ロッテ,3,9,二木敗：K-鈴木,K-鈴木,0
2020-08-09,ヤクルト,DeNA,0,4,平良敗：山中,山中,0
2020-08-09,中日,巨人,2,2,,,0
2020-08-09,広島,阪神,1,5,秋山敗：遠藤,遠藤,0
2020-08-09,日本ハム,西武,2,1,バーヘイゲン敗：本田,本田,0
2020-08-09,楽天,ソフトバンク,0,5,板東敗：福井,福井,0
2020-08-09,オリックス,ロッテ,0,4,中村稔敗：アルバース,アルバース,0
2020-08-10,DeNA,阪神,6,4,国吉敗：岩貞,岩貞,0
2020-08-10,広島,中日,6,1,九里敗：小笠原,小笠原,0
2020-08-11,DeNA,阪神,2,9,ガルシア敗：井納,井納,0
2020-08-11,広島,中日,1,8,福谷敗：野村,野村,0
2020-08-11,西武,楽天,5,7,弓削敗：髙橋光,髙橋光,0
2020-08-11,ロッテ,日本ハム,3,1,美馬敗：上沢,上沢,0
2020-08-11,ソフトバンク,オリックス,8,7,千賀敗：吉田凌,吉田凌,0
2020-08-12,巨人,ヤクルト,8,1,菅野敗：原,原,0
2020-08-12,DeNA,阪神,6,7,青柳敗：濵口,濵口,0
2020-08-12,広島,中日,1,4,柳敗：ジョンソン,ジョンソン,0
2020-08-12,西武,楽天,2,6,涌井敗：伊藤,伊藤,0
2020-08-12,ロッテ,日本ハム,4,12,玉井敗：小島,小島,0
2020-08-12,ソフトバンク,オリックス,6,0,和田敗：田嶋,田嶋,0
2020-08-13,巨人,ヤクルト,4,3,中川敗：大下,大下,0
2020-08-13,西武,楽天,4,7,酒居敗：與座,與座,0
2020-08-13,ロッテ,日本ハム,8,6,フローレス敗：金子,金子,0
2020-08-13,ソフトバンク,オリックス,3,1,大竹敗：張,張,0
2020-08-14,巨人,中日,6,1,戸郷敗：松葉,松葉,0
2020-08-14,DeNA,ヤクルト,6,2,大貫敗：吉田大喜,吉田大喜,0
2020-08-14,阪神,広島,0,6,森下敗：藤浪,藤浪,0
2020-08-14,西武,楽天,13,8,今井敗：津留﨑,津留﨑,0
2020-08-14,ロッテ,日本ハム,12,5,石川敗：北浦,北浦,0
2020-08-14,ソフトバンク,オリックス,4,1,嘉弥真敗：山﨑福,山﨑福,0
2020-08-15,巨人,中日,4,7,ロドリゲス敗：田口,田口,0
2020-08-15,DeNA,ヤクルト,0,9,小川敗：今永,今永,0
2020-08-15,阪神,広島,10,2,西勇敗：大瀬良,大瀬良,0
2020-08-15,西武,楽天,3,3,,,0
2020-08-15,ロッテ,日本ハム,0,9,有原敗：二木,二木,0
2020-08-15,ソフトバンク,オリックス,2,8,吉田凌敗：二保,二保,0
2020-08-16,巨人,中日,1,4,大野雄敗：畠,畠,0
2020-08-16,DeNA,ヤクルト,4,7,山中敗：平良,平良,0
2020-08-16,阪神,広島,2,2,,,0
2020-08-16,西武,楽天,11,1,本田敗：福井,福井,0
2020-08-16,ロッテ,日本ハム,6,5,ハーマン敗：宮西,宮西,0
2020-08-16,ソフトバンク,オリックス,6,2,石川敗：アルバース,アルバース,0
2020-08-18,巨人,阪神,1,0,菅野敗：髙橋,髙橋,0
2020-08-18,ヤクルト,中日,3,8,小笠原敗：高橋,高橋,0
2020-08-18,広島,DeNA,3,4,井納敗：九里,九里,0
2020-08-18,日本ハム,楽天,9,4,上沢敗：弓削,弓削,0
2020-08-18,ロッテ,ソフトバンク,6,4,美馬敗：千賀,千賀,0
2020-08-18,オリックス,西武,1,3,髙橋光敗：ヒギンス,ヒギンス,0
2020-08-19,巨人,阪神,8,0,田中豊敗：ガルシア,ガルシア,0
2020-08-19,ヤクルト,中日,2,11,福谷敗：原,原,0
2020-08-19,広島,DeNA,2,2,,,0
2020-08-19,日本ハム,楽天,2,12,涌井敗：杉浦,杉浦,0
2020-08-19,ロッテ,ソフトバンク,2,2,,,0
2020-08-19,オリックス,西武,3,4,ギャレット敗：ディクソン,ディクソン,0
2020-08-20,巨人,阪神,2,0,戸郷敗：青柳,青柳,0
2020-08-20,ヤクルト,中日,7,3,高梨敗：柳,柳,0
2020-08-20,広島,DeNA,1,10,ピープルズ敗：ジョンソン,ジョンソン,0
2020-08-20,日本ハム,楽天,3,3,,,0
2020-08-20,ロッテ,ソフトバンク,5,4,フローレス敗：嘉弥真,嘉弥真,0
2020-08-20,オリックス,西武,4,6,平井敗：吉田一,吉田一,0
2020-08-21,ヤクルト,阪神,4,7,藤浪敗：吉田大喜,吉田大喜,0
2020-08-21,中日,DeNA,3,1,福敗：石田,石田,0
2020-08-21,広島,巨人,7,5,森下敗：田口,田口,0
2020-08-21,日本ハム,楽天,1,4,則本昂敗：玉井,玉井,0
2020-08-21,ロッテ,ソフトバンク,7,3,石川敗：高橋礼,高橋礼,0
2020-08-21,オリックス,西武,3,1,ヒギンス敗：ニール,ニール,0
2020-08-22,ヤクルト,阪神,5,7,西勇敗：クック,クック,0
2020-08-22,中日,DeNA,5,0,ロドリゲス敗：阪口,阪口,0
2020-08-22,広島,巨人,10,4,大瀬良敗：畠,畠,0
2020-08-22,日本ハム,楽天,5,1,有原敗：塩見,塩見,0
2020-08-22,ロッテ,ソフトバンク,2,3,モイネロ敗：ハーマン,ハーマン,0
2020-08-22,オリックス,西武,5,2,張敗：内海,内海,0
2020-08-23,ヤクルト,阪神,4,2,小川敗：ガンケル,ガンケル,0
2020-08-23,中日,DeNA,3,0,大野雄敗：国吉,国吉,0
2020-08-23,広島,巨人,2,1,塹江敗：大竹,大竹,0
2020-08-23,日本ハム,楽天,11,0,バーヘイゲン敗：福井,福井,0
2020-08-23,ロッテ,ソフトバンク,4,6,石川敗：中村稔,中村稔,0
2020-08-23,オリックス,西武,6,5,吉田凌敗：ギャレット,ギャレット,0
2020-08-25,ヤクルト,巨人,4,8,菅野敗：長谷川,長谷川,0
2020-08-25,DeNA,広島,5,4,三嶋敗：塹江,塹江,0
2020-08-25,阪神,中日,5,1,髙橋敗：小笠原,小笠原,0
2020-08-25,楽天,ロッテ,4,8,美馬敗：J.T.シャギワ,J.T.シャギワ,0
2020-08-25,西武,日本ハム,3,4,上沢敗：髙橋光,髙橋光,0
2020-08-25,ソフトバンク,オリックス,4,0,千賀敗：山本,山本,0
2020-08-26,ヤクルト,巨人,5,12,高梨敗：長谷川,長谷川,0
2020-08-26,DeNA,広島,2,4,野村敗：濵口,濵口,0
2020-08-26,阪神,中日,11,3,ガルシア敗：福谷,福谷,0
2020-08-26,楽天,ロッテ,0,2,小島敗：涌井,涌井,0
2020-08-26,西武,日本ハム,5,8,杉浦敗：榎田,榎田,0
2020-08-26,ソフトバンク,オリックス,4,3,森敗：ディクソン,ディクソン,0
2020-08-27,ヤクルト,巨人,2,5,戸郷敗：高梨,高梨,0
2020-08-27,DeNA,広島,3,2,井納敗：ジョンソン,ジョンソン,0
2020-08-27,阪神,中日,6,3,青柳敗：柳,柳,0
2020-08-27,楽天,ロッテ,15,0,松井敗：岩下,岩下,0
2020-08-27,西武,日本ハム,8,7,森脇敗：堀,堀,0
2020-08-27,ソフトバンク,オリックス,4,2,笠谷敗：山岡,山岡,0
2020-08-28,巨人,中日,3,5,岡田敗：鍵谷,鍵谷,0
2020-08-28,DeNA,ヤクルト,6,2,ピープルズ敗：吉田大喜,吉田大喜,0
2020-08-28,広島,阪神,4,3,フランスア敗：岩崎,岩崎,0
2020-08-28,楽天,西武,2,1,則本昂敗：ニール,ニール,0
2020-08-28,オリックス,ロッテ,3,5,石川敗：山﨑福,山﨑福,0
2020-08-28,ソフトバンク,日本ハム,9,1,武田敗：金子,金子,0
2020-08-29,巨人,中日,12,3,今村敗：ロドリゲス,ロドリゲス,0
2020-08-29,DeNA,ヤクルト,9,3,国吉敗：クック,クック,0
2020-08-29,広島,阪神,5,6,岩貞敗：大瀬良,大瀬良,0
2020-08-29,楽天,西武,3,6,ノリン敗：塩見,塩見,0
2020-08-29,オリックス,ロッテ,1,5,二木敗：張,張,0
2020-08-29,ソフトバンク,日本ハム,3,0,ムーア敗：有原,有原,0
2020-08-30,巨人,中日,3,2,大江敗：勝野,勝野,0
2020-08-30,DeNA,ヤクルト,4,6,小川敗：阪口,阪口,0
2020-08-30,広島,阪神,3,5,岩貞敗：フランスア,フランスア,0
2020-08-30,楽天,西武,2,3,森脇敗：ブセニッツ,ブセニッツ,0
2020-08-30,オリックス,ロッテ,5,0,アルバース敗：中村稔,中村稔,0
2020-08-30,ソフトバンク,日本ハム,8,5,高橋礼敗：バーヘイゲン,バーヘイゲン,0
2020-09-01,巨人,DeNA,3,2,デラロサ敗：エスコバー,エスコバー,0
2020-09-01,中日,広島,5,0,大野雄敗：九里,九里,0
2020-09-01,阪神,ヤクルト,2,1,スアレス敗：イノーア,イノーア,0
2020-09-01,日本ハム,楽天,8,1,上沢敗：宋家豪,宋家豪,0
2020-09-01,ロッテ,西武,1,9,髙橋光敗：大嶺,大嶺,0
2020-09-01,オリックス,ソフトバンク,5,0,山本敗：千賀,千賀,0
2020-09-02,巨人,DeNA,3,1,サンチェス敗：濵口,濵口,0
2020-09-02,中日,広島,5,9,野村敗：小笠原,小笠原,0
2020-09-02,阪神,ヤクルト,2,3,石山敗：馬場,馬場,0
2020-09-02,日本ハム,楽天,3,5,池田駿敗：秋吉,秋吉,0
2020-09-02,ロッテ,西武,2,4,内海敗：小島,小島,0
2020-09-02,オリックス,ソフトバンク,3,3,,,0
2020-09-03,巨人,DeNA,13,4,田口敗：パットン,パットン,0
2020-09-03,中日,広島,6,0,福谷敗：ジョンソン,ジョンソン,0
2020-09-03,阪神,ヤクルト,4,3,岩貞敗：高橋,高橋,0
2020-09-03,日本ハム,楽天,4,0,加藤敗：松井,松井,0
2020-09-03,ロッテ,西武,8,5,岩下敗：平井,平井,0
2020-09-03,オリックス,ソフトバンク,4,5,二保敗：富山,富山,0
2020-09-04,ヤクルト,中日,2,4,又吉敗：高梨,高梨,0
2020-09-04,阪神,巨人,5,4,西勇敗：戸郷,戸郷,0
2020-09-04,広島,DeNA,12,12,,,0
2020-09-04,日本ハム,西武,2,6,ニール敗：杉浦,杉浦,0
2020-09-04,楽天,オリックス,4,3,青山敗：山岡,山岡,0
2020-09-04,ソフトバンク,ロッテ,3,4,石川敗：板東,板東,0
2020-09-05,ヤクルト,中日,1,3,R.マルティネス敗：清水,清水,0
2020-09-05,阪神,巨人,2,11,今村敗：藤浪,藤浪,0
2020-09-05,広島,DeNA,1,10,大貫敗：大瀬良,大瀬良,0
2020-09-05,日本ハム,西武,6,2,有原敗：ギャレット,ギャレット,0
2020-09-05,楽天,オリックス,6,5,塩見敗：山﨑福,山﨑福,0
2020-09-05,ソフトバンク,ロッテ,4,5,美馬敗：笠谷,笠谷,0
2020-09-06,ヤクルト,中日,10,3,小川敗：ロドリゲス,ロドリゲス,0
2020-09-06,阪神,巨人,,,,,1
2020-09-06,広島,DeNA,5,8,京山敗：ケムナ,ケムナ,0
2020-09-06,日本ハム,西武,2,4,松本敗：バーヘイゲン,バーヘイゲン,0
2020-09-06,楽天,オリックス,6,9,飯田優敗：福井,福井,0
2020-09-06,ソフトバンク,ロッテ,2,4,二木敗：石川,石川,0
2020-09-07,阪神,巨人,2,3,メルセデス敗：髙橋,髙橋,0
2020-09-07,広島,DeNA,,,,,1
2020-09-08,DeNA,阪神,7,7,,,0
2020-09-08,中日,巨人,0,2,菅野敗：大野雄,大野雄,0
2020-09-08,広島,ヤクルト,5,1,九里敗：石川,石川,0
2020-09-08,楽天,ソフトバンク,0,2,千賀敗：辛島,辛島,0
2020-09-08,西武,オリックス,2,0,髙橋光敗：山本,山本,0
2020-09-08,ロッテ,日本ハム,3,2,小野敗：上沢,上沢,0
2020-09-09,DeNA,阪神,6,1,上茶谷敗：青柳,青柳,0
2020-09-09,中日,巨人,4,5,鍵谷敗：福,福,0
2020-09-09,広島,ヤクルト,10,10,,,0
2020-09-09,楽天,ソフトバンク,1,8,和田敗：涌井,涌井,0
2020-09-09,西武,オリックス,13,5,十亀敗：田嶋,田嶋,0
2020-09-09,ロッテ,日本ハム,2,1,小島敗：金子,金子,0
2020-09-10,DeNA,阪神,7,8,ガンケル敗：国吉,国吉,0
2020-09-10,中日,巨人,2,2,,,0
2020-09-10,広島,ヤクルト,2,1,森下敗：マクガフ,マクガフ,0
2020-09-10,楽天,ソフトバンク,2,9,東浜敗：松井,松井,0
2020-09-10,西武,オリックス,4,12,竹安敗：平井,平井,0
2020-09-10,ロッテ,日本ハム,3,5,村田敗：岩下,岩下,0
2020-09-11,巨人,ヤクルト,2,1,中川敗：清水,清水,0
2020-09-11,DeNA,中日,2,3,柳敗：井納,井納,0
2020-09-11,阪神,広島,4,0,西勇敗：床田,床田,0
2020-09-11,楽天,日本ハム,5,4,青山敗：玉井,玉井,0
2020-09-11,ロッテ,オリックス,2,0,中村稔敗：山岡,山岡,0
2020-09-11,ソフトバンク,西武,4,2,ムーア敗：ニール,ニール,0
2020-09-12,巨人,ヤクルト,5,4,鍵谷敗：近藤,近藤,0
2020-09-12,DeNA,中日,7,3,濵口敗：松葉,松葉,0
2020-09-12,阪神,広島,3,1,秋山敗：遠藤,遠藤,0
2020-09-12,楽天,日本ハム,,,,,1
2020-09-12,ロッテ,オリックス,,,,,1
2020-09-12,ソフトバンク,西武,8,4,武田敗：ノリン,ノリン,0
2020-09-13,巨人,ヤクルト,3,1,メルセデス敗：小川,小川,0
2020-09-13,DeNA,中日,2,3,又吉敗：大貫,大貫,0
2020-09-13,阪神,広島,7,6,スアレス敗：塹江,塹江,0
2020-09-13,楽天,日本ハム,14,6,寺岡敗：有原,有原,0
2020-09-13,ロッテ,オリックス,9,2,美馬敗：山田,山田,0
2020-09-13,ソフトバンク,西武,0,1,松本敗：石川,石川,0
2020-09-14,楽天,日本ハム,1,2,バーヘイゲン敗：塩見,塩見,0
2020-09-14,ロッテ,オリックス,5,0,二木敗：アルバース,アルバース,0
2020-09-15,巨人,阪神,6,3,菅野敗：髙橋,髙橋,0
2020-09-15,ヤクルト,DeNA,3,8,坂本敗：石川,石川,0
2020-09-15,広島,中日,6,3,九里敗：大野雄,大野雄,0
2020-09-15,日本ハム,ソフトバンク,3,2,上沢敗：千賀,千賀,0
2020-09-15,西武,ロッテ,4,3,小川敗：ハーマン,ハーマン,0
2020-09-15,オリックス,楽天,5,1,山本敗：辛島,辛島,0
2020-09-16,巨人,阪神,7,6,田口敗：青柳,青柳,0
2020-09-16,ヤクルト,DeNA,3,2,梅野敗：エスコバー,エスコバー,0
2020-09-16,広島,中日,9,2,野村敗：岡野,岡野,0
2020-09-16,日本ハム,ソフトバンク,4,5,高橋礼敗：公文,公文,0
2020-09-16,西武,ロッテ,3,1,浜屋敗：小島,小島,0
2020-09-16,オリックス,楽天,2,0,田嶋敗：涌井,涌井,0
2020-09-17,巨人,阪神,0,11,西勇敗：サンチェス,サンチェス,0
2020-09-17,ヤクルト,DeNA,9,0,高梨敗：ピープルズ,ピープルズ,0
2020-09-17,広島,中日,,,,,1
2020-09-17,日本ハム,ソフトバンク,1,2,東浜敗：上原,上原,0
2020-09-17,西武,ロッテ,1,8,岩下敗：内海,内海,0
2020-09-17,オリックス,楽天,4,5,松井敗：増井,増井,0
2020-09-18,ヤクルト,広島,14,5,スアレス敗：床田,床田,0
2020-09-18,DeNA,巨人,6,0,井納敗：戸郷,戸郷,0
2020-09-18,中日,阪神,4,8,馬場敗：柳,柳,0
2020-09-18,日本ハム,ロッテ,7,3,加藤敗：中村稔,中村稔,0
2020-09-18,オリックス,西武,8,2,山岡敗：ニール,ニール,0
2020-09-18,ソフトバンク,楽天,9,3,ムーア敗：石橋,石橋,0
2020-09-19,ヤクルト,広島,2,3,フランスア敗：石山,石山,0
2020-09-19,DeNA,巨人,7,1,濵口敗：今村,今村,0
2020-09-19,中日,阪神,4,1,福谷敗：秋山,秋山,0
2020-09-19,日本ハム,ロッテ,3,1,有原敗：石崎,石崎,0
2020-09-19,オリックス,西武,6,3,山﨑福敗：ノリン,ノリン,0
2020-09-19,ソフトバンク,楽天,1,3,酒居敗：高橋礼,高橋礼,0
2020-09-20,ヤクルト,広島,8,6,小川敗：中村祐,中村祐,0
2020-09-20,DeNA,巨人,0,5,畠敗：大貫,大貫,0
2020-09-20,中日,阪神,4,2,松葉敗：中田,中田,0
2020-09-20,日本ハム,ロッテ,3,5,益田敗：鈴木健,鈴木健,0
2020-09-20,オリックス,西武,4,5,森脇敗：吉田凌,吉田凌,0
2020-09-20,ソフトバンク,楽天,2,3,岸敗：石川,石川,0
2020-09-21,巨人,広島,10,3,鍵谷敗：九里,九里,0
2020-09-21,中日,ヤクルト,9,3,勝野敗：山中,山中,0
2020-09-21,阪神,DeNA,5,3,岩崎敗：国吉,国吉,0
2020-09-22,巨人,広島,5,4,デラロサ敗：フランスア,フランスア,0
2020-09-22,中日,ヤクルト,3,0,大野雄敗：石川,石川,0
2020-09-22,阪神,DeNA,6,3,岩崎敗：石田,石田,0
2020-09-22,楽天,ロッテ,12,4,ジョンソン敗：石川,石川,0
2020-09-22,西武,日本ハム,1,5,上沢敗：髙橋光,髙橋光,0
2020-09-22,ソフトバンク,オリックス,0,1,山本敗：千賀,千賀,0
2020-09-23,巨人,広島,7,3,田口敗：野村,野村,0
2020-09-23,中日,ヤクルト,11,5,又吉敗：歳内,歳内,0
2020-09-23,阪神,DeNA,0,4,上茶谷敗：青柳,青柳,0
2020-09-23,楽天,ロッテ,5,3,涌井敗：唐川,唐川,0
2020-09-23,西武,日本ハム,6,5,浜屋敗：バーヘイゲン,バーヘイゲン,0
2020-09-23,ソフトバンク,オリックス,5,10,田嶋敗：武田,武田,0
2020-09-24,楽天,ロッテ,3,0,松井敗：岩下,岩下,0
2020-09-24,西武,日本ハム,2,12,上原敗：伊藤,伊藤,0
2020-09-24,ソフトバンク,オリックス,3,3,,,0
2020-09-25,巨人,中日,8,4,サンチェス敗：柳,柳,0
2020-09-25,ヤクルト,阪神,6,3,梅野敗：西勇,西勇,0
2020-09-25,広島,DeNA,5,3,床田敗：井納,井納,0
2020-09-25,西武,楽天,5,4,森脇敗：牧田,牧田,0
2020-09-25,ロッテ,ソフトバンク,7,4,二木敗：ムーア,ムーア,0
2020-09-25,オリックス,日本ハム,9,2,山岡敗：マルティネス,マルティネス,0
2020-09-26,巨人,中日,2,3,祖父江敗：大竹,大竹,0
2020-09-26,ヤクルト,阪神,2,1,スアレス敗：藤浪,藤浪,0
2020-09-26,広島,DeNA,2,5,濵口敗：森下,森下,0
2020-09-26,西武,楽天,5,1,森脇敗：酒居,酒居,0
2020-09-26,ロッテ,ソフトバンク,3,7,東浜敗：中村稔,中村稔,0
2020-09-26,オリックス,日本ハム,5,6,宮西敗：山田,山田,0
2020-09-27,巨人,中日,5,1,戸郷敗：松葉,松葉,0
2020-09-27,ヤクルト,阪神,3,9,秋山敗：吉田大喜,吉田大喜,0
2020-09-27,広島,DeNA,1,3,大貫敗：中村祐,中村祐,0
2020-09-27,西武,楽天,6,2,松本敗：瀧中,瀧中,0
2020-09-27,ロッテ,ソフトバンク,8,4,美馬敗：二保,二保,0
2020-09-27,オリックス,日本ハム,12,8,山﨑福敗：加藤,加藤,0
2020-09-28,広島,DeNA,4,0,九里敗：京山,京山,0
2020-09-29,DeNA,ヤクルト,8,4,坂本敗：小川,小川,0
2020-09-29,阪神,中日,7,3,髙橋敗：勝野,勝野,0
2020-09-29,広島,巨人,1,6,菅野敗：遠藤,遠藤,0
2020-09-29,日本ハム,ロッテ,3,4,石川敗：上沢,上沢,0
2020-09-29,楽天,ソフトバンク,2,6,千賀敗：則本昂,則本昂,0
2020-09-29,オリックス,西武,3,0,山本敗：髙橋光,髙橋光,0
2020-09-30,DeNA,ヤクルト,3,5,石川敗：上茶谷,上茶谷,0
2020-09-30,阪神,中日,0,9,大野雄敗：青柳,青柳,0
2020-09-30,広島,巨人,4,1,野村敗：田口,田口,0
2020-09-30,日本ハム,ロッテ,1,2,小島敗：バーヘイゲン,バーヘイゲン,0
2020-09-30,楽天,ソフトバンク,9,3,涌井敗：武田,武田,0
2020-09-30,オリックス,西武,5,0,増井敗：浜屋,浜屋,0
2020-10-01,DeNA,ヤクルト,0,2,歳内敗：武藤,武藤,0
2020-10-01,阪神,中日,2,0,岩田敗：ロドリゲス,ロドリゲス,0
2020-10-01,広島,巨人,3,5,サンチェス敗：スコット,スコット,0
2020-10-01,日本ハム,ロッテ,3,2,杉浦敗：岩下,岩下,0
2020-10-01,楽天,ソフトバンク,1,4,石川敗：松井,松井,0
2020-10-01,オリックス,西武,6,7,宮川敗：ヒギンス,ヒギンス,0
2020-10-02,ヤクルト,広島,5,7,床田敗：クック,クック,0
2020-10-02,DeNA,中日,5,8,福敗：石田,石田,0
2020-10-02,阪神,巨人,4,1,西勇敗：今村,今村,0
2020-10-02,ロッテ,西武,0,1,増田敗：澤村,澤村,0
2020-10-02,オリックス,楽天,0,4,松井敗：富山,富山,0
2020-10-02,ソフトバンク,日本ハム,7,5,ムーア敗：上原,上原,0
2020-10-03,ヤクルト,広島,2,13,森下敗：スアレス,スアレス,0
2020-10-03,DeNA,中日,7,9,福谷敗：濵口,濵口,0
2020-10-03,阪神,巨人,4,7,畠敗：ガンケル,ガンケル,0
2020-10-03,ロッテ,西武,6,3,唐川敗：森脇,森脇,0
2020-10-03,オリックス,楽天,3,5,寺岡敗：齋藤,齋藤,0
2020-10-03,ソフトバンク,日本ハム,2,1,東浜敗：有原,有原,0
2020-10-04,ヤクルト,広島,4,6,中村祐敗：吉田大喜,吉田大喜,0
2020-10-04,DeNA,中日,9,3,大貫敗：松葉,松葉,0
2020-10-04,阪神,巨人,1,7,大江敗：秋山,秋山,0
2020-10-04,ロッテ,西武,8,1,美馬敗：松本,松本,0
2020-10-04,オリックス,楽天,9,2,山田敗：寺岡,寺岡,0
2020-10-04,ソフトバンク,日本ハム,8,4,和田敗：河野,河野,0
2020-10-05,阪神,巨人,6,1,髙橋敗：桜井,桜井,0
2020-10-06,巨人,DeNA,6,4,菅野敗：坂本,坂本,0
2020-10-06,中日,ヤクルト,4,0,勝野敗：久保,久保,0
2020-10-06,広島,阪神,4,4,,,0
2020-10-06,日本ハム,楽天,5,3,上沢敗：則本昂,則本昂,0
2020-10-06,西武,ソフトバンク,3,1,髙橋光敗：千賀,千賀,0
2020-10-06,ロッテ,オリックス,0,3,山本敗：石川,石川,0
2020-10-07,巨人,DeNA,3,6,平田敗：田口,田口,0
2020-10-07,中日,ヤクルト,4,1,大野雄敗：石川,石川,0
2020-10-07,広島,阪神,9,3,遠藤敗：岩田,岩田,0
2020-10-07,日本ハム,楽天,2,2,,,0
2020-10-07,西武,ソフトバンク,4,3,平良敗：モイネロ,モイネロ,0
2020-10-07,ロッテ,オリックス,4,1,小島敗：アルバース,アルバース,0
2020-10-08,巨人,DeNA,9,7,サンチェス敗：井納,井納,0
2020-10-08,広島,阪神,1,9,西勇敗：野村,野村,0
2020-10-08,日本ハム,楽天,1,4,岸敗：マルティネス,マルティネス,0
2020-10-08,西武,ソフトバンク,4,4,,,0
2020-10-08,ロッテ,オリックス,,,,,1
2020-10-09,阪神,DeNA,,,,,1
2020-10-09,広島,ヤクルト,7,12,梅野敗：中田,中田,0
2020-10-09,日本ハム,オリックス,4,6,田嶋敗：杉浦,杉浦,0
2020-10-09,楽天,西武,2,5,ニール敗：塩見,塩見,0
2020-10-09,ソフトバンク,ロッテ,1,3,二木敗：ムーア,ムーア,0
2020-10-10,中日,巨人,1,7,畠敗：ロドリゲス,ロドリゲス,0
2020-10-10,阪神,DeNA,3,5,伊勢敗：ガンケル,ガンケル,0
2020-10-10,広島,ヤクルト,3,0,森下敗：スアレス,スアレス,0
2020-10-10,日本ハム,オリックス,4,0,有原敗：山岡,山岡,0
2020-10-10,楽天,西武,,,,,1
2020-10-10,ソフトバンク,ロッテ,5,1,東浜敗：中村稔,中村稔,0
2020-10-11,中日,巨人,7,0,清水敗：戸郷,戸郷,0
2020-10-11,阪神,DeNA,4,3,秋山敗：上茶谷,上茶谷,0
2020-10-11,広島,ヤクルト,7,4,中村祐敗：小川,小川,0
2020-10-11,日本ハム,オリックス,5,7,増井敗：上原,上原,0
2020-10-11,楽天,西武,8,2,瀧中敗：松本,松本,0
2020-10-11,ソフトバンク,ロッテ,3,0,和田敗：美馬,美馬,0
2020-10-12,中日,巨人,3,2,福谷敗：桜井,桜井,0
2020-10-12,楽天,西武,,,,,1
2020-10-13,巨人,広島,3,4,九里敗：菅野,菅野,0
2020-10-13,ヤクルト,DeNA,1,8,大貫敗：高梨,高梨,0
2020-10-13,中日,阪神,4,2,勝野敗：髙橋,髙橋,0
2020-10-13,日本ハム,西武,0,7,髙橋光敗：上沢,上沢,0
2020-10-13,ロッテ,楽天,4,3,益田敗：ブセニッツ,ブセニッツ,0
2020-10-13,オリックス,ソフトバンク,0,2,笠谷敗：山本,山本,0
2020-10-14,巨人,広島,6,1,髙橋敗：遠藤,遠藤,0
2020-10-14,ヤクルト,DeNA,6,9,坂本敗：石川,石川,0
2020-10-14,中日,阪神,3,0,大野雄敗：青柳,青柳,0
2020-10-14,日本ハム,西武,7,2,バーヘイゲン敗：浜屋,浜屋,0
2020-10-14,ロッテ,楽天,1,4,涌井敗：チェン・ウェイン,チェン・ウェイン,0
2020-10-14,オリックス,ソフトバンク,0,4,千賀敗：山﨑福,山﨑福,0
2020-10-15,巨人,広島,5,5,,,0
2020-10-15,ヤクルト,DeNA,4,3,吉田大喜敗：平良,平良,0
2020-10-15,中日,阪神,5,3,藤嶋敗：スアレス,スアレス,0
2020-10-15,日本ハム,西武,8,3,マルティネス敗：ニール,ニール,0
2020-10-15,ロッテ,楽天,0,6,岸敗：小島,小島,0
2020-10-15,オリックス,ソフトバンク,4,9,石川敗：田嶋,田嶋,0
2020-10-16,DeNA,巨人,2,1,パットン敗：ビエイラ,ビエイラ,0
2020-10-16,阪神,ヤクルト,5,0,西勇敗：歳内,歳内,0
2020-10-16,広島,中日,6,8,ロドリゲス敗：床田,床田,0
2020-10-16,西武,オリックス,2,1,宮川敗：山岡,山岡,0
2020-10-16,ロッテ,日本ハム,5,1,二木敗：杉浦,杉浦,0
2020-10-16,ソフトバンク,楽天,7,3,ムーア敗：塩見,塩見,0
2020-10-17,DeNA,巨人,,,,,1
2020-10-17,阪神,ヤクルト,,,,,1
2020-10-17,広島,中日,2,5,柳敗：塹江,塹江,0
2020-10-17,西武,オリックス,1,4,張敗：十亀,十亀,0
2020-10-17,ロッテ,日本ハム,,,,,1
2020-10-17,ソフトバンク,楽天,5,0,東浜敗：石橋,石橋,0
2020-10-18,DeNA,巨人,10,6,エスコバー敗：高梨,高梨,0
2020-10-18,阪神,ヤクルト,6,5,秋山敗：小川,小川,0
2020-10-18,広島,中日,5,0,中村祐敗：清水,清水,0
2020-10-18,西武,オリックス,3,2,松本敗：宮城,宮城,0
2020-10-18,ロッテ,日本ハム,2,5,有原敗：美馬,美馬,0
2020-10-18,ソフトバンク,楽天,11,4,モイネロ敗：牧田,牧田,0
2020-10-19,阪神,ヤクルト,1,1,,,0
2020-10-19,ロッテ,日本ハム,,,,,1
2020-10-20,ヤクルト,巨人,1,1,,,0
2020-10-20,中日,DeNA,6,1,福谷敗：大貫,大貫,0
2020-10-20,阪神,広島,1,5,九里敗：ガルシア,ガルシア,0
2020-10-20,日本ハム,ソフトバンク,2,11,笠谷敗：上沢,上沢,0
2020-10-20,楽天,オリックス,2,2,,,0
2020-10-20,西武,ロッテ,2,1,増田敗：益田,益田,0
2020-10-21,ヤクルト,巨人,2,1,石川敗：髙橋,髙橋,0
2020-10-21,中日,DeNA,4,2,谷元敗：エスコバー,エスコバー,0
2020-10-21,阪神,広島,2,0,青柳敗：遠藤,遠藤,0
2020-10-21,日本ハム,ソフトバンク,1,9,千賀敗：バーヘイゲン,バーヘイゲン,0
2020-10-21,楽天,オリックス,5,6,ヒギンス敗：松井,松井,0
2020-10-21,西武,ロッテ,2,1,増田敗：益田,益田,0
2020-10-22,ヤクルト,巨人,0,6,サンチェス敗：吉田大喜,吉田大喜,0
2020-10-22,中日,DeNA,1,0,大野雄敗：平良,平良,0
2020-10-22,阪神,広島,5,9,薮田敗：岩田,岩田,0
2020-10-22,日本ハム,ソフトバンク,2,4,ムーア敗：吉田輝,吉田輝,0
2020-10-22,楽天,オリックス,6,3,岸敗：田嶋,田嶋,0
2020-10-22,西武,ロッテ,7,4,ニール敗：小島,小島,0
2020-10-23,巨人,阪神,5,4,今村敗：西勇,西勇,0
2020-10-23,ヤクルト,中日,3,4,又吉敗：梅野,梅野,0
2020-10-23,DeNA,広島,2,0,京山敗：床田,床田,0
2020-10-23,楽天,日本ハム,4,4,,,0
2020-10-23,オリックス,ロッテ,7,2,山岡敗：二木,二木,0
2020-10-23,ソフトバンク,西武,8,1,石川敗：今井,今井,0
2020-10-24,巨人,阪神,1,2,髙橋敗：菅野,菅野,0
2020-10-24,ヤクルト,中日,9,5,小川敗：松葉,松葉,0
2020-10-24,DeNA,広島,1,2,森下敗：平田,平田,0
2020-10-24,楽天,日本ハム,4,5,堀敗：ブセニッツ,ブセニッツ,0
2020-10-24,オリックス,ロッテ,3,0,アルバース敗：古谷,古谷,0
2020-10-24,ソフトバンク,西武,1,4,森脇敗：モイネロ,モイネロ,0
2020-10-25,巨人,阪神,2,4,秋山敗：畠,畠,0
2020-10-25,ヤクルト,中日,1,5,柳敗：スアレス,スアレス,0
2020-10-25,DeNA,広島,3,0,伊勢敗：中村祐,中村祐,0
2020-10-25,楽天,日本ハム,13,4,瀧中敗：有原,有原,0
2020-10-25,オリックス,ロッテ,1,10,岩下敗：張,張,0
2020-10-25,ソフトバンク,西武,7,2,大竹敗：松本,松本,0
2020-10-27,DeNA,巨人,9,2,大貫敗：戸郷,戸郷,0
2020-10-27,阪神,中日,4,1,岩崎敗：福,福,0
2020-10-27,広島,ヤクルト,2,0,九里敗：高梨,高梨,0
2020-10-27,西武,楽天,4,3,髙橋光敗：則本昂,則本昂,0
2020-10-27,オリックス,日本ハム,3,5,加藤敗：榊原,榊原,0
2020-10-27,ソフトバンク,ロッテ,5,1,和田敗：石川,石川,0
2020-10-28,DeNA,巨人,10,6,伊勢敗：髙橋,髙橋,0
2020-10-28,阪神,中日,9,1,岩貞敗：勝野,勝野,0
2020-10-28,広島,ヤクルト,3,2,遠藤敗：石川,石川,0
2020-10-28,西武,楽天,4,3,浜屋敗：涌井,涌井,0
2020-10-28,オリックス,日本ハム,0,1,バーヘイゲン敗：ディクソン,ディクソン,0
2020-10-28,ソフトバンク,ロッテ,2,0,千賀敗：チェン・ウェイン,チェン・ウェイン,0
2020-10-29,DeNA,巨人,5,2,平良敗：サンチェス,サンチェス,0
2020-10-29,阪神,中日,3,1,西勇敗：大野雄,大野雄,0
2020-10-29,広島,ヤクルト,3,3,,,0
2020-10-29,日本ハム,オリックス,4,3,杉浦敗：山田,山田,0
2020-10-29,西武,楽天,5,13,辛島敗：ニール,ニール,0
2020-10-29,ソフトバンク,ロッテ,4,3,嘉弥真敗：益田,益田,0
2020-10-30,巨人,ヤクルト,3,3,,,0
2020-10-30,DeNA,阪神,3,3,,,0
2020-10-30,中日,広島,3,17,床田敗：谷元,谷元,0
2020-10-30,日本ハム,オリックス,2,3,山岡敗：マルティネス,マルティネス,0
2020-10-30,西武,ソフトバンク,3,4,東浜敗：平井,平井,0
2020-10-30,ロッテ,楽天,1,2,岸敗：澤村,澤村,0
2020-10-31,巨人,ヤクルト,6,4,菅野敗：小川,小川,0
2020-10-31,DeNA,阪神,5,13,秋山敗：井納,井納,0
2020-10-31,中日,広島,3,9,島内敗：福,福,0
2020-10-31,日本ハム,オリックス,6,1,河野敗：アルバース,アルバース,0
2020-10-31,西武,ソフトバンク,2,11,石川敗：十亀,十亀,0
2020-10-31,ロッテ,楽天,6,3,二木敗：石橋,石橋,0
2020-11-01,巨人,ヤクルト,2,0,畠敗：スアレス,スアレス,0
2020-11-01,DeNA,阪神,6,5,三嶋敗：エドワーズ,エドワーズ,0
2020-11-01,中日,広島,0,3,森下敗：柳,柳,0
2020-11-01,日本ハム,オリックス,7,1,有原敗：本田,本田,0
2020-11-01,西武,ソフトバンク,3,1,松本敗：笠谷,笠谷,0
2020-11-01,ロッテ,楽天,3,3,,,0
2020-11-02,西武,日本ハム,4,0,榎田敗：生田目,生田目,0
2020-11-03,中日,DeNA,7,5,福谷敗：大貫,大貫,0
2020-11-03,阪神,ヤクルト,1,4,梅野敗：岩貞,岩貞,0
2020-11-03,広島,巨人,2,2,,,0
2020-11-03,西武,日本ハム,5,4,森脇敗：玉井,玉井,0
2020-11-03,ロッテ,ソフトバンク,3,4,バンデンハーク敗：石川,石川,0
2020-11-03,オリックス,楽天,6,3,山﨑福敗：則本昂,則本昂,0
2020-11-04,中日,DeNA,5,4,祖父江敗：伊勢,伊勢,0
2020-11-04,阪神,ヤクルト,3,2,スアレス敗：梅野,梅野,0
2020-11-04,広島,巨人,5,1,遠藤敗：髙橋,髙橋,0
2020-11-04,西武,日本ハム,10,3,ニール敗：吉田輝,吉田輝,0
2020-11-04,ロッテ,ソフトバンク,0,2,千賀敗：チェン・ウェイン,チェン・ウェイン,0
2020-11-04,オリックス,楽天,8,7,山田敗：ブセニッツ,ブセニッツ,0
2020-11-05,中日,DeNA,2,0,大野雄敗：平良,平良,0
2020-11-05,阪神,ヤクルト,8,7,ガンケル敗：星,星,0
2020-11-05,広島,巨人,5,4,ケムナ敗：田口,田口,0
2020-11-05,ロッテ,ソフトバンク,6,1,美馬敗：東浜,東浜,0
2020-11-05,オリックス,楽天,2,4,牧田敗：張,張,0
2020-11-06,中日,ヤクルト,4,5,マクガフ敗：谷元,谷元,0
2020-11-06,楽天,西武,4,2,岸敗：浜屋,浜屋,0
2020-11-06,オリックス,日本ハム,4,3,宮城敗：河野,河野,0
2020-11-07,巨人,ヤクルト,6,2,今村敗：小川,小川,0
2020-11-07,広島,阪神,0,2,秋山敗：中村祐,中村祐,0
2020-11-07,楽天,西武,6,6,,,0
2020-11-07,ロッテ,オリックス,4,3,二木敗：榊原,榊原,0
2020-11-08,巨人,ヤクルト,3,5,梅野敗：田中豊,田中豊,0
2020-11-08,ロッテ,西武,8,2,岩下敗：松本,松本,0
2020-11-09,ロッテ,日本ハム,4,7,加藤敗：フローレス,フローレス,0
2020-11-09,ソフトバンク,西武,6,2,石川敗：齊藤大,齊藤大,0
2020-11-10,ヤクルト,広島,3,7,床田敗：奥川,奥川,0
2020-11-10,阪神,巨人,0,4,戸郷敗：青柳,青柳,0
2020-11-11,阪神,DeNA,1,0,岩貞敗：石田,石田,0
2020-11-11,広島,中日,2,3,柳敗：九里,九里,0
2020-11-14,DeNA,巨人,5,4,三嶋敗：田口,田口,0
2020-11-14,ソフトバンク,ロッテ,4,3,モイネロ敗：澤村,澤村,0
2020-11-15,ソフトバンク,ロッテ,6,4,モイネロ敗：チェン・ウェイン,チェン・ウェイン,0
2021-03-26,巨人,DeNA,8,7,中川敗：三嶋,三嶋,0
2021-03-26,ヤクルト,阪神,3,4,加治屋敗：清水,清水,0
2021-03-26,広島,中日,6,7,藤嶋敗：ケムナ,ケムナ,0
2021-03-26,楽天,日本ハム,8,2,涌井敗：上沢,上沢,0
2021-03-26,西武,オリックス,4,3,髙橋敗：山本,山本,0
2021-03-26,ソフトバンク,ロッテ,8,2,石川敗：二木,二木,0
2021-03-27,巨人,DeNA,10,5,戸郷敗：京山,京山,0
2021-03-27,ヤクルト,阪神,5,9,青柳敗：田口,田口,0
2021-03-27,広島,中日,4,1,九里敗：柳,柳,0
2021-03-27,楽天,日本ハム,4,9,加藤敗：髙田萌,髙田萌,0
2021-03-27,西武,オリックス,2,3,宮城敗：浜屋,浜屋,0
2021-03-27,ソフトバンク,ロッテ,3,2,森敗：益田,益田,0
2021-03-28,巨人,DeNA,1,1,,,0
2021-03-28,ヤクルト,阪神,2,8,ガンケル敗：奥川,奥川,0
2021-03-28,広島,中日,0,0,,,0
2021-03-28,楽天,日本ハム,5,0,早川敗：池田,池田,0
2021-03-28,西武,オリックス,5,1,平井敗：山岡,山岡,0
2021-03-28,ソフトバンク,ロッテ,6,5,岩嵜敗：益田,益田,0
2021-03-30,DeNA,ヤクルト,4,5,長谷川敗：山﨑,山﨑,0
2021-03-30,中日,巨人,3,3,,,0
2021-03-30,広島,阪神,1,0,森下敗：西勇,西勇,0
2021-03-30,日本ハム,西武,4,11,松本敗：河野,河野,0
2021-03-30,ロッテ,楽天,0,5,岸敗：小島,小島,0
2021-03-30,オリックス,ソフトバンク,1,3,笠谷敗：田嶋,田嶋,0
2021-03-31,DeNA,ヤクルト,3,5,高梨敗：入江,入江,0
2021-03-31,中日,巨人,5,3,鈴木敗：井納,井納,0
2021-03-31,広島,阪神,4,2,床田敗：加治屋,加治屋,0
2021-03-31,日本ハム,西武,1,1,,,0
2021-03-31,ロッテ,楽天,1,2,則本昂敗：岩下,岩下,0
2021-03-31,オリックス,ソフトバンク,7,2,増井敗：大竹,大竹,0
2021-04-01,DeNA,ヤクルト,11,11,,,0
2021-04-01,中日,巨人,1,3,髙橋敗：松葉,松葉,0
2021-04-01,広島,阪神,3,6,秋山敗：中村祐,中村祐,0
2021-04-01,ロッテ,楽天,16,5,本前敗：瀧中,瀧中,0
2021-04-01,オリックス,ソフトバンク,2,0,山本敗：武田,武田,0
2021-04-02,巨人,ヤクルト,0,2,小川敗：野上,野上,0
2021-04-02,DeNA,広島,0,4,大瀬良敗：濵口,濵口,0
2021-04-02,阪神,中日,3,6,鈴木敗：加治屋,加治屋,0
2021-04-02,日本ハム,ロッテ,4,16,二木敗：吉田,吉田,0
2021-04-02,楽天,オリックス,4,2,涌井敗：山﨑福,山﨑福,0
2021-04-02,ソフトバンク,西武,2,6,髙橋敗：石川,石川,0
2021-04-03,巨人,ヤクルト,2,2,,,0
2021-04-03,DeNA,広島,3,7,九里敗：京山,京山,0
2021-04-03,阪神,中日,1,0,スアレス敗：福,福,0
2021-04-03,日本ハム,ロッテ,5,6,田中敗：上沢,上沢,0
2021-04-03,楽天,オリックス,3,2,安樂敗：山岡,山岡,0
2021-04-03,ソフトバンク,西武,4,7,浜屋敗：高橋礼,高橋礼,0
2021-04-04,巨人,ヤクルト,2,1,今村敗：坂本,坂本,0
2021-04-04,DeNA,広島,3,1,阪口敗：野村,野村,0
2021-04-04,阪神,中日,3,1,ガンケル敗：小笠原,小笠原,0
2021-04-04,日本ハム,ロッテ,1,1,,,0
2021-04-04,楽天,オリックス,0,4,宮城敗：早川,早川,0
2021-04-04,ソフトバンク,西武,2,4,平井敗：和田,和田,0
2021-04-06,ヤクルト,広島,0,2,森下敗：スアレス,スアレス,0
2021-04-06,中日,DeNA,3,7,大貫敗：大野雄,大野雄,0
2021-04-06,阪神,巨人,6,2,西勇敗：サンチェス,サンチェス,0
2021-04-06,日本ハム,ソフトバンク,0,7,千賀敗：池田,池田,0
2021-04-06,西武,楽天,2,13,岸敗：松本,松本,0
2021-04-06,ロッテ,オリックス,3,3,,,0
2021-04-07,ヤクルト,広島,3,2,マクガフ敗：森浦,森浦,0
2021-04-07,中日,DeNA,3,1,勝野敗：入江,入江,0
2021-04-07,阪神,巨人,7,1,伊藤将敗：畠,畠,0
2021-04-07,日本ハム,ソフトバンク,2,6,杉山敗：伊藤,伊藤,0
2021-04-07,西武,楽天,3,6,則本昂敗：今井,今井,0
2021-04-07,ロッテ,オリックス,9,2,岩下敗：増井,増井,0
2021-04-08,ヤクルト,広島,11,7,奥川敗：中村祐,中村祐,0
2021-04-08,中日,DeNA,2,5,山﨑敗：祖父江,祖父江,0
2021-04-08,阪神,巨人,0,3,髙橋敗：秋山,秋山,0
2021-04-08,日本ハム,ソフトバンク,2,4,松本敗：宮西,宮西,0
2021-04-08,西武,楽天,0,4,瀧中敗：上間,上間,0
2021-04-08,ロッテ,オリックス,1,5,山本敗：本前,本前,0
2021-04-09,DeNA,阪神,2,9,藤浪敗：濵口,濵口,0
2021-04-09,広島,巨人,2,0,大瀬良敗：菅野,菅野,0
2021-04-09,楽天,ソフトバンク,1,1,,,0
2021-04-09,ロッテ,西武,4,7,十亀敗：小野,小野,0
2021-04-09,オリックス,日本ハム,1,2,堀敗：平野佳,平野佳,0
2021-04-10,DeNA,阪神,0,4,青柳敗：上茶谷,上茶谷,0
2021-04-10,中日,ヤクルト,2,2,,,0
2021-04-10,広島,巨人,4,2,九里敗：戸郷,戸郷,0
2021-04-10,楽天,ソフトバンク,8,8,,,0
2021-04-10,ロッテ,西武,6,2,美馬敗：浜屋,浜屋,0
2021-04-10,オリックス,日本ハム,2,5,宮西敗：漆原,漆原,0
2021-04-11,DeNA,阪神,2,3,ガンケル敗：阪口,阪口,0
2021-04-11,中日,ヤクルト,2,1,小笠原敗：田口,田口,0
2021-04-11,広島,巨人,0,9,今村敗：野村,野村,0
2021-04-11,楽天,ソフトバンク,0,2,田浦敗：早川,早川,0
2021-04-11,ロッテ,西武,1,2,平井敗：鈴木,鈴木,0
2021-04-11,オリックス,日本ハム,4,4,,,0
2021-04-13,巨人,中日,2,1,サンチェス敗：大野雄,大野雄,0
2021-04-13,ヤクルト,DeNA,5,1,スアレス敗：大貫,大貫,0
2021-04-13,阪神,広島,,,,,1
2021-04-13,楽天,ロッテ,2,6,石川敗：岸,岸,0
2021-04-13,西武,日本ハム,2,3,池田敗：松本,松本,0
2021-04-13,ソフトバンク,オリックス,4,7,田嶋敗：笠谷,笠谷,0
2021-04-14,巨人,中日,5,1,畠敗：勝野,勝野,0
2021-04-14,ヤクルト,DeNA,7,3,金久保敗：入江,入江,0
2021-04-14,阪神,広島,6,0,西勇敗：森下,森下,0
2021-04-14,楽天,ロッテ,2,2,,,0
2021-04-14,西武,日本ハム,2,1,今井敗：伊藤,伊藤,0
2021-04-14,ソフトバンク,オリックス,4,1,和田敗：山本,山本,0
2021-04-15,巨人,中日,5,1,髙橋敗：福谷,福谷,0
2021-04-15,ヤクルト,DeNA,2,1,高梨敗：濵口,濵口,0
2021-04-15,阪神,広島,4,0,秋山敗：床田,床田,0
2021-04-15,楽天,ロッテ,3,7,岩下敗：瀧中,瀧中,0
2021-04-15,ソフトバンク,オリックス,4,3,武田敗：増井,増井,0
2021-04-16,DeNA,巨人,0,7,菅野敗：坂本,坂本,0
2021-04-16,中日,広島,3,7,大道敗：松葉,松葉,0
2021-04-16,阪神,ヤクルト,2,0,藤浪敗：石川,石川,0
2021-04-16,日本ハム,楽天,1,4,涌井敗：堀,堀,0
2021-04-16,西武,ソフトバンク,2,1,髙橋敗：石川,石川,0
2021-04-16,オリックス,ロッテ,3,3,,,0
2021-04-17,DeNA,巨人,2,7,戸郷敗：上茶谷,上茶谷,0
2021-04-17,中日,広島,5,0,柳敗：九里,九里,0
2021-04-17,阪神,ヤクルト,,,,,1
2021-04-17,日本ハム,楽天,4,1,上沢敗：田中将,田中将,0
2021-04-17,西武,ソフトバンク,1,7,高橋礼敗：浜屋,浜屋,0
2021-04-17,オリックス,ロッテ,2,7,美馬敗：山﨑福,山﨑福,0
2021-04-18,DeNA,巨人,2,2,,,0
2021-04-18,中日,広島,2,4,大道敗：祖父江,祖父江,0
2021-04-18,阪神,ヤクルト,10,7,ガンケル敗：小川,小川,0
2021-04-18,日本ハム,楽天,1,4,早川敗：金子,金子,0
2021-04-18,西武,ソフトバンク,4,4,,,0
2021-04-18,オリックス,ロッテ,2,3,佐々木千敗：ヒギンス,ヒギンス,0
2021-04-20,巨人,阪神,5,10,西勇敗：サンチェス,サンチェス,0
2021-04-20,DeNA,中日,0,0,,,0
2021-04-20,広島,ヤクルト,1,2,田口敗：森下,森下,0
2021-04-20,ロッテ,日本ハム,8,4,唐川敗：宮西,宮西,0
2021-04-20,オリックス,西武,11,3,竹安敗：松本,松本,0
2021-04-20,ソフトバンク,楽天,6,4,嘉弥真敗：岸,岸,0
2021-04-21,巨人,阪神,3,2,畠敗：青柳,青柳,0
2021-04-21,DeNA,中日,1,7,勝野敗：入江,入江,0
2021-04-21,広島,ヤクルト,1,1,,,0
2021-04-21,ロッテ,日本ハム,6,5,佐々木千敗：杉浦,杉浦,0
2021-04-21,オリックス,西武,4,2,山本敗：今井,今井,0
2021-04-21,ソフトバンク,楽天,4,1,和田敗：則本昂,則本昂,0
2021-04-22,巨人,阪神,8,3,髙橋敗：秋山,秋山,0
2021-04-22,DeNA,中日,0,1,福谷敗：三嶋,三嶋,0
2021-04-22,広島,ヤクルト,4,7,マクガフ敗：塹江,塹江,0
2021-04-22,ロッテ,日本ハム,1,3,池田敗：岩下,岩下,0
2021-04-22,オリックス,西武,7,6,漆原敗：増田,増田,0
2021-04-23,巨人,広島,2,1,菅野敗：九里,九里,0
2021-04-23,ヤクルト,中日,6,4,今野敗：谷元,谷元,0
2021-04-23,阪神,DeNA,1,7,坂本敗：藤浪,藤浪,0
2021-04-23,日本ハム,オリックス,1,6,山岡敗：バーヘイゲン,バーヘイゲン,0
2021-04-23,楽天,西武,2,2,,,0
2021-04-23,ロッテ,ソフトバンク,2,3,髙橋純敗：益田,益田,0
2021-04-24,巨人,広島,3,6,高橋昂敗：戸郷,戸郷,0
2021-04-24,ヤクルト,中日,4,3,坂本敗：R.マルティネス,R.マルティネス,0
2021-04-24,阪神,DeNA,13,1,伊藤将敗：上茶谷,上茶谷,0
2021-04-24,日本ハム,オリックス,5,3,上沢敗：山﨑福,山﨑福,0
2021-04-24,楽天,西武,2,1,田中将敗：本田,本田,0
2021-04-24,ロッテ,ソフトバンク,11,9,佐々木千敗：髙橋純,髙橋純,0
2021-04-25,巨人,広島,8,9,塹江敗：中川,中川,0
2021-04-25,ヤクルト,中日,4,3,小川敗：小笠原,小笠原,0
2021-04-25,阪神,DeNA,7,5,岩貞敗：砂田,砂田,0
2021-04-25,日本ハム,オリックス,4,4,,,0
2021-04-25,楽天,西武,8,4,早川敗：平井,平井,0
2021-04-25,ロッテ,ソフトバンク,8,5,鈴木敗：松本,松本,0
2021-04-27,ヤクルト,巨人,11,14,中川敗：石山,石山,0
2021-04-27,中日,阪神,2,1,大野雄敗：西勇,西勇,0
2021-04-27,広島,DeNA,10,1,森下敗：大貫,大貫,0
2021-04-27,西武,ロッテ,3,1,上間敗：石川,石川,0
2021-04-27,オリックス,楽天,5,5,,,0
2021-04-27,ソフトバンク,日本ハム,2,7,加藤敗：笠谷,笠谷,0
2021-04-28,ヤクルト,巨人,3,7,髙橋敗：スアレス,スアレス,0
2021-04-28,中日,阪神,6,1,勝野敗：青柳,青柳,0
2021-04-28,広島,DeNA,2,13,平田敗：床田,床田,0
2021-04-28,西武,ロッテ,3,2,平良敗：唐川,唐川,0
2021-04-28,オリックス,楽天,0,0,,,0
2021-04-28,ソフトバンク,日本ハム,3,4,伊藤敗：和田,和田,0
2021-04-29,中日,阪神,2,6,チェン敗：福谷,福谷,0
2021-04-29,広島,DeNA,3,5,濵口敗：玉村,玉村,0
2021-04-29,西武,ロッテ,2,5,岩下敗：伊藤,伊藤,0
2021-04-29,ソフトバンク,日本ハム,2,1,武田敗：池田,池田,0
2021-04-30,巨人,中日,2,3,柳敗：菅野,菅野,0
2021-04-30,DeNA,ヤクルト,0,4,金久保敗：三上,三上,0
2021-04-30,阪神,広島,4,2,秋山敗：九里,九里,0
2021-04-30,日本ハム,西武,1,5,髙橋敗：バーヘイゲン,バーヘイゲン,0
2021-04-30,楽天,ロッテ,8,1,涌井敗：中村稔,中村稔,0
2021-04-30,オリックス,ソフトバンク,5,4,漆原敗：岩嵜,岩嵜,0
2021-05-01,巨人,中日,6,9,小笠原敗：今村,今村,0
2021-05-01,DeNA,ヤクルト,10,2,エスコバー敗：高梨,高梨,0
2021-05-01,阪神,広島,,,,,1
2021-05-01,日本ハム,西武,5,4,谷川敗：増田,増田,0
2021-05-01,楽天,ロッテ,3,0,田中将敗：二木,二木,0
2021-05-01,オリックス,ソフトバンク,0,13,マルティネス敗：増井,増井,0
2021-05-02,DeNA,ヤクルト,8,7,山﨑敗：清水,清水,0
2021-05-02,阪神,広島,7,3,ガンケル敗：野村,野村,0
2021-05-02,日本ハム,西武,,,,,1
2021-05-02,楽天,ロッテ,5,6,唐川敗：松井,松井,0
2021-05-02,オリックス,ソフトバンク,5,4,山﨑福敗：松本,松本,0
2021-05-03,中日,DeNA,1,2,ピープルズ敗：梅津,梅津,0
2021-05-03,広島,巨人,2,3,鍵谷敗：森下,森下,0
2021-05-03,西武,オリックス,3,6,宮城敗：宮川,宮川,0
2021-05-03,ソフトバンク,楽天,4,7,瀧中敗：二保,二保,0
2021-05-04,ヤクルト,阪神,5,11,岩貞敗：近藤,近藤,0
2021-05-04,中日,DeNA,8,4,大野雄敗：大貫,大貫,0
2021-05-04,広島,巨人,1,1,,,0
2021-05-04,西武,オリックス,6,6,,,0
2021-05-04,ソフトバンク,楽天,6,4,津森敗：岸,岸,0
2021-05-05,ヤクルト,阪神,2,2,,,0
2021-05-05,中日,DeNA,0,4,濵口敗：勝野,勝野,0
2021-05-05,広島,巨人,0,4,サンチェス敗：高橋昂,高橋昂,0
2021-05-05,西武,オリックス,6,2,今井敗：山本,山本,0
2021-05-05,ソフトバンク,楽天,5,5,,,0
2021-05-07,巨人,ヤクルト,4,6,金久保敗：中川,中川,0
2021-05-07,DeNA,阪神,12,6,三上敗：小林,小林,0
2021-05-07,日本ハム,楽天,6,1,バーヘイゲン敗：涌井,涌井,0
2021-05-07,ロッテ,オリックス,7,5,石川敗：山岡,山岡,0
2021-05-07,ソフトバンク,西武,2,2,,,0
2021-05-08,DeNA,阪神,1,4,伊藤将敗：ロメロ,ロメロ,0
2021-05-08,中日,広島,3,4,九里敗：福谷,福谷,0
2021-05-08,日本ハム,楽天,4,1,上沢敗：田中将,田中将,0
2021-05-08,ロッテ,オリックス,2,5,田嶋敗：美馬,美馬,0
2021-05-08,ソフトバンク,西武,0,2,松本敗：マルティネス,マルティネス,0
2021-05-09,巨人,ヤクルト,7,5,高梨敗：石山,石山,0
2021-05-09,DeNA,阪神,2,3,馬場敗：ピープルズ,ピープルズ,0
2021-05-09,中日,広島,2,0,柳敗：玉村,玉村,0
2021-05-09,日本ハム,楽天,3,6,早川敗：池田,池田,0
2021-05-09,ロッテ,オリックス,7,4,小島敗：増井,増井,0
2021-05-09,ソフトバンク,西武,3,1,泉敗：武隈,武隈,0
2021-05-11,DeNA,巨人,2,4,鍵谷敗：三嶋,三嶋,0
2021-05-11,阪神,中日,4,4,,,0
2021-05-11,日本ハム,オリックス,1,9,宮城敗：金子,金子,0
2021-05-11,楽天,西武,3,3,,,0
2021-05-11,ソフトバンク,ロッテ,1,4,二木敗：武田,武田,0
2021-05-12,ヤクルト,広島,0,0,,,0
2021-05-12,DeNA,巨人,5,5,,,0
2021-05-12,阪神,中日,,,,,1
2021-05-12,日本ハム,オリックス,2,1,加藤敗：山本,山本,0
2021-05-12,楽天,西武,4,3,則本昂敗：ニール,ニール,0
2021-05-12,ソフトバンク,ロッテ,8,8,,,0
2021-05-13,ヤクルト,広島,,,,,1
2021-05-13,DeNA,巨人,,,,,1
2021-05-13,阪神,中日,2,1,岩崎敗：又吉,又吉,0
2021-05-14,巨人,阪神,1,2,青柳敗：畠,畠,0
2021-05-14,中日,ヤクルト,1,4,今野敗：勝野,勝野,0
2021-05-14,広島,DeNA,9,2,高橋昂敗：ロメロ,ロメロ,0
2021-05-14,日本ハム,ソフトバンク,2,5,石川敗：伊藤,伊藤,0
2021-05-14,ロッテ,西武,4,4,,,0
2021-05-14,オリックス,楽天,9,4,山岡敗：涌井,涌井,0
2021-05-15,巨人,阪神,5,3,サンチェス敗：伊藤将,伊藤将,0
2021-05-15,中日,ヤクルト,0,5,小川敗：福谷,福谷,0
2021-05-15,広島,DeNA,,,,,1
2021-05-15,日本ハム,ソフトバンク,3,7,マルティネス敗：バーヘイゲン,バーヘイゲン,0
2021-05-15,ロッテ,西武,0,3,松本敗：美馬,美馬,0
2021-05-15,オリックス,楽天,4,3,竹安敗：田中将,田中将,0
2021-05-16,巨人,阪神,5,6,アルカンタラ敗：平内,平内,0
2021-05-16,中日,ヤクルト,2,2,,,0
2021-05-16,広島,DeNA,3,3,,,0
2021-05-16,日本ハム,ソフトバンク,2,2,,,0
2021-05-16,ロッテ,西武,6,6,,,0
2021-05-16,オリックス,楽天,0,1,早川敗：山﨑福,山﨑福,0
2021-05-18,巨人,広島,7,2,戸郷敗：大瀬良,大瀬良,0
2021-05-18,DeNA,中日,1,5,小笠原敗：大貫,大貫,0
2021-05-18,阪神,ヤクルト,3,14,サイスニード敗：西勇,西勇,0
2021-05-18,楽天,日本ハム,3,2,宋家豪敗：B.ロドリゲス,B.ロドリゲス,0
2021-05-18,西武,ソフトバンク,2,8,武田敗：ダーモディ,ダーモディ,0
2021-05-18,オリックス,ロッテ,6,5,比嘉敗：鈴木,鈴木,0
2021-05-19,巨人,広島,2,10,九里敗：髙橋,髙橋,0
2021-05-19,DeNA,中日,,,,,1
2021-05-19,阪神,ヤクルト,3,1,西純敗：田口,田口,0
2021-05-19,楽天,日本ハム,3,2,則本昂敗：加藤,加藤,0
2021-05-19,西武,ソフトバンク,5,6,岩嵜敗：ギャレット,ギャレット,0
2021-05-19,オリックス,ロッテ,4,6,岩下敗：山本,山本,0
2021-05-20,DeNA,中日,,,,,1
2021-05-20,阪神,ヤクルト,,,,,1
2021-05-20,楽天,日本ハム,1,4,堀敗：福山,福山,0
2021-05-20,西武,ソフトバンク,7,2,ニール敗：石川,石川,0
2021-05-21,ヤクルト,DeNA,3,5,山﨑敗：石山,石山,0
2021-05-21,中日,巨人,1,1,,,0
2021-05-21,広島,阪神,,,,,1
2021-05-21,西武,日本ハム,7,1,髙橋敗：伊藤,伊藤,0
2021-05-21,ロッテ,楽天,6,13,涌井敗：石川,石川,0
2021-05-22,ヤクルト,DeNA,1,0,小川敗：濵口,濵口,0
2021-05-22,中日,巨人,4,5,サンチェス敗：ロドリゲス,ロドリゲス,0
2021-05-22,西武,日本ハム,8,1,松本敗：バーヘイゲン,バーヘイゲン,0
2021-05-22,ロッテ,楽天,3,1,唐川敗：福山,福山,0
2021-05-22,ソフトバンク,オリックス,7,2,マルティネス敗：田嶋,田嶋,0
2021-05-23,ヤクルト,DeNA,10,5,スアレス敗：今永,今永,0
2021-05-23,中日,巨人,4,1,福谷敗：今村,今村,0
2021-05-23,西武,日本ハム,3,10,アーリン敗：平井,平井,0
2021-05-23,ロッテ,楽天,5,6,早川敗：小島,小島,0
2021-05-23,ソフトバンク,オリックス,7,2,和田敗：山﨑福,山﨑福,0
2021-05-25,巨人,楽天,9,4,戸郷敗：岸,岸,0
2021-05-25,ヤクルト,日本ハム,2,4,上沢敗：金久保,金久保,0
2021-05-25,DeNA,オリックス,10,3,ピープルズ敗：山岡,山岡,0
2021-05-25,中日,ソフトバンク,2,0,柳敗：武田,武田,0
2021-05-25,阪神,ロッテ,3,5,佐々木千敗：岩崎,岩崎,0
2021-05-25,広島,西武,,,,,1
2021-05-26,巨人,楽天,5,2,髙橋敗：則本昂,則本昂,0
2021-05-26,ヤクルト,日本ハム,4,3,田口敗：加藤,加藤,0
2021-05-26,DeNA,オリックス,5,14,宮城敗：大貫,大貫,0
2021-05-26,中日,ソフトバンク,4,3,福敗：泉,泉,0
2021-05-26,阪神,ロッテ,3,2,秋山敗：岩下,岩下,0
2021-05-27,巨人,楽天,0,2,瀧中敗：横川,横川,0
2021-05-27,ヤクルト,日本ハム,5,2,奥川敗：池田,池田,0
2021-05-27,DeNA,オリックス,11,8,石田敗：張,張,0
2021-05-27,中日,ソフトバンク,3,3,,,0
2021-05-27,阪神,ロッテ,4,6,佐々木朗敗：アルカンタラ,アルカンタラ,0
2021-05-27,広島,西武,4,4,,,0
2021-05-28,日本ハム,中日,10,1,伊藤敗：大野雄,大野雄,0
2021-05-28,楽天,DeNA,6,7,国吉敗：涌井,涌井,0
2021-05-28,西武,阪神,7,10,齋藤敗：ギャレット,ギャレット,0
2021-05-28,ロッテ,広島,8,10,森浦敗：鈴木,鈴木,0
2021-05-28,オリックス,ヤクルト,9,2,山本敗：バンデンハーク,バンデンハーク,0
2021-05-28,ソフトバンク,巨人,9,3,石川敗：畠,畠,0
2021-05-29,日本ハム,中日,4,7,福敗：B.ロドリゲス,B.ロドリゲス,0
2021-05-29,楽天,DeNA,1,1,,,0
2021-05-29,西武,阪神,1,0,今井敗：伊藤将,伊藤将,0
2021-05-29,ロッテ,広島,7,3,美馬敗：玉村,玉村,0
2021-05-29,オリックス,ヤクルト,4,7,小川敗：田嶋,田嶋,0
2021-05-29,ソフトバンク,巨人,8,3,マルティネス敗：サンチェス,サンチェス,0
2021-05-30,日本ハム,中日,1,4,福谷敗：アーリン,アーリン,0
2021-05-30,楽天,DeNA,5,1,酒居敗：石田,石田,0
2021-05-30,西武,阪神,8,9,及川敗：與座,與座,0
2021-05-30,ロッテ,広島,7,1,小島敗：ネバラスカス,ネバラスカス,0
2021-05-30,オリックス,ヤクルト,8,7,富山敗：石山,石山,0
2021-05-30,ソフトバンク,巨人,3,4,戸郷敗：和田,和田,0
2021-06-01,巨人,西武,4,4,,,0
2021-06-01,ヤクルト,楽天,7,4,大西敗：酒居,酒居,0
2021-06-01,DeNA,ソフトバンク,4,3,三上敗：松本,松本,0
2021-06-01,中日,ロッテ,1,0,柳敗：二木,二木,0
2021-06-01,阪神,オリックス,2,5,山岡敗：岩崎,岩崎,0
2021-06-01,広島,日本ハム,3,7,上沢敗：大瀬良,大瀬良,0
2021-06-02,巨人,西武,4,3,戸根敗：ダーモディ,ダーモディ,0
2021-06-02,ヤクルト,楽天,1,3,則本昂敗：田口,田口,0
2021-06-02,DeNA,ソフトバンク,1,1,,,0
2021-06-02,中日,ロッテ,2,2,,,0
2021-06-02,阪神,オリックス,2,1,秋山敗：宮城,宮城,0
2021-06-02,広島,日本ハム,3,0,森浦敗：加藤,加藤,0
2021-06-03,巨人,西武,4,4,,,0
2021-06-03,ヤクルト,楽天,2,4,瀧中敗：サイスニード,サイスニード,0
2021-06-03,DeNA,ソフトバンク,4,3,エスコバー敗：泉,泉,0
2021-06-03,中日,ロッテ,4,3,祖父江敗：唐川,唐川,0
2021-06-03,阪神,オリックス,3,7,村西敗：岩崎,岩崎,0
2021-06-03,広島,日本ハム,,,,,1
2021-06-04,巨人,日本ハム,6,0,メルセデス敗：池田,池田,0
2021-06-04,ヤクルト,西武,10,1,石川敗：髙橋,髙橋,0
2021-06-04,DeNA,ロッテ,7,11,大嶺敗：国吉,国吉,0
2021-06-04,中日,オリックス,1,2,山本敗：大野雄,大野雄,0
2021-06-04,阪神,ソフトバンク,6,1,青柳敗：石川,石川,0
2021-06-04,広島,楽天,5,12,涌井敗：中村祐,中村祐,0
2021-06-05,巨人,日本ハム,4,6,河野敗：戸郷,戸郷,0
2021-06-05,ヤクルト,西武,3,6,宮川敗：マクガフ,マクガフ,0
2021-06-05,DeNA,ロッテ,11,9,濵口敗：美馬,美馬,0
2021-06-05,中日,オリックス,6,3,山本敗：田嶋,田嶋,0
2021-06-05,阪神,ソフトバンク,2,10,マルティネス敗：伊藤将,伊藤将,0
2021-06-05,広島,楽天,3,7,安樂敗：塹江,塹江,0
2021-06-06,巨人,日本ハム,2,4,伊藤敗：菅野,菅野,0
2021-06-06,ヤクルト,西武,9,6,今野敗：宮川,宮川,0
2021-06-06,DeNA,ロッテ,4,3,三嶋敗：益田,益田,0
2021-06-06,中日,オリックス,0,4,増井敗：福谷,福谷,0
2021-06-06,阪神,ソフトバンク,3,8,和田敗：西純,西純,0
2021-06-06,広島,楽天,4,6,早川敗：高橋昂,高橋昂,0
2021-06-08,日本ハム,阪神,2,3,馬場敗：杉浦,杉浦,0
2021-06-08,楽天,中日,5,2,岸敗：柳,柳,0
2021-06-08,西武,DeNA,8,3,松本敗：ピープルズ,ピープルズ,0
2021-06-08,ロッテ,ヤクルト,7,4,二木敗：奥川,奥川,0
2021-06-08,オリックス,巨人,3,3,,,0
2021-06-08,ソフトバンク,広島,1,1,,,0
2021-06-09,日本ハム,阪神,3,10,秋山敗：加藤,加藤,0
2021-06-09,楽天,中日,3,7,小笠原敗：則本昂,則本昂,0
2021-06-09,西武,DeNA,8,8,,,0
2021-06-09,ロッテ,ヤクルト,3,5,田口敗：岩下,岩下,0
2021-06-09,オリックス,巨人,3,1,宮城敗：サンチェス,サンチェス,0
2021-06-09,ソフトバンク,広島,8,4,東浜敗：野村,野村,0
2021-06-10,日本ハム,阪神,2,4,アルカンタラ敗：アーリン,アーリン,0
2021-06-10,楽天,中日,6,2,瀧中敗：勝野,勝野,0
2021-06-10,西武,DeNA,5,3,内海敗：坂本,坂本,0
2021-06-10,ロッテ,ヤクルト,2,1,唐川敗：清水,清水,0
2021-06-10,オリックス,巨人,6,0,山﨑福敗：髙橋,髙橋,0
2021-06-10,ソフトバンク,広島,1,1,,,0
2021-06-11,日本ハム,DeNA,0,4,濵口敗：金子,金子,0
2021-06-11,楽天,阪神,2,3,青柳敗：涌井,涌井,0
2021-06-11,西武,中日,5,6,大野雄敗：髙橋,髙橋,0
2021-06-11,ロッテ,巨人,1,5,メルセデス敗：大嶺,大嶺,0
2021-06-11,オリックス,広島,4,0,山本敗：森浦,森浦,0
2021-06-11,ソフトバンク,ヤクルト,0,1,石川敗：石川,石川,0
2021-06-12,日本ハム,DeNA,4,3,池田敗：京山,京山,0
2021-06-12,楽天,阪神,1,9,伊藤将敗：田中将,田中将,0
2021-06-12,西武,中日,7,3,今井敗：岡野,岡野,0
2021-06-12,ロッテ,巨人,4,11,戸郷敗：美馬,美馬,0
2021-06-12,オリックス,広島,3,2,田嶋敗：森下,森下,0
2021-06-12,ソフトバンク,ヤクルト,2,4,小川敗：板東,板東,0
2021-06-13,日本ハム,DeNA,1,4,今永敗：バーヘイゲン,バーヘイゲン,0
2021-06-13,楽天,阪神,5,6,藤浪敗：松井,松井,0
2021-06-13,西武,中日,4,3,ギャレット敗：福谷,福谷,0
2021-06-13,ロッテ,巨人,5,4,小島敗：菅野,菅野,0
2021-06-13,オリックス,広島,9,8,ヒギンス敗：栗林,栗林,0
2021-06-13,ソフトバンク,ヤクルト,4,6,高橋敗：和田,和田,0
2021-06-14,広島,西武,2,3,森脇敗：コルニエル,コルニエル,0
2021-06-15,広島,西武,5,3,塹江敗：ギャレット,ギャレット,0
2021-06-16,広島,日本ハム,1,8,伊藤敗：九里,九里,0
2021-06-18,ヤクルト,中日,5,2,石川敗：柳,柳,0
2021-06-18,DeNA,広島,4,7,玉村敗：濵口,濵口,0
2021-06-18,阪神,巨人,7,1,西勇敗：メルセデス,メルセデス,0
2021-06-18,楽天,オリックス,2,5,山本敗：涌井,涌井,0
2021-06-18,西武,ロッテ,0,5,岩下敗：髙橋,髙橋,0
2021-06-18,ソフトバンク,日本ハム,1,2,上沢敗：石川,石川,0
2021-06-19,ヤクルト,中日,3,7,小笠原敗：小川,小川,0
2021-06-19,DeNA,広島,11,12,森下敗：ピープルズ,ピープルズ,0
2021-06-19,阪神,巨人,2,6,戸郷敗：伊藤将,伊藤将,0
2021-06-19,楽天,オリックス,,,,,1
2021-06-19,西武,ロッテ,7,2,今井敗：中村稔,中村稔,0
2021-06-19,ソフトバンク,日本ハム,5,5,,,0
2021-06-20,ヤクルト,中日,2,1,奥川敗：勝野,勝野,0
2021-06-20,DeNA,広島,10,8,砂田敗：大道,大道,0
2021-06-20,阪神,巨人,1,2,髙橋敗：秋山,秋山,0
2021-06-20,楽天,オリックス,0,3,宮城敗：早川,早川,0
2021-06-20,西武,ロッテ,3,3,,,0
2021-06-20,ソフトバンク,日本ハム,1,1,,,0
2021-06-21,楽天,オリックス,3,4,山﨑福敗：瀧中,瀧中,0
2021-06-22,巨人,DeNA,6,1,サンチェス敗：中川,中川,0
2021-06-22,中日,阪神,1,2,青柳敗：大野雄,大野雄,0
2021-06-22,広島,ヤクルト,1,6,田口敗：大瀬良,大瀬良,0
2021-06-22,西武,楽天,2,0,松本敗：岸,岸,0
2021-06-22,ロッテ,ソフトバンク,4,6,レイ敗：二木,二木,0
2021-06-22,オリックス,日本ハム,5,2,富山敗：バーヘイゲン,バーヘイゲン,0
2021-06-23,巨人,DeNA,4,2,山口敗：今永,今永,0
2021-06-23,中日,阪神,6,2,福谷敗：藤浪,藤浪,0
2021-06-23,広島,ヤクルト,5,8,大西敗：九里,九里,0
2021-06-23,西武,楽天,4,6,田中将敗：渡邉,渡邉,0
2021-06-23,ロッテ,ソフトバンク,1,1,,,0
2021-06-23,オリックス,日本ハム,3,1,田嶋敗：池田,池田,0
2021-06-24,中日,阪神,0,6,ガンケル敗：岡野,岡野,0
2021-06-24,広島,ヤクルト,1,4,高橋敗：高橋昂,高橋昂,0
2021-06-24,ロッテ,ソフトバンク,2,7,武田敗：佐々木朗,佐々木朗,0
2021-06-24,オリックス,日本ハム,2,5,伊藤敗：増井,増井,0
2021-06-25,ヤクルト,巨人,1,7,メルセデス敗：石川,石川,0
2021-06-25,阪神,DeNA,0,3,濵口敗：西勇,西勇,0
2021-06-25,広島,中日,3,6,柳敗：塹江,塹江,0
2021-06-25,楽天,ソフトバンク,5,1,則本昂敗：石川,石川,0
2021-06-25,オリックス,西武,1,3,髙橋敗：平野佳,平野佳,0
2021-06-26,ヤクルト,巨人,3,10,戸郷敗：小川,小川,0
2021-06-26,阪神,DeNA,1,3,阪口敗：及川,及川,0
2021-06-26,広島,中日,11,5,大道敗：小笠原,小笠原,0
2021-06-26,日本ハム,ロッテ,1,3,岩下敗：上沢,上沢,0
2021-06-26,楽天,ソフトバンク,3,2,西口敗：マルティネス,マルティネス,0
2021-06-26,オリックス,西武,3,3,,,0
2021-06-27,ヤクルト,巨人,2,5,髙橋敗：スアレス,スアレス,0
2021-06-27,阪神,DeNA,3,8,大貫敗：秋山,秋山,0
2021-06-27,広島,中日,1,1,,,0
2021-06-27,日本ハム,ロッテ,3,8,小島敗：加藤,加藤,0
2021-06-27,楽天,ソフトバンク,3,2,安樂敗：和田,和田,0
2021-06-27,オリックス,西武,10,0,宮城敗：ニール,ニール,0
2021-06-28,ソフトバンク,西武,2,5,松本敗：レイ,レイ,0
2021-06-29,巨人,広島,11,8,高梨敗：森浦,森浦,0
2021-06-29,DeNA,中日,3,2,坂本敗：大野雄,大野雄,0
2021-06-29,阪神,ヤクルト,5,3,青柳敗：田口,田口,0
2021-06-29,楽天,日本ハム,5,5,,,0
2021-06-29,オリックス,ロッテ,5,5,,,0
2021-06-30,巨人,広島,0,1,九里敗：山口,山口,0
2021-06-30,DeNA,中日,9,4,今永敗：福谷,福谷,0
2021-06-30,阪神,ヤクルト,2,2,,,0
2021-06-30,楽天,日本ハム,0,3,立野敗：田中将,田中将,0
2021-06-30,オリックス,ロッテ,5,0,田嶋敗：鈴木,鈴木,0
2021-06-30,ソフトバンク,西武,9,1,東浜敗：平井,平井,0
2021-07-01,巨人,広島,10,4,戸根敗：高橋昂,高橋昂,0
2021-07-01,阪神,ヤクルト,1,6,清水敗：スアレス,スアレス,0
2021-07-01,楽天,日本ハム,1,2,伊藤敗：岸,岸,0
2021-07-01,ソフトバンク,西武,0,1,髙橋敗：武田,武田,0
2021-07-02,DeNA,巨人,,,,,1
2021-07-02,中日,ヤクルト,3,9,大西敗：柳,柳,0
2021-07-02,広島,阪神,7,1,玉村敗：西勇,西勇,0
2021-07-02,西武,オリックス,3,5,山本敗：渡邉,渡邉,0
2021-07-02,ロッテ,楽天,,,,,1
2021-07-03,DeNA,巨人,1,3,メルセデス敗：阪口,阪口,0
2021-07-03,中日,ヤクルト,1,5,小川敗：小笠原,小笠原,0
2021-07-03,広島,阪神,0,5,伊藤将敗：大道,大道,0
2021-07-03,日本ハム,ソフトバンク,1,7,マルティネス敗：上沢,上沢,0
2021-07-03,西武,オリックス,0,8,山﨑福敗：今井,今井,0
2021-07-03,ロッテ,楽天,5,3,フローレス敗：宋家豪,宋家豪,0
2021-07-04,DeNA,巨人,3,2,大貫敗：髙橋,髙橋,0
2021-07-04,中日,ヤクルト,3,3,,,0
2021-07-04,広島,阪神,4,3,森下敗：石井大,石井大,0
2021-07-04,日本ハム,ソフトバンク,0,5,レイ敗：池田,池田,0
2021-07-04,西武,オリックス,2,3,宮城敗：ニール,ニール,0
2021-07-04,ロッテ,楽天,8,6,小島敗：瀧中,瀧中,0
2021-07-05,ロッテ,楽天,8,1,岩下敗：西口,西口,0
2021-07-06,巨人,中日,2,3,谷元敗：高梨,高梨,0
2021-07-06,ヤクルト,阪神,1,5,青柳敗：田口,田口,0
2021-07-06,広島,DeNA,2,4,シャッケルフォード敗：フランスア,フランスア,0
2021-07-06,日本ハム,西武,4,3,杉浦敗：平良,平良,0
2021-07-06,ロッテ,ソフトバンク,11,3,二木敗：千賀,千賀,0
2021-07-06,オリックス,楽天,2,7,則本昂敗：平野佳,平野佳,0
2021-07-07,巨人,中日,3,1,山口敗：福谷,福谷,0
2021-07-07,ヤクルト,阪神,6,4,清水敗：齋藤,齋藤,0
2021-07-07,広島,DeNA,3,3,,,0
2021-07-07,日本ハム,西武,2,1,バーヘイゲン敗：髙橋,髙橋,0
2021-07-07,ロッテ,ソフトバンク,4,1,河村敗：東浜,東浜,0
2021-07-07,オリックス,楽天,5,6,ブセニッツ敗：漆原,漆原,0
2021-07-08,巨人,中日,0,1,柳敗：直江,直江,0
2021-07-08,ヤクルト,阪神,5,6,馬場敗：清水,清水,0
2021-07-08,広島,DeNA,5,3,フランスア敗：エスコバー,エスコバー,0
2021-07-08,オリックス,楽天,1,1,,,0
2021-07-09,ヤクルト,広島,4,3,吉田大喜敗：フランスア,フランスア,0
2021-07-09,中日,DeNA,3,1,小笠原敗：有吉,有吉,0
2021-07-09,阪神,巨人,4,1,秋山敗：戸郷,戸郷,0
2021-07-09,ロッテ,日本ハム,1,6,伊藤敗：佐々木朗,佐々木朗,0
2021-07-09,ソフトバンク,オリックス,0,8,山本敗：武田,武田,0
2021-07-10,ヤクルト,広島,0,5,大道敗：原,原,0
2021-07-10,中日,DeNA,6,2,松葉敗：阪口,阪口,0
2021-07-10,阪神,巨人,1,8,メルセデス敗：伊藤将,伊藤将,0
2021-07-10,楽天,西武,2,6,今井敗：涌井,涌井,0
2021-07-10,ロッテ,日本ハム,4,4,,,0
2021-07-10,ソフトバンク,オリックス,3,1,マルティネス敗：山﨑福,山﨑福,0
2021-07-11,ヤクルト,広島,,,,,1
2021-07-11,中日,DeNA,5,5,,,0
2021-07-11,阪神,巨人,0,1,髙橋敗：西勇,西勇,0
2021-07-11,楽天,西武,9,3,酒居敗：十亀,十亀,0
2021-07-11,ロッテ,日本ハム,,,,,1
2021-07-11,ソフトバンク,オリックス,7,4,モイネロ敗：ヒギンス,ヒギンス,0
2021-07-12,阪神,DeNA,4,3,及川敗：三嶋,三嶋,0
2021-07-12,広島,中日,6,2,大瀬良敗：大野雄,大野雄,0
2021-07-12,ソフトバンク,楽天,8,0,レイ敗：則本昂,則本昂,0
2021-07-13,巨人,ヤクルト,6,14,奥川敗：サンチェス,サンチェス,0
2021-07-13,阪神,DeNA,2,8,坂本敗：アルカンタラ,アルカンタラ,0
2021-07-13,広島,中日,8,3,九里敗：福谷,福谷,0
2021-07-13,日本ハム,オリックス,0,5,増井敗：池田,池田,0
2021-07-13,西武,ロッテ,6,7,岩下敗：松本,松本,0
2021-07-13,ソフトバンク,楽天,2,6,田中将敗：石川,石川,0
2021-07-14,巨人,ヤクルト,7,11,スアレス敗：今村,今村,0
2021-07-14,阪神,DeNA,3,4,今永敗：ガンケル,ガンケル,0
2021-07-14,広島,中日,2,0,森下敗：柳,柳,0
2021-07-14,日本ハム,オリックス,6,2,河野敗：田嶋,田嶋,0
2021-07-14,西武,ロッテ,8,3,髙橋敗：小島,小島,0
2021-07-14,ソフトバンク,楽天,2,4,岸敗：東浜,東浜,0
2021-07-16,パ・リーグ,セ・リーグ,4,5,ビエイラ敗：益田,益田,0
2021-07-17,パ・リーグ,セ・リーグ,4,3,宋家豪敗：栗林,栗林,0
2021-08-13,巨人,中日,4,2,桜井敗：又吉,又吉,0
2021-08-13,阪神,広島,3,9,大瀬良敗：西勇,西勇,0
2021-08-13,西武,楽天,0,5,岸敗：松本,松本,0
2021-08-13,ロッテ,オリックス,3,6,宮城敗：二木,二木,0
2021-08-13,ソフトバンク,日本ハム,3,0,石川敗：加藤,加藤,0
2021-08-14,巨人,中日,6,1,メルセデス敗：ロドリゲス,ロドリゲス,0
2021-08-14,DeNA,ヤクルト,,,,,1
2021-08-14,阪神,広島,9,3,二保敗：九里,九里,0
2021-08-14,西武,楽天,6,7,酒居敗：増田,増田,0
2021-08-14,ロッテ,オリックス,4,2,美馬敗：田嶋,田嶋,0
2021-08-14,ソフトバンク,日本ハム,2,0,東浜敗：上沢,上沢,0
2021-08-15,巨人,中日,4,2,今村敗：小笠原,小笠原,0
2021-08-15,DeNA,ヤクルト,1,4,奥川敗：今永,今永,0
2021-08-15,阪神,広島,3,0,秋山敗：大道,大道,0
2021-08-15,西武,楽天,10,2,渡邉敗：涌井,涌井,0
2021-08-15,ロッテ,オリックス,3,5,山﨑福敗：小野,小野,0
2021-08-15,ソフトバンク,日本ハム,0,0,,,0
2021-08-17,ヤクルト,巨人,13,3,今野敗：今村,今村,0
2021-08-17,DeNA,阪神,2,6,青柳敗：濵口,濵口,0
2021-08-17,中日,広島,3,0,福谷敗：森下,森下,0
2021-08-17,楽天,ソフトバンク,,,,,1
2021-08-17,ロッテ,西武,2,8,髙橋敗：岩下,岩下,0
2021-08-17,オリックス,日本ハム,,,,,1
2021-08-18,ヤクルト,巨人,2,3,畠敗：石山,石山,0
2021-08-18,DeNA,阪神,2,5,伊藤将敗：エスコバー,エスコバー,0
2021-08-18,中日,広島,3,0,松葉敗：玉村,玉村,0
2021-08-18,楽天,ソフトバンク,0,3,千賀敗：早川,早川,0
2021-08-18,ロッテ,西武,5,3,小島敗：ニール,ニール,0
2021-08-18,オリックス,日本ハム,5,2,吉田凌敗：河野,河野,0
2021-08-19,DeNA,阪神,5,4,坂本敗：藤浪,藤浪,0
2021-08-19,中日,広島,1,3,大瀬良敗：大野雄,大野雄,0
2021-08-19,ロッテ,西武,3,3,,,0
2021-08-19,オリックス,日本ハム,,,,,1
2021-08-20,巨人,DeNA,1,6,京山敗：山口,山口,0
2021-08-20,中日,阪神,6,0,柳敗：西勇,西勇,0
2021-08-20,広島,ヤクルト,5,4,塹江敗：田口,田口,0
2021-08-20,日本ハム,楽天,3,3,,,0
2021-08-20,オリックス,西武,2,1,山本敗：平良,平良,0
2021-08-20,ソフトバンク,ロッテ,3,5,佐々木千敗：岩嵜,岩嵜,0
2021-08-21,巨人,DeNA,2,7,平田敗：戸郷,戸郷,0
2021-08-21,中日,阪神,6,2,田島敗：二保,二保,0
2021-08-21,広島,ヤクルト,3,8,サイスニード敗：大道,大道,0
2021-08-21,日本ハム,楽天,4,8,岸敗：伊藤,伊藤,0
2021-08-21,オリックス,西武,2,0,宮城敗：今井,今井,0
2021-08-21,ソフトバンク,ロッテ,6,8,佐々木千敗：岩嵜,岩嵜,0
2021-08-22,巨人,DeNA,4,4,,,0
2021-08-22,中日,阪神,0,2,秋山敗：小笠原,小笠原,0
2021-08-22,広島,ヤクルト,,,,,1
2021-08-22,日本ハム,楽天,2,1,上沢敗：涌井,涌井,0
2021-08-22,オリックス,西武,3,10,與座敗：山﨑福,山﨑福,0
2021-08-22,ソフトバンク,ロッテ,4,2,笠谷敗：ハーマン,ハーマン,0
2021-08-24,巨人,広島,3,1,メルセデス敗：森下,森下,0
2021-08-24,ヤクルト,中日,2,1,今野敗：福谷,福谷,0
2021-08-24,阪神,DeNA,8,2,青柳敗：濵口,濵口,0
2021-08-24,日本ハム,ロッテ,3,3,,,0
2021-08-24,楽天,オリックス,,,,,1
2021-08-24,西武,ソフトバンク,4,4,,,0
2021-08-25,巨人,広島,5,3,中川敗：コルニエル,コルニエル,0
2021-08-25,ヤクルト,中日,3,3,,,0
2021-08-25,阪神,DeNA,2,10,大貫敗：伊藤将,伊藤将,0
2021-08-25,日本ハム,ロッテ,4,7,東妻敗：河野,河野,0
2021-08-25,楽天,オリックス,2,2,,,0
2021-08-25,西武,ソフトバンク,1,6,千賀敗：ニール,ニール,0
2021-08-26,巨人,広島,2,11,九里敗：菅野,菅野,0
2021-08-26,阪神,DeNA,9,3,ガンケル敗：坂本,坂本,0
2021-08-26,楽天,オリックス,7,6,則本昂敗：山﨑颯,山﨑颯,0
2021-08-26,西武,ソフトバンク,3,0,渡邉敗：笠谷,笠谷,0
2021-08-27,ヤクルト,DeNA,0,4,京山敗：奥川,奥川,0
2021-08-27,中日,巨人,4,1,大野雄敗：山口,山口,0
2021-08-27,広島,阪神,6,4,大瀬良敗：西勇,西勇,0
2021-08-27,楽天,ロッテ,1,3,国吉敗：安樂,安樂,0
2021-08-27,西武,日本ハム,2,7,井口敗：松本,松本,0
2021-08-27,オリックス,ソフトバンク,2,0,山本敗：マルティネス,マルティネス,0
2021-08-28,ヤクルト,DeNA,2,2,,,0
2021-08-28,中日,巨人,1,1,,,0
2021-08-28,広島,阪神,7,6,ケムナ敗：村上,村上,0
2021-08-28,楽天,ロッテ,1,5,佐々木朗敗：岸,岸,0
2021-08-28,西武,日本ハム,8,8,,,0
2021-08-28,オリックス,ソフトバンク,2,2,,,0
2021-08-29,ヤクルト,DeNA,5,2,原敗：今永,今永,0
2021-08-29,中日,巨人,1,5,髙橋敗：小笠原,小笠原,0
2021-08-29,広島,阪神,5,0,床田敗：秋山,秋山,0
2021-08-29,楽天,ロッテ,0,1,佐々木千敗：宋家豪,宋家豪,0
2021-08-29,西武,日本ハム,0,6,伊藤敗：本田,本田,0
2021-08-29,オリックス,ソフトバンク,6,3,バルガス敗：スチュワート・ジュニア,スチュワート・ジュニア,0
2021-08-31,巨人,ヤクルト,10,8,鍵谷敗：坂本,坂本,0
2021-08-31,DeNA,広島,7,6,エスコバー敗：島内,島内,0
2021-08-31,阪神,中日,5,8,田島敗：及川,及川,0
2021-08-31,日本ハム,オリックス,3,1,上沢敗：山﨑福,山﨑福,0
2021-08-31,ロッテ,西武,5,1,美馬敗：髙橋,髙橋,0
2021-08-31,ソフトバンク,楽天,3,6,西口敗：東浜,東浜,0
2021-09-01,巨人,ヤクルト,2,0,菅野敗：高橋,高橋,0
2021-09-01,DeNA,広島,7,2,大貫敗：玉村,玉村,0
2021-09-01,阪神,中日,2,1,伊藤将敗：松葉,松葉,0
2021-09-01,日本ハム,オリックス,12,1,バーヘイゲン敗：田嶋,田嶋,0
2021-09-01,ロッテ,西武,7,14,平井敗：岩下,岩下,0
2021-09-02,巨人,ヤクルト,2,2,,,0
2021-09-02,DeNA,広島,3,11,九里敗：坂本,坂本,0
2021-09-02,阪神,中日,,,,,1
2021-09-02,日本ハム,オリックス,6,6,,,0
2021-09-02,ソフトバンク,楽天,5,2,千賀敗：則本昂,則本昂,0
2021-09-03,ヤクルト,広島,3,1,スアレス敗：大瀬良,大瀬良,0
2021-09-03,中日,DeNA,1,0,大野雄敗：京山,京山,0
2021-09-03,阪神,巨人,7,3,岩貞敗：戸郷,戸郷,0
2021-09-03,楽天,西武,4,8,森脇敗：宋家豪,宋家豪,0
2021-09-03,ロッテ,日本ハム,7,5,佐々木千敗：井口,井口,0
2021-09-03,ソフトバンク,オリックス,1,2,山本敗：板東,板東,0
2021-09-04,ヤクルト,広島,2,4,高橋昂敗：サイスニード,サイスニード,0
2021-09-04,中日,DeNA,1,3,ロメロ敗：田島,田島,0
2021-09-04,阪神,巨人,4,3,岩貞敗：ビエイラ,ビエイラ,0
2021-09-04,楽天,西武,8,5,岸敗：今井,今井,0
2021-09-04,ロッテ,日本ハム,3,3,,,0
2021-09-04,ソフトバンク,オリックス,11,4,石川敗：スパークマン,スパークマン,0
2021-09-05,ヤクルト,広島,1,6,床田敗：田口,田口,0
2021-09-05,中日,DeNA,2,0,又吉敗：エスコバー,エスコバー,0
2021-09-05,阪神,巨人,6,6,,,0
2021-09-05,楽天,西武,8,2,西口敗：渡邉,渡邉,0
2021-09-05,ロッテ,日本ハム,2,1,ロメロ敗：立野,立野,0
2021-09-05,ソフトバンク,オリックス,12,4,和田敗：増井,増井,0
2021-09-07,DeNA,巨人,8,2,宮國敗：菅野,菅野,0
2021-09-07,阪神,ヤクルト,0,12,奥川敗：青柳,青柳,0
2021-09-07,広島,中日,8,7,菊池保敗：R.マルティネス,R.マルティネス,0
2021-09-07,日本ハム,楽天,4,2,伊藤敗：早川,早川,0
2021-09-07,西武,ソフトバンク,6,5,森脇敗：甲斐野,甲斐野,0
2021-09-07,オリックス,ロッテ,4,3,平野佳敗：田中,田中,0
2021-09-08,DeNA,巨人,4,1,大貫敗：山口,山口,0
2021-09-08,阪神,ヤクルト,5,3,小川敗：小川,小川,0
2021-09-08,広島,中日,1,4,松葉敗：玉村,玉村,0
2021-09-08,日本ハム,楽天,0,8,瀧中敗：上沢,上沢,0
2021-09-08,西武,ソフトバンク,0,9,千賀敗：ニール,ニール,0
2021-09-08,オリックス,ロッテ,1,4,二木敗：吉田凌,吉田凌,0
2021-09-09,DeNA,巨人,5,5,,,0
2021-09-09,阪神,ヤクルト,3,13,高橋敗：髙橋,髙橋,0
2021-09-09,広島,中日,12,5,塹江敗：岡田,岡田,0
2021-09-09,日本ハム,楽天,0,4,則本昂敗：バーヘイゲン,バーヘイゲン,0
2021-09-09,オリックス,ロッテ,2,2,,,0
2021-09-10,巨人,中日,1,10,大野雄敗：髙橋,髙橋,0
2021-09-10,広島,阪神,1,4,西勇敗：大瀬良,大瀬良,0
2021-09-10,日本ハム,ソフトバンク,4,4,,,0
2021-09-10,西武,オリックス,1,7,山本敗：松本,松本,0
2021-09-10,ロッテ,楽天,3,2,益田敗：酒居,酒居,0
2021-09-11,巨人,中日,4,5,柳敗：メルセデス,メルセデス,0
2021-09-11,ヤクルト,DeNA,9,2,サイスニード敗：京山,京山,0
2021-09-11,広島,阪神,1,4,秋山敗：高橋昂,高橋昂,0
2021-09-11,日本ハム,ソフトバンク,17,5,加藤敗：石川,石川,0
2021-09-11,西武,オリックス,7,0,今井敗：バルガス,バルガス,0
2021-09-11,ロッテ,楽天,4,1,小島敗：岸,岸,0
2021-09-12,DeNA,阪神,8,1,今永敗：ガンケル,ガンケル,0
2021-09-12,中日,ヤクルト,9,5,又吉敗：清水,清水,0
2021-09-12,広島,巨人,1,2,菅野敗：床田,床田,0
2021-09-12,日本ハム,ソフトバンク,3,0,立野敗：和田,和田,0
2021-09-12,西武,オリックス,3,1,渡邉敗：山﨑福,山﨑福,0
2021-09-12,ロッテ,楽天,9,2,河村敗：石橋,石橋,0
2021-09-13,中日,ヤクルト,1,0,小笠原敗：石川,石川,0
2021-09-14,巨人,DeNA,2,3,ロメロ敗：山口,山口,0
2021-09-14,ヤクルト,阪神,4,4,,,0
2021-09-14,中日,広島,10,1,松葉敗：森下,森下,0
2021-09-14,楽天,オリックス,4,1,早川敗：宮城,宮城,0
2021-09-14,西武,日本ハム,3,1,髙橋敗：池田,池田,0
2021-09-14,ソフトバンク,ロッテ,1,3,国吉敗：千賀,千賀,0
2021-09-15,巨人,DeNA,7,6,デラロサ敗：三嶋,三嶋,0
2021-09-15,ヤクルト,阪神,1,0,小川敗：伊藤将,伊藤将,0
2021-09-15,中日,広島,3,5,森浦敗：福,福,0
2021-09-15,楽天,オリックス,7,0,瀧中敗：山﨑颯,山﨑颯,0
2021-09-15,西武,日本ハム,3,3,,,0
2021-09-15,ソフトバンク,ロッテ,4,5,ハーマン敗：甲斐野,甲斐野,0
2021-09-16,楽天,オリックス,1,3,田嶋敗：安樂,安樂,0
2021-09-16,西武,日本ハム,1,3,上沢敗：松本,松本,0
2021-09-16,ソフトバンク,ロッテ,1,1,,,0
2021-09-17,巨人,ヤクルト,2,8,奥川敗：髙橋,髙橋,0
2021-09-17,阪神,中日,,,,,1
2021-09-17,広島,DeNA,,,,,1
2021-09-18,巨人,ヤクルト,6,6,,,0
2021-09-18,阪神,中日,1,0,髙橋敗：大野雄,大野雄,0
2021-09-18,広島,DeNA,2,4,砂田敗：塹江,塹江,0
2021-09-18,日本ハム,ロッテ,1,0,バーヘイゲン敗：岩下,岩下,0
2021-09-18,楽天,ソフトバンク,,,,,1
2021-09-18,オリックス,西武,4,0,山本敗：今井,今井,0
2021-09-19,ヤクルト,広島,5,1,原敗：高橋昂,高橋昂,0
2021-09-19,DeNA,中日,9,1,今永敗：ロドリゲス,ロドリゲス,0
2021-09-19,阪神,巨人,1,8,菅野敗：ガンケル,ガンケル,0
2021-09-19,日本ハム,ロッテ,0,4,小島敗：加藤,加藤,0
2021-09-19,楽天,ソフトバンク,4,2,西口敗：岩嵜,岩嵜,0
2021-09-19,オリックス,西武,4,1,山﨑福敗：水上,水上,0
2021-09-20,ヤクルト,広島,2,2,,,0
2021-09-20,DeNA,中日,6,0,ロメロ敗：小笠原,小笠原,0
2021-09-20,日本ハム,ロッテ,0,1,石川敗：河野,河野,0
2021-09-20,楽天,ソフトバンク,4,5,松本敗：田中将,田中将,0
2021-09-20,オリックス,西武,4,6,髙橋敗：本田,本田,0
2021-09-21,DeNA,ヤクルト,2,5,スアレス敗：坂本,坂本,0
2021-09-21,中日,阪神,2,3,岩崎敗：R.マルティネス,R.マルティネス,0
2021-09-21,広島,巨人,2,0,床田敗：山口,山口,0
2021-09-22,DeNA,ヤクルト,1,2,清水敗：エスコバー,エスコバー,0
2021-09-22,中日,阪神,2,1,松葉敗：青柳,青柳,0
2021-09-22,広島,巨人,0,13,戸郷敗：九里,九里,0
2021-09-22,西武,楽天,2,4,早川敗：浜屋,浜屋,0
2021-09-22,ロッテ,ソフトバンク,1,4,千賀敗：美馬,美馬,0
2021-09-22,オリックス,日本ハム,5,3,山田敗：伊藤,伊藤,0
2021-09-23,DeNA,ヤクルト,2,4,サイスニード敗：石田,石田,0
2021-09-23,中日,阪神,3,3,,,0
2021-09-23,広島,巨人,0,5,髙橋敗：玉村,玉村,0
2021-09-23,西武,楽天,4,3,平良敗：酒居,酒居,0
2021-09-23,ロッテ,ソフトバンク,0,5,マルティネス敗：土肥,土肥,0
2021-09-23,オリックス,日本ハム,2,4,立野敗：田嶋,田嶋,0
2021-09-24,巨人,阪神,6,6,,,0
2021-09-24,ヤクルト,中日,3,0,高梨敗：大野雄,大野雄,0
2021-09-24,DeNA,広島,2,9,大瀬良敗：宮國,宮國,0
2021-09-24,西武,ロッテ,5,4,田村敗：田中,田中,0
2021-09-24,オリックス,楽天,3,4,則本昂敗：宮城,宮城,0
2021-09-24,ソフトバンク,日本ハム,1,4,上沢敗：杉山,杉山,0
2021-09-25,巨人,阪神,0,3,髙橋敗：菅野,菅野,0
2021-09-25,ヤクルト,中日,0,0,,,0
2021-09-25,DeNA,広島,2,3,高橋昂敗：ピープルズ,ピープルズ,0
2021-09-25,西武,ロッテ,1,3,河村敗：平井,平井,0
2021-09-25,オリックス,楽天,3,2,山本敗：岸,岸,0
2021-09-25,ソフトバンク,日本ハム,4,2,石川敗：バーヘイゲン,バーヘイゲン,0
2021-09-26,巨人,阪神,3,4,ガンケル敗：山口,山口,0
2021-09-26,ヤクルト,中日,16,0,石川敗：小笠原,小笠原,0
2021-09-26,DeNA,広島,8,10,菊池保敗：山﨑,山﨑,0
2021-09-26,西武,ロッテ,4,8,小島敗：渡邉,渡邉,0
2021-09-26,オリックス,楽天,1,1,,,0
2021-09-26,ソフトバンク,日本ハム,4,1,松本敗：井口,井口,0
2021-09-28,ヤクルト,DeNA,4,0,奥川敗：東,東,0
2021-09-28,中日,巨人,5,2,柳敗：中川,中川,0
2021-09-28,阪神,広島,0,2,床田敗：秋山,秋山,0
2021-09-28,楽天,日本ハム,1,3,河野敗：早川,早川,0
2021-09-28,ロッテ,オリックス,2,5,山﨑福敗：石川,石川,0
2021-09-28,ソフトバンク,西武,5,2,千賀敗：髙橋,髙橋,0
2021-09-29,ヤクルト,DeNA,5,7,三嶋敗：小川,小川,0
2021-09-29,中日,巨人,5,0,松葉敗：髙橋,髙橋,0
2021-09-29,阪神,広島,2,8,九里敗：青柳,青柳,0
2021-09-29,楽天,日本ハム,5,0,瀧中敗：伊藤,伊藤,0
2021-09-29,ロッテ,オリックス,2,15,山﨑颯敗：美馬,美馬,0
2021-09-29,ソフトバンク,西武,9,0,マルティネス敗：浜屋,浜屋,0
2021-09-30,ヤクルト,DeNA,6,7,エスコバー敗：マクガフ,マクガフ,0
2021-09-30,中日,巨人,1,0,大野雄敗：メルセデス,メルセデス,0
2021-09-30,阪神,広島,4,5,ケムナ敗：岩崎,岩崎,0
2021-09-30,楽天,日本ハム,8,5,弓削敗：金子,金子,0
2021-09-30,ロッテ,オリックス,3,4,田嶋敗：益田,益田,0
2021-09-30,ソフトバンク,西武,7,8,ギャレット敗：森,森,0
2021-10-01,巨人,DeNA,3,2,中川敗：砂田,砂田,0
2021-10-01,阪神,中日,5,2,伊藤将敗：笠原,笠原,0
2021-10-01,広島,ヤクルト,4,5,今野敗：ケムナ,ケムナ,0
2021-10-01,日本ハム,西武,2,4,ギャレット敗：堀,堀,0
2021-10-01,楽天,ロッテ,,,,,1
2021-10-01,オリックス,ソフトバンク,2,1,宮城敗：岩嵜,岩嵜,0
2021-10-02,巨人,DeNA,5,4,高木敗：櫻井,櫻井,0
2021-10-02,阪神,中日,3,0,髙橋敗：ロドリゲス,ロドリゲス,0
2021-10-02,広島,ヤクルト,5,9,高梨敗：高橋昂,高橋昂,0
2021-10-02,日本ハム,西武,2,1,堀敗：今井,今井,0
2021-10-02,楽天,ロッテ,6,1,岸敗：二木,二木,0
2021-10-02,オリックス,ソフトバンク,6,0,山本敗：スチュワート・ジュニア,スチュワート・ジュニア,0
2021-10-03,巨人,DeNA,3,3,,,0
2021-10-03,阪神,中日,1,0,ガンケル敗：小笠原,小笠原,0
2021-10-03,広島,ヤクルト,1,4,今野敗：島内,島内,0
2021-10-03,日本ハム,西武,3,2,杉浦敗：平良,平良,0
2021-10-03,楽天,ロッテ,0,2,小島敗：田中将,田中将,0
2021-10-03,オリックス,ソフトバンク,3,0,竹安敗：千賀,千賀,0
2021-10-05,ヤクルト,巨人,3,2,小川敗：髙橋,髙橋,0
2021-10-05,DeNA,阪神,2,5,青柳敗：坂本,坂本,0
2021-10-05,中日,広島,4,3,R.マルティネス敗：菊池保,菊池保,0
2021-10-05,ロッテ,西武,2,0,石川敗：髙橋,髙橋,0
2021-10-05,オリックス,日本ハム,9,0,山﨑福敗：河野,河野,0
2021-10-05,ソフトバンク,楽天,7,7,,,0
2021-10-06,ヤクルト,巨人,3,0,サイスニード敗：メルセデス,メルセデス,0
2021-10-06,DeNA,阪神,0,2,西勇敗：大貫,大貫,0
2021-10-06,中日,広島,3,7,九里敗：松葉,松葉,0
2021-10-06,ロッテ,西武,4,2,河村敗：本田,本田,0
2021-10-06,オリックス,日本ハム,2,3,上沢敗：海田,海田,0
2021-10-06,ソフトバンク,楽天,0,5,瀧中敗：マルティネス,マルティネス,0
2021-10-07,ヤクルト,巨人,1,0,マクガフ敗：ビエイラ,ビエイラ,0
2021-10-07,DeNA,阪神,4,3,ロメロ敗：及川,及川,0
2021-10-07,中日,広島,2,5,玉村敗：大野雄,大野雄,0
2021-10-07,ロッテ,楽天,2,3,宋家豪敗：益田,益田,0
2021-10-07,西武,ソフトバンク,7,0,松本敗：杉山,杉山,0
2021-10-07,オリックス,日本ハム,4,3,K-鈴木敗：伊藤,伊藤,0
2021-10-08,ヤクルト,阪神,4,1,奥川敗：髙橋,髙橋,0
2021-10-08,DeNA,中日,9,3,上茶谷敗：笠原,笠原,0
2021-10-08,広島,巨人,6,2,大瀬良敗：山口,山口,0
2021-10-08,日本ハム,ロッテ,9,0,立野敗：岩下,岩下,0
2021-10-08,西武,ソフトバンク,6,2,ギャレット敗：古谷,古谷,0
2021-10-09,ヤクルト,阪神,1,2,アルカンタラ敗：今野,今野,0
2021-10-09,DeNA,中日,2,4,又吉敗：伊勢,伊勢,0
2021-10-09,広島,巨人,7,1,高橋昂敗：戸郷,戸郷,0
2021-10-09,日本ハム,ロッテ,4,2,バーヘイゲン敗：本前,本前,0
2021-10-09,西武,楽天,1,2,西口敗：平良,平良,0
2021-10-09,ソフトバンク,オリックス,2,6,山本敗：笠谷,笠谷,0
2021-10-10,ヤクルト,阪神,6,4,田口敗：アルカンタラ,アルカンタラ,0
2021-10-10,DeNA,中日,2,1,三嶋敗：R.マルティネス,R.マルティネス,0
2021-10-10,広島,巨人,3,1,森下敗：髙橋,髙橋,0
2021-10-10,日本ハム,ロッテ,4,4,,,0
2021-10-10,西武,楽天,3,2,平良敗：西口,西口,0
2021-10-10,ソフトバンク,オリックス,3,1,千賀敗：竹安,竹安,0
2021-10-12,巨人,阪神,1,2,青柳敗：メルセデス,メルセデス,0
2021-10-12,中日,ヤクルト,3,2,柳敗：清水,清水,0
2021-10-12,広島,DeNA,3,0,九里敗：東,東,0
2021-10-12,日本ハム,ソフトバンク,0,5,東浜敗：河野,河野,0
2021-10-12,オリックス,ロッテ,2,2,,,0
2021-10-13,巨人,阪神,2,2,,,0
2021-10-13,中日,ヤクルト,1,3,サイスニード敗：松葉,松葉,0
2021-10-13,広島,DeNA,3,9,ピープルズ敗：床田,床田,0
2021-10-13,日本ハム,西武,10,2,アーリン敗：髙橋,髙橋,0
2021-10-13,楽天,ソフトバンク,2,1,宋家豪敗：森,森,0
2021-10-13,オリックス,ロッテ,2,8,石川敗：山﨑福,山﨑福,0
2021-10-14,巨人,阪神,0,3,岩崎敗：ビエイラ,ビエイラ,0
2021-10-14,中日,ヤクルト,1,1,,,0
2021-10-14,広島,DeNA,5,3,大瀬良敗：ロメロ,ロメロ,0
2021-10-14,日本ハム,西武,0,3,松本敗：伊藤,伊藤,0
2021-10-14,楽天,ソフトバンク,5,6,古谷敗：安樂,安樂,0
2021-10-14,オリックス,ロッテ,1,6,佐々木朗敗：宮城,宮城,0
2021-10-15,ヤクルト,巨人,8,7,大下敗：高梨,高梨,0
2021-10-15,日本ハム,オリックス,0,3,山﨑颯敗：立野,立野,0
2021-10-15,楽天,西武,1,5,今井敗：瀧中,瀧中,0
2021-10-15,ロッテ,ソフトバンク,3,1,益田敗：森,森,0
2021-10-16,巨人,広島,7,8,森下敗：髙橋,髙橋,0
2021-10-16,ヤクルト,中日,3,5,ロドリゲス敗：石川,石川,0
2021-10-16,日本ハム,オリックス,1,1,,,0
2021-10-16,楽天,西武,3,0,岸敗：浜屋,浜屋,0
2021-10-16,ロッテ,ソフトバンク,4,10,杉山敗：二木,二木,0
2021-10-17,DeNA,ヤクルト,3,7,金久保敗：京山,京山,0
2021-10-17,阪神,広島,2,4,玉村敗：秋山,秋山,0
2021-10-17,日本ハム,オリックス,4,3,上沢敗：竹安,竹安,0
2021-10-17,楽天,西武,5,6,渡邉敗：田中将,田中将,0
2021-10-17,ロッテ,ソフトバンク,,,,,1
2021-10-18,阪神,広島,2,1,伊藤将敗：九里,九里,0
2021-10-18,西武,ロッテ,1,2,美馬敗：森脇,森脇,0
2021-10-18,楽天,日本ハム,0,5,加藤敗：弓削,弓削,0
2021-10-19,DeNA,巨人,4,4,,,0
2021-10-19,阪神,ヤクルト,11,0,青柳敗：奥川,奥川,0
2021-10-19,西武,日本ハム,2,6,生田目敗：髙橋,髙橋,0
2021-10-19,オリックス,楽天,6,3,田嶋敗：早川,早川,0
2021-10-19,ソフトバンク,ロッテ,6,0,千賀敗：小島,小島,0
2021-10-20,DeNA,巨人,2,3,畠敗：大貫,大貫,0
2021-10-20,阪神,ヤクルト,0,0,,,0
2021-10-20,西武,日本ハム,7,5,松本敗：アーリン,アーリン,0
2021-10-20,オリックス,楽天,2,5,則本昂敗：富山,富山,0
2021-10-21,ヤクルト,広島,7,11,コルニエル敗：田口,田口,0
2021-10-21,阪神,中日,6,1,髙橋敗：柳,柳,0
2021-10-21,オリックス,西武,3,2,宮城敗：今井,今井,0
2021-10-21,ソフトバンク,日本ハム,2,2,,,0
2021-10-22,ヤクルト,広島,,,,,1
2021-10-22,DeNA,中日,4,2,ロメロ敗：勝野,勝野,0
2021-10-23,巨人,ヤクルト,11,1,菅野敗：石川,石川,0
2021-10-23,DeNA,中日,5,0,東敗：清水,清水,0
2021-10-23,広島,阪神,1,1,,,0
2021-10-23,楽天,ソフトバンク,8,1,瀧中敗：東浜,東浜,0
2021-10-23,ロッテ,日本ハム,4,3,益田敗：杉浦,杉浦,0
2021-10-24,ヤクルト,巨人,6,4,原敗：戸郷,戸郷,0
2021-10-24,広島,阪神,2,7,伊藤将敗：九里,九里,0
2021-10-24,楽天,ソフトバンク,2,6,笠谷敗：岸,岸,0
2021-10-24,ロッテ,日本ハム,3,2,石川敗：立野,立野,0
2021-10-25,楽天,オリックス,0,4,山本敗：田中将,田中将,0
2021-10-25,ロッテ,ソフトバンク,7,15,千賀敗：美馬,美馬,0
2021-10-26,DeNA,ヤクルト,1,5,高橋敗：今永,今永,0
2021-10-26,阪神,中日,0,4,小笠原敗：青柳,青柳,0
2021-10-26,日本ハム,西武,1,0,杉浦敗：武隈,武隈,0
2021-10-27,楽天,ロッテ,2,1,酒居敗：佐々木千,佐々木千,0
2021-10-28,広島,DeNA,7,0,大瀬良敗：京山,京山,0
2021-10-29,広島,ヤクルト,4,1,九里敗：小川,小川,0
2021-10-29,ロッテ,日本ハム,0,5,加藤敗：河村,河村,0
2021-10-30,ロッテ,日本ハム,3,5,伊藤敗：小野,小野,0
2021-11-01,ヤクルト,広島,7,9,塹江敗：吉田大喜,吉田大喜,0
2022-03-25,巨人,中日,4,2,菅野敗：大野雄,大野雄,0
2022-03-25,DeNA,広島,3,11,大瀬良敗：東,東,0
2022-03-25,阪神,ヤクルト,8,10,梅野敗：ケラー,ケラー,0
2022-03-25,楽天,ロッテ,0,4,石川敗：則本,則本,0
2022-03-25,西武,オリックス,0,6,山本敗：髙橋光成,髙橋光成,0
2022-03-25,ソフトバンク,日本ハム,4,1,津森敗：杉浦,杉浦,0
2022-03-26,巨人,中日,7,5,畠敗：福,福,0
2022-03-26,DeNA,広島,5,10,森下敗：大貫,大貫,0
2022-03-26,阪神,ヤクルト,0,6,高橋敗：小川,小川,0
2022-03-26,楽天,ロッテ,,,,,1
2022-03-26,西武,オリックス,5,0,隅田敗：宮城,宮城,0
2022-03-26,ソフトバンク,日本ハム,6,3,東浜敗：河野,河野,0
2022-03-27,巨人,中日,5,7,清水敗：直江,直江,0
2022-03-27,DeNA,広島,6,7,中﨑敗：山﨑,山﨑,0
2022-03-27,阪神,ヤクルト,0,4,高梨敗：桐敷,桐敷,0
2022-03-27,楽天,ロッテ,6,5,松井裕敗：鈴木,鈴木,0
2022-03-27,西武,オリックス,7,6,平井敗：村西,村西,0
2022-03-27,ソフトバンク,日本ハム,6,4,藤井敗：池田,池田,0
2022-03-29,ヤクルト,巨人,3,5,戸郷敗：坂本,坂本,0
2022-03-29,中日,DeNA,0,4,ロメロ敗：小笠原,小笠原,0
2022-03-29,広島,阪神,3,2,矢崎敗：ケラー,ケラー,0
2022-03-29,日本ハム,西武,0,4,佐藤敗：上沢,上沢,0
2022-03-29,ロッテ,ソフトバンク,1,2,又吉敗：西野,西野,0
2022-03-29,オリックス,楽天,1,2,田中将敗：黒木,黒木,0
2022-03-30,ヤクルト,巨人,1,3,メルセデス敗：石川,石川,0
2022-03-30,中日,DeNA,6,7,石田敗：髙橋宏,髙橋宏,0
2022-03-30,広島,阪神,8,3,床田敗：伊藤将,伊藤将,0
2022-03-30,日本ハム,西武,3,5,松本敗：加藤,加藤,0
2022-03-30,ロッテ,ソフトバンク,3,4,藤井敗：鈴木,鈴木,0
2022-03-30,オリックス,楽天,1,6,早川敗：バルガス,バルガス,0
2022-03-31,ヤクルト,巨人,3,6,堀田敗：原,原,0
2022-03-31,中日,DeNA,0,1,濵口敗：R.マルティネス,R.マルティネス,0
2022-03-31,広島,阪神,3,2,塹江敗：秋山,秋山,0
2022-03-31,日本ハム,西武,6,2,立野敗：與座,與座,0
2022-03-31,ロッテ,ソフトバンク,1,3,大関敗：美馬,美馬,0
2022-03-31,オリックス,楽天,0,1,西口敗：平野佳,平野佳,0
2022-04-01,巨人,阪神,6,5,菅野敗：藤浪,藤浪,0
2022-04-01,ヤクルト,DeNA,1,6,上茶谷敗：小川,小川,0
2022-04-01,中日,広島,3,2,大野雄敗：大瀬良,大瀬良,0
2022-04-01,楽天,ソフトバンク,0,1,千賀敗：涌井,涌井,0
2022-04-01,ロッテ,西武,2,1,ゲレーロ敗：平井,平井,0
2022-04-01,オリックス,日本ハム,2,0,山岡敗：根本,根本,0
2022-04-02,巨人,阪神,5,4,戸田敗：小川,小川,0
2022-04-02,ヤクルト,DeNA,3,2,梅野敗：ピープルズ,ピープルズ,0
2022-04-02,中日,広島,4,3,森敗：栗林,栗林,0
2022-04-02,楽天,ソフトバンク,,,,,1
2022-04-02,ロッテ,西武,8,1,二木敗：隅田,隅田,0
2022-04-02,オリックス,日本ハム,7,0,山本敗：伊藤,伊藤,0
2022-04-03,巨人,阪神,9,5,赤星敗：ガンケル,ガンケル,0
2022-04-03,ヤクルト,DeNA,,,,,1
2022-04-03,中日,広島,1,0,柳敗：遠藤,遠藤,0
2022-04-03,ロッテ,西武,4,2,佐々木朗敗：渡邉,渡邉,0
2022-04-03,オリックス,日本ハム,4,2,ビドル敗：宮西,宮西,0
2022-04-05,ヤクルト,中日,6,7,清水敗：清水,清水,0
2022-04-05,阪神,DeNA,4,0,西勇敗：ロメロ,ロメロ,0
2022-04-05,広島,巨人,3,1,九里敗：戸郷,戸郷,0
2022-04-05,日本ハム,ロッテ,0,2,ロメロ敗：上沢,上沢,0
2022-04-05,楽天,西武,7,3,田中将敗：佐藤,佐藤,0
2022-04-05,ソフトバンク,オリックス,6,3,尾形敗：山﨑颯,山﨑颯,0
2022-04-06,ヤクルト,中日,2,1,高梨敗：福谷,福谷,0
2022-04-06,阪神,DeNA,1,6,伊勢敗：齋藤友,齋藤友,0
2022-04-06,広島,巨人,1,2,メルセデス敗：中﨑,中﨑,0
2022-04-06,日本ハム,ロッテ,3,2,北山敗：ゲレーロ,ゲレーロ,0
2022-04-06,楽天,西武,7,2,岸敗：松本,松本,0
2022-04-06,ソフトバンク,オリックス,1,3,平野佳敗：森,森,0
2022-04-07,ヤクルト,中日,3,11,髙橋宏敗：石川,石川,0
2022-04-07,阪神,DeNA,,,,,1
2022-04-07,広島,巨人,9,2,玉村敗：堀田,堀田,0
2022-04-07,ソフトバンク,オリックス,7,3,レイ敗：山﨑福,山﨑福,0
2022-04-08,巨人,ヤクルト,2,7,原敗：菅野,菅野,0
2022-04-08,DeNA,中日,,,,,1
2022-04-08,阪神,広島,3,3,,,0
2022-04-08,日本ハム,楽天,0,3,早川敗：伊藤,伊藤,0
2022-04-08,西武,ソフトバンク,1,8,千賀敗：髙橋光成,髙橋光成,0
2022-04-08,ロッテ,オリックス,5,0,石川敗：山岡,山岡,0
2022-04-09,巨人,ヤクルト,3,2,大勢敗：梅野,梅野,0
2022-04-09,阪神,広島,1,9,森下敗：秋山,秋山,0
2022-04-09,日本ハム,楽天,5,8,涌井敗：河野,河野,0
2022-04-09,西武,ソフトバンク,0,0,,,0
2022-04-09,ロッテ,オリックス,2,4,山本敗：小島,小島,0
2022-04-10,巨人,ヤクルト,1,2,高橋敗：赤星,赤星,0
2022-04-10,阪神,広島,0,1,遠藤敗：ガンケル,ガンケル,0
2022-04-10,日本ハム,楽天,3,2,北山敗：松井裕,松井裕,0
2022-04-10,西武,ソフトバンク,6,0,エンス敗：大関,大関,0
2022-04-10,ロッテ,オリックス,6,0,佐々木朗敗：宮城,宮城,0
2022-04-12,巨人,DeNA,10,4,戸郷敗：ロメロ,ロメロ,0
2022-04-12,ヤクルト,広島,3,1,清水敗：中﨑,中﨑,0
2022-04-12,中日,阪神,2,1,祖父江敗：湯浅,湯浅,0
2022-04-12,西武,日本ハム,0,3,加藤敗：佐藤,佐藤,0
2022-04-12,ソフトバンク,ロッテ,0,3,西野敗：森,森,0
2022-04-13,巨人,DeNA,4,3,メルセデス敗：東,東,0
2022-04-13,ヤクルト,広島,1,5,床田敗：高梨,高梨,0
2022-04-13,中日,阪神,1,0,清水敗：加治屋,加治屋,0
2022-04-13,西武,日本ハム,4,3,松本敗：立野,立野,0
2022-04-14,中日,阪神,4,1,柳敗：桐敷,桐敷,0
2022-04-14,ソフトバンク,ロッテ,4,0,千賀敗：二木,二木,0
2022-04-15,DeNA,ヤクルト,2,3,金久保敗：坂本,坂本,0
2022-04-15,阪神,巨人,4,1,青柳敗：菅野,菅野,0
2022-04-15,ロッテ,日本ハム,,,,,1
2022-04-15,オリックス,西武,1,6,髙橋光成敗：山﨑福,山﨑福,0
2022-04-16,DeNA,ヤクルト,6,0,上茶谷敗：原,原,0
2022-04-16,阪神,巨人,2,1,ウィルカーソン敗：シューメーカー,シューメーカー,0
2022-04-16,広島,中日,3,2,大瀬良敗：岡野,岡野,0
2022-04-16,ロッテ,日本ハム,4,11,伊藤敗：石川,石川,0
2022-04-16,オリックス,西武,3,0,山岡敗：隅田,隅田,0
2022-04-16,ソフトバンク,楽天,5,6,安樂敗：森,森,0
2022-04-17,DeNA,ヤクルト,4,5,石山敗：クリスキー,クリスキー,0
2022-04-17,阪神,巨人,1,3,赤星敗：ガンケル,ガンケル,0
2022-04-17,広島,中日,4,10,福谷敗：森下,森下,0
2022-04-17,ロッテ,日本ハム,0,1,北山敗：西野,西野,0
2022-04-17,オリックス,西武,4,3,山田敗：エンス,エンス,0
2022-04-17,ソフトバンク,楽天,4,14,瀧中敗：東浜,東浜,0
2022-04-19,巨人,広島,3,1,戸郷敗：九里,九里,0
2022-04-19,DeNA,阪神,5,4,田中健敗：西勇,西勇,0
2022-04-19,中日,ヤクルト,4,12,サイスニード敗：大野雄,大野雄,0
2022-04-19,楽天,日本ハム,0,2,加藤敗：田中将,田中将,0
2022-04-19,西武,ロッテ,4,0,スミス敗：小島,小島,0
2022-04-19,オリックス,ソフトバンク,0,3,石川敗：山本,山本,0
2022-04-20,巨人,広島,5,3,髙橋敗：島内,島内,0
2022-04-20,DeNA,阪神,1,0,三嶋敗：浜地,浜地,0
2022-04-20,中日,ヤクルト,4,1,髙橋宏敗：小川,小川,0
2022-04-20,楽天,日本ハム,4,2,岸敗：ポンセ,ポンセ,0
2022-04-20,西武,ロッテ,3,0,水上敗：美馬,美馬,0
2022-04-20,オリックス,ソフトバンク,3,2,宮城敗：和田,和田,0
2022-04-21,巨人,広島,8,4,平内敗：遠藤,遠藤,0
2022-04-21,DeNA,阪神,7,5,池谷敗：馬場,馬場,0
2022-04-21,楽天,日本ハム,8,5,石橋敗：立野,立野,0
2022-04-21,オリックス,ソフトバンク,3,2,ビドル敗：モイネロ,モイネロ,0
2022-04-22,ヤクルト,阪神,0,6,青柳敗：高梨,高梨,0
2022-04-22,中日,巨人,2,7,菅野敗：柳,柳,0
2022-04-22,広島,DeNA,6,1,大瀬良敗：ピープルズ,ピープルズ,0
2022-04-22,日本ハム,ソフトバンク,12,5,伊藤敗：レイ,レイ,0
2022-04-22,西武,楽天,3,0,髙橋光成敗：早川,早川,0
2022-04-22,オリックス,ロッテ,0,4,ロメロ敗：山﨑福,山﨑福,0
2022-04-23,ヤクルト,阪神,1,0,石川敗：ウィルカーソン,ウィルカーソン,0
2022-04-23,中日,巨人,0,3,シューメーカー敗：松葉,松葉,0
2022-04-23,広島,DeNA,6,0,森下敗：上茶谷,上茶谷,0
2022-04-23,日本ハム,ソフトバンク,3,9,大関敗：上沢,上沢,0
2022-04-23,西武,楽天,3,7,涌井敗：隅田,隅田,0
2022-04-23,オリックス,ロッテ,3,2,村西敗：小沼,小沼,0
2022-04-24,ヤクルト,阪神,3,11,ガンケル敗：金久保,金久保,0
2022-04-24,中日,巨人,7,6,山本敗：髙橋,髙橋,0
2022-04-24,広島,DeNA,5,4,塹江敗：三嶋,三嶋,0
2022-04-24,日本ハム,ソフトバンク,4,11,東浜敗：杉浦,杉浦,0
2022-04-24,西武,楽天,6,3,平井敗：瀧中,瀧中,0
2022-04-24,オリックス,ロッテ,3,6,佐々木朗敗：山﨑颯,山﨑颯,0
2022-04-26,DeNA,巨人,6,4,ロメロ敗：戸郷,戸郷,0
2022-04-26,阪神,中日,,,,,1
2022-04-26,広島,ヤクルト,,,,,1
2022-04-26,日本ハム,オリックス,2,3,比嘉敗：北山,北山,0
2022-04-26,ロッテ,楽天,2,3,安樂敗：東條,東條,0
2022-04-26,ソフトバンク,西武,3,0,石川敗：佐藤,佐藤,0
2022-04-27,DeNA,巨人,2,8,メルセデス敗：坂本,坂本,0
2022-04-27,阪神,中日,3,1,西勇敗：勝野,勝野,0
2022-04-27,広島,ヤクルト,2,8,原敗：床田,床田,0
2022-04-27,日本ハム,オリックス,2,4,ビドル敗：堀,堀,0
2022-04-27,ロッテ,楽天,3,3,,,0
2022-04-27,ソフトバンク,西武,2,8,松本敗：杉山,杉山,0
2022-04-28,DeNA,巨人,0,7,山﨑伊敗：東,東,0
2022-04-28,阪神,中日,3,2,秋山敗：大野雄,大野雄,0
2022-04-28,広島,ヤクルト,5,9,大西敗：中﨑,中﨑,0
2022-04-28,日本ハム,オリックス,6,2,伊藤敗：田嶋,田嶋,0
2022-04-28,ロッテ,楽天,1,2,藤井敗：美馬,美馬,0
2022-04-28,ソフトバンク,西武,2,4,與座敗：レイ,レイ,0
2022-04-29,巨人,阪神,2,3,青柳敗：菅野,菅野,0
2022-04-29,ヤクルト,DeNA,,,,,1
2022-04-29,中日,広島,0,1,大瀬良敗：髙橋宏,髙橋宏,0
2022-04-29,楽天,ソフトバンク,,,,,1
2022-04-29,ロッテ,日本ハム,,,,,1
2022-04-29,オリックス,西武,1,0,平野佳敗：平良,平良,0
2022-04-30,巨人,阪神,3,10,渡邉敗：今村,今村,0
2022-04-30,ヤクルト,DeNA,2,0,サイスニード敗：上茶谷,上茶谷,0
2022-04-30,中日,広島,4,2,ロドリゲス敗：中﨑,中﨑,0
2022-04-30,楽天,ソフトバンク,7,6,安樂敗：津森,津森,0
2022-04-30,ロッテ,日本ハム,7,3,石川敗：上沢,上沢,0
2022-04-30,オリックス,西武,3,2,近藤敗：平井,平井,0
2022-05-01,巨人,阪神,1,8,西純敗：髙橋,髙橋,0
2022-05-01,ヤクルト,DeNA,,,,,1
2022-05-01,中日,広島,4,0,柳敗：玉村,玉村,0
2022-05-01,楽天,ソフトバンク,2,1,則本敗：大関,大関,0
2022-05-01,ロッテ,日本ハム,3,9,杉浦敗：ロメロ,ロメロ,0
2022-05-01,オリックス,西武,1,2,平良敗：ビドル,ビドル,0
2022-05-03,DeNA,中日,3,7,小笠原敗：ロメロ,ロメロ,0
2022-05-03,阪神,ヤクルト,0,3,小川敗：西勇,西勇,0
2022-05-03,広島,巨人,12,3,床田敗：赤星,赤星,0
2022-05-03,日本ハム,楽天,1,2,田中将敗：加藤,加藤,0
2022-05-03,西武,ロッテ,4,2,佐藤敗：小島,小島,0
2022-05-03,ソフトバンク,オリックス,7,3,藤井敗：山本,山本,0
2022-05-04,DeNA,中日,7,1,大貫敗：岡田,岡田,0
2022-05-04,阪神,ヤクルト,0,3,石川敗：秋山,秋山,0
2022-05-04,広島,巨人,3,6,戸郷敗：塹江,塹江,0
2022-05-04,日本ハム,楽天,1,5,涌井敗：金子千尋,金子千尋,0
2022-05-04,西武,ロッテ,5,7,河村敗：松本,松本,0
2022-05-04,ソフトバンク,オリックス,2,1,東浜敗：近藤,近藤,0
2022-05-05,DeNA,中日,10,2,入江敗：福谷,福谷,0
2022-05-05,阪神,ヤクルト,3,2,岩崎敗：大西,大西,0
2022-05-05,広島,巨人,3,0,アンダーソン敗：メルセデス,メルセデス,0
2022-05-05,日本ハム,楽天,4,8,岸敗：伊藤,伊藤,0
2022-05-05,西武,ロッテ,7,0,與座敗：美馬,美馬,0
2022-05-05,ソフトバンク,オリックス,9,3,レイ敗：ワゲスパック,ワゲスパック,0
2022-05-06,巨人,ヤクルト,2,13,原敗：堀田,堀田,0
2022-05-06,中日,阪神,1,0,大野雄敗：青柳,青柳,0
2022-05-06,広島,DeNA,3,4,三嶋敗：島内,島内,0
2022-05-06,西武,日本ハム,5,0,髙橋光成敗：生田目,生田目,0
2022-05-06,ロッテ,ソフトバンク,3,5,津森敗：田中靖,田中靖,0
2022-05-06,オリックス,楽天,2,3,ブセニッツ敗：平野佳,平野佳,0
2022-05-07,巨人,ヤクルト,2,6,高橋敗：シューメーカー,シューメーカー,0
2022-05-07,中日,阪神,2,1,松葉敗：ウィルカーソン,ウィルカーソン,0
2022-05-07,広島,DeNA,2,1,ケムナ敗：三嶋,三嶋,0
2022-05-07,西武,日本ハム,2,3,上沢敗：平井,平井,0
2022-05-07,ロッテ,ソフトバンク,0,16,大関敗：石川,石川,0
2022-05-07,オリックス,楽天,1,7,早川敗：山﨑福,山﨑福,0
2022-05-08,巨人,ヤクルト,3,4,木澤敗：大勢,大勢,0
2022-05-08,中日,阪神,3,4,アルカンタラ敗：ロドリゲス,ロドリゲス,0
2022-05-08,広島,DeNA,17,3,遠藤敗：東,東,0
2022-05-08,西武,日本ハム,5,1,エンス敗：杉浦,杉浦,0
2022-05-08,ロッテ,ソフトバンク,4,8,杉山敗：ロメロ,ロメロ,0
2022-05-08,オリックス,楽天,1,2,宋家豪敗：黒木,黒木,0
2022-05-10,ヤクルト,中日,0,1,小笠原敗：小川,小川,0
2022-05-10,DeNA,巨人,3,1,ロメロ敗：山﨑伊,山﨑伊,0
2022-05-10,阪神,広島,0,3,床田敗：西勇,西勇,0
2022-05-10,日本ハム,オリックス,2,4,山岡敗：加藤,加藤,0
2022-05-10,楽天,ロッテ,7,0,田中将敗：小島,小島,0
2022-05-10,ソフトバンク,西武,,,,,1
2022-05-11,ヤクルト,中日,0,2,岡野敗：吉田大喜,吉田大喜,0
2022-05-11,阪神,広島,2,3,九里敗：渡邉,渡邉,0
2022-05-11,日本ハム,オリックス,5,2,金子千尋敗：ワゲスパック,ワゲスパック,0
2022-05-11,楽天,ロッテ,1,3,河村敗：藤井,藤井,0
2022-05-11,ソフトバンク,西武,2,0,東浜敗：隅田,隅田,0
2022-05-12,ヤクルト,中日,3,1,高梨敗：上田,上田,0
2022-05-12,DeNA,巨人,1,4,菅野敗：大貫,大貫,0
2022-05-12,阪神,広島,,,,,1
2022-05-12,楽天,ロッテ,2,5,美馬敗：岸,岸,0
2022-05-13,巨人,中日,5,2,戸郷敗：清水,清水,0
2022-05-13,DeNA,阪神,,,,,1
2022-05-13,広島,ヤクルト,,,,,1
2022-05-13,日本ハム,ソフトバンク,1,0,伊藤敗：千賀,千賀,0
2022-05-13,西武,楽天,4,2,髙橋光成敗：瀧中,瀧中,0
2022-05-13,オリックス,ロッテ,1,4,佐々木朗敗：田嶋,田嶋,0
2022-05-14,巨人,中日,7,6,平内敗：祖父江,祖父江,0
2022-05-14,DeNA,阪神,2,9,青柳敗：上茶谷,上茶谷,0
2022-05-14,広島,ヤクルト,3,5,コール敗：ターリー,ターリー,0
2022-05-14,日本ハム,ソフトバンク,2,0,上沢敗：大関,大関,0
2022-05-14,西武,楽天,5,4,森脇敗：安樂,安樂,0
2022-05-14,オリックス,ロッテ,1,0,山本敗：佐藤奨,佐藤奨,0
2022-05-15,巨人,中日,3,9,柳敗：髙橋,髙橋,0
2022-05-15,DeNA,阪神,1,8,ウィルカーソン敗：東,東,0
2022-05-15,広島,ヤクルト,5,5,,,0
2022-05-15,日本ハム,ソフトバンク,10,2,杉浦敗：石川,石川,0
2022-05-15,西武,楽天,1,3,則本敗：エンス,エンス,0
2022-05-15,オリックス,ロッテ,8,5,宮城敗：ロメロ,ロメロ,0
2022-05-17,巨人,広島,3,2,畠敗：遠藤,遠藤,0
2022-05-17,ヤクルト,阪神,2,1,大西敗：岩崎,岩崎,0
2022-05-17,中日,DeNA,0,4,今永敗：小笠原,小笠原,0
2022-05-17,西武,ソフトバンク,1,5,津森敗：平良,平良,0
2022-05-17,ロッテ,楽天,6,3,佐々木千敗：田中将,田中将,0
2022-05-17,オリックス,日本ハム,3,0,本田敗：加藤,加藤,0
2022-05-18,巨人,広島,4,2,山﨑伊敗：床田,床田,0
2022-05-18,ヤクルト,阪神,1,8,西純敗：高橋,高橋,0
2022-05-18,中日,DeNA,6,7,田中健敗：祖父江,祖父江,0
2022-05-18,西武,ソフトバンク,2,3,藤井敗：水上,水上,0
2022-05-18,ロッテ,楽天,1,0,東條敗：酒居,酒居,0
2022-05-18,オリックス,日本ハム,4,11,吉田敗：ワゲスパック,ワゲスパック,0
2022-05-19,巨人,広島,2,1,菅野敗：九里,九里,0
2022-05-19,ヤクルト,阪神,3,0,小川敗：ガンケル,ガンケル,0
2022-05-19,ロッテ,楽天,2,7,岸敗：佐々木千,佐々木千,0
2022-05-20,DeNA,ヤクルト,3,1,大貫敗：高梨,高梨,0
2022-05-20,阪神,巨人,2,6,平内敗：アルカンタラ,アルカンタラ,0
2022-05-20,広島,中日,11,5,大瀬良敗：大野雄,大野雄,0
2022-05-20,日本ハム,西武,5,3,伊藤敗：髙橋光成,髙橋光成,0
2022-05-20,楽天,オリックス,0,1,田嶋敗：瀧中,瀧中,0
2022-05-20,ソフトバンク,ロッテ,1,8,佐々木朗敗：千賀,千賀,0
2022-05-21,DeNA,ヤクルト,2,9,原敗：上茶谷,上茶谷,0
2022-05-21,阪神,巨人,2,1,ウィルカーソン敗：シューメーカー,シューメーカー,0
2022-05-21,広島,中日,10,1,森下敗：岡野,岡野,0
2022-05-21,日本ハム,西武,4,0,上沢敗：内海,内海,0
2022-05-21,楽天,オリックス,0,6,山本敗：早川,早川,0
2022-05-21,ソフトバンク,ロッテ,2,4,東條敗：又吉,又吉,0
2022-05-22,DeNA,ヤクルト,3,5,木澤敗：有吉,有吉,0
2022-05-22,阪神,巨人,4,0,伊藤将敗：髙橋,髙橋,0
2022-05-22,広島,中日,1,0,アンダーソン敗：柳,柳,0
2022-05-22,日本ハム,西武,0,3,エンス敗：金子千尋,金子千尋,0
2022-05-22,楽天,オリックス,1,6,宮城敗：則本,則本,0
2022-05-22,ソフトバンク,ロッテ,3,2,和田敗：ロメロ,ロメロ,0
2022-05-24,巨人,オリックス,4,2,高梨敗：ビドル,ビドル,0
2022-05-24,ヤクルト,日本ハム,3,1,清水敗：北山,北山,0
2022-05-24,DeNA,ソフトバンク,4,3,エスコバー敗：又吉,又吉,0
2022-05-24,中日,西武,5,8,本田敗：小笠原,小笠原,0
2022-05-24,阪神,楽天,1,0,西勇敗：田中将,田中将,0
2022-05-24,広島,ロッテ,0,7,石川敗：床田,床田,0
2022-05-25,巨人,オリックス,5,3,鍬原敗：ビドル,ビドル,0
2022-05-25,ヤクルト,日本ハム,7,6,大西敗：北山,北山,0
2022-05-25,DeNA,ソフトバンク,2,8,松本敗：ロメロ,ロメロ,0
2022-05-25,中日,西武,1,2,與座敗：髙橋宏,髙橋宏,0
2022-05-25,阪神,楽天,1,6,辛島敗：西純,西純,0
2022-05-25,広島,ロッテ,5,2,遠藤敗：小島,小島,0
2022-05-26,巨人,オリックス,2,3,山﨑福敗：菅野,菅野,0
2022-05-26,ヤクルト,日本ハム,6,9,石川直敗：木澤,木澤,0
2022-05-26,DeNA,ソフトバンク,5,1,濵口敗：杉山,杉山,0
2022-05-26,中日,西武,6,3,松葉敗：隅田,隅田,0
2022-05-26,阪神,楽天,0,1,宋家豪敗：岩崎,岩崎,0
2022-05-26,広島,ロッテ,3,6,小沼敗：九里,九里,0
2022-05-27,日本ハム,巨人,3,2,上沢敗：戸郷,戸郷,0
2022-05-27,楽天,ヤクルト,1,8,高橋敗：瀧中,瀧中,0
2022-05-27,西武,DeNA,0,1,大貫敗：髙橋光成,髙橋光成,0
2022-05-27,ロッテ,阪神,0,1,ウィルカーソン敗：益田,益田,0
2022-05-27,オリックス,中日,1,4,大野雄敗：田嶋,田嶋,0
2022-05-27,ソフトバンク,広島,7,0,レイ敗：大瀬良,大瀬良,0
2022-05-28,日本ハム,巨人,4,8,シューメーカー敗：杉浦,杉浦,0
2022-05-28,楽天,ヤクルト,4,11,木澤敗：早川,早川,0
2022-05-28,西武,DeNA,10,5,平井敗：上茶谷,上茶谷,0
2022-05-28,ロッテ,阪神,2,6,青柳敗：佐藤奨,佐藤奨,0
2022-05-28,オリックス,中日,1,4,ロドリゲス敗：山本,山本,0
2022-05-28,ソフトバンク,広島,11,1,大関敗：森下,森下,0
2022-05-29,日本ハム,巨人,7,2,根本敗：横川,横川,0
2022-05-29,楽天,ヤクルト,3,1,則本敗：石川,石川,0
2022-05-29,西武,DeNA,3,2,増田敗：平田,平田,0
2022-05-29,ロッテ,阪神,3,2,ロメロ敗：伊藤将,伊藤将,0
2022-05-29,オリックス,中日,8,0,宮城敗：柳,柳,0
2022-05-29,ソフトバンク,広島,8,0,松本敗：アンダーソン,アンダーソン,0
2022-05-31,巨人,ソフトバンク,1,3,津森敗：平内,平内,0
2022-05-31,ヤクルト,ロッテ,1,0,サイスニード敗：石川,石川,0
2022-05-31,DeNA,オリックス,4,1,今永敗：山岡,山岡,0
2022-05-31,中日,楽天,2,0,小笠原敗：田中将,田中将,0
2022-05-31,阪神,西武,0,2,佐藤敗：西勇,西勇,0
2022-05-31,広島,日本ハム,1,0,床田敗：宮西,宮西,0
2022-06-01,巨人,ソフトバンク,3,6,東浜敗：赤星,赤星,0
2022-06-01,ヤクルト,ロッテ,3,4,美馬敗：原,原,0
2022-06-01,DeNA,オリックス,1,5,ワゲスパック敗：ロメロ,ロメロ,0
2022-06-01,中日,楽天,0,2,辛島敗：上田,上田,0
2022-06-01,阪神,西武,5,4,西純敗：與座,與座,0
2022-06-01,広島,日本ハム,1,5,上原敗：遠藤,遠藤,0
2022-06-02,巨人,ソフトバンク,3,0,菅野敗：レイ,レイ,0
2022-06-02,ヤクルト,ロッテ,7,3,石山敗：ゲレーロ,ゲレーロ,0
2022-06-02,DeNA,オリックス,1,3,山﨑福敗：濵口,濵口,0
2022-06-02,中日,楽天,3,2,松葉敗：岸,岸,0
2022-06-02,阪神,西武,6,1,ガンケル敗：隅田,隅田,0
2022-06-02,広島,日本ハム,6,3,九里敗：伊藤,伊藤,0
2022-06-03,巨人,ロッテ,10,3,戸郷敗：佐々木朗,佐々木朗,0
2022-06-03,ヤクルト,西武,1,0,小川敗：髙橋光成,髙橋光成,0
2022-06-03,DeNA,楽天,7,0,大貫敗：瀧中,瀧中,0
2022-06-03,中日,ソフトバンク,0,6,千賀敗：大野雄,大野雄,0
2022-06-03,阪神,日本ハム,9,7,渡邉敗：堀,堀,0
2022-06-03,広島,オリックス,1,4,田嶋敗：大瀬良,大瀬良,0
2022-06-04,巨人,ロッテ,2,1,メルセデス敗：佐藤奨,佐藤奨,0
2022-06-04,ヤクルト,西武,3,2,コール敗：本田,本田,0
2022-06-04,DeNA,楽天,6,1,クリスキー敗：宋家豪,宋家豪,0
2022-06-04,中日,ソフトバンク,4,2,祖父江敗：津森,津森,0
2022-06-04,阪神,日本ハム,3,0,青柳敗：杉浦,杉浦,0
2022-06-04,広島,オリックス,2,3,山本敗：森下,森下,0
2022-06-05,巨人,ロッテ,4,10,本前敗：山﨑伊,山﨑伊,0
2022-06-05,ヤクルト,西武,5,3,高梨敗：エンス,エンス,0
2022-06-05,DeNA,楽天,5,6,安樂敗：山﨑,山﨑,0
2022-06-05,中日,ソフトバンク,7,3,柳敗：杉山,杉山,0
2022-06-05,阪神,日本ハム,8,3,伊藤将敗：吉田,吉田,0
2022-06-05,広島,オリックス,2,5,宮城敗：塹江,塹江,0
2022-06-07,日本ハム,DeNA,0,2,今永敗：石川直,石川直,0
2022-06-07,楽天,広島,1,3,床田敗：田中将,田中将,0
2022-06-07,西武,巨人,9,4,宮川敗：菊地,菊地,0
2022-06-07,ロッテ,中日,6,2,石川敗：小笠原,小笠原,0
2022-06-07,オリックス,ヤクルト,6,1,山岡敗：サイスニード,サイスニード,0
2022-06-07,ソフトバンク,阪神,0,2,西勇敗：石川,石川,0
2022-06-08,日本ハム,DeNA,5,3,上原敗：上茶谷,上茶谷,0
2022-06-08,楽天,広島,1,0,宋家豪敗：松本,松本,0
2022-06-08,西武,巨人,3,0,與座敗：シューメーカー,シューメーカー,0
2022-06-08,ロッテ,中日,9,6,美馬敗：鈴木,鈴木,0
2022-06-08,オリックス,ヤクルト,3,6,今野敗：本田,本田,0
2022-06-08,ソフトバンク,阪神,1,0,東浜敗：西純,西純,0
2022-06-09,日本ハム,DeNA,2,4,エスコバー敗：玉井,玉井,0
2022-06-09,楽天,広島,4,1,岸敗：九里,九里,0
2022-06-09,西武,巨人,3,4,赤星敗：隅田,隅田,0
2022-06-09,ロッテ,中日,2,0,ロメロ敗：松葉,松葉,0
2022-06-09,オリックス,ヤクルト,1,2,石川敗：増井,増井,0
2022-06-09,ソフトバンク,阪神,4,0,レイ敗：ウィルカーソン,ウィルカーソン,0
2022-06-10,日本ハム,中日,2,1,石川直敗：ロドリゲス,ロドリゲス,0
2022-06-10,楽天,巨人,1,4,戸郷敗：藤井,藤井,0
2022-06-10,西武,広島,3,6,野村敗：髙橋光成,髙橋光成,0
2022-06-10,ロッテ,DeNA,2,1,小島敗：大貫,大貫,0
2022-06-10,オリックス,阪神,1,6,青柳敗：山﨑福,山﨑福,0
2022-06-10,ソフトバンク,ヤクルト,1,3,小川敗：千賀,千賀,0
2022-06-11,日本ハム,中日,10,0,杉浦敗：岡田,岡田,0
2022-06-11,楽天,巨人,8,1,早川敗：メルセデス,メルセデス,0
2022-06-11,西武,広島,2,1,本田敗：森下,森下,0
2022-06-11,ロッテ,DeNA,1,2,田中健敗：東條,東條,0
2022-06-11,オリックス,阪神,2,3,岩貞敗：本田,本田,0
2022-06-11,ソフトバンク,ヤクルト,4,7,梅野敗：津森,津森,0
2022-06-12,日本ハム,中日,2,0,加藤敗：柳,柳,0
2022-06-12,楽天,巨人,9,2,則本敗：山﨑伊,山﨑伊,0
2022-06-12,西武,広島,11,0,エンス敗：アンダーソン,アンダーソン,0
2022-06-12,ロッテ,DeNA,5,4,佐藤奨敗：石田,石田,0
2022-06-12,オリックス,阪神,1,9,ガンケル敗：宮城,宮城,0
2022-06-12,ソフトバンク,ヤクルト,0,3,高橋敗：又吉,又吉,0
2022-06-17,ヤクルト,広島,7,2,サイスニード敗：大瀬良,大瀬良,0
2022-06-17,中日,巨人,2,0,大野雄敗：今村,今村,0
2022-06-17,阪神,DeNA,7,5,青柳敗：今永,今永,0
2022-06-17,日本ハム,ロッテ,4,7,本前敗：北山,北山,0
2022-06-17,西武,オリックス,4,2,髙橋光成敗：山岡,山岡,0
2022-06-17,ソフトバンク,楽天,9,4,千賀敗：田中将,田中将,0
2022-06-18,ヤクルト,広島,10,6,木澤敗：森下,森下,0
2022-06-18,中日,巨人,4,3,R.マルティネス敗：ビエイラ,ビエイラ,0
2022-06-18,阪神,DeNA,4,1,伊藤将敗：濵口,濵口,0
2022-06-18,日本ハム,ロッテ,1,3,ロメロ敗：伊藤,伊藤,0
2022-06-18,西武,オリックス,0,2,山本敗：平井,平井,0
2022-06-18,ソフトバンク,楽天,3,1,又吉敗：松井裕,松井裕,0
2022-06-19,ヤクルト,広島,8,3,石川敗：九里,九里,0
2022-06-19,中日,巨人,3,5,シューメーカー敗：柳,柳,0
2022-06-19,阪神,DeNA,4,7,エスコバー敗：湯浅,湯浅,0
2022-06-19,日本ハム,ロッテ,2,4,美馬敗：上原,上原,0
2022-06-19,西武,オリックス,3,2,佐々木敗：山﨑福,山﨑福,0
2022-06-19,ソフトバンク,楽天,4,1,和田敗：早川,早川,0
2022-06-21,巨人,DeNA,1,3,エスコバー敗：ビエイラ,ビエイラ,0
2022-06-21,中日,ヤクルト,2,1,ロドリゲス敗：今野,今野,0
2022-06-21,広島,阪神,5,3,床田敗：西勇,西勇,0
2022-06-21,楽天,日本ハム,3,0,則本敗：吉田,吉田,0
2022-06-21,ロッテ,西武,0,3,松本敗：小島,小島,0
2022-06-21,オリックス,ソフトバンク,4,3,宮城敗：石川,石川,0
2022-06-22,巨人,DeNA,5,4,今村敗：伊勢,伊勢,0
2022-06-22,中日,ヤクルト,3,7,原敗：祖父江,祖父江,0
2022-06-22,広島,阪神,5,4,松本敗：アルカンタラ,アルカンタラ,0
2022-06-22,楽天,日本ハム,6,3,西口敗：北山,北山,0
2022-06-22,ロッテ,西武,2,1,佐々木朗敗：エンス,エンス,0
2022-06-22,オリックス,ソフトバンク,5,0,田嶋敗：東浜,東浜,0
2022-06-23,巨人,DeNA,5,7,東敗：赤星,赤星,0
2022-06-23,中日,ヤクルト,0,10,高梨敗：岡野,岡野,0
2022-06-23,広島,阪神,3,3,,,0
2022-06-24,ヤクルト,巨人,16,6,高橋敗：菅野,菅野,0
2022-06-24,DeNA,広島,0,7,大瀬良敗：今永,今永,0
2022-06-24,阪神,中日,6,4,湯浅敗：清水,清水,0
2022-06-24,楽天,西武,3,4,髙橋光成敗：田中将,田中将,0
2022-06-24,ロッテ,オリックス,0,5,山岡敗：本前,本前,0
2022-06-24,ソフトバンク,日本ハム,5,1,千賀敗：上沢,上沢,0
2022-06-25,ヤクルト,巨人,5,19,シューメーカー敗：サイスニード,サイスニード,0
2022-06-25,DeNA,広島,4,5,森下敗：濵口,濵口,0
2022-06-25,阪神,中日,10,0,伊藤将敗：福谷,福谷,0
2022-06-25,楽天,西武,0,2,平井敗：辛島,辛島,0
2022-06-25,ロッテ,オリックス,0,4,山本敗：佐藤奨,佐藤奨,0
2022-06-25,ソフトバンク,日本ハム,3,0,大関敗：伊藤,伊藤,0
2022-06-26,ヤクルト,巨人,11,10,清水敗：平内,平内,0
2022-06-26,DeNA,広島,3,4,ターリー敗：平田,平田,0
2022-06-26,阪神,中日,6,5,渡邉敗：福,福,0
2022-06-26,楽天,西武,0,2,與座敗：早川,早川,0
2022-06-26,ロッテ,オリックス,3,2,オスナ敗：ワゲスパック,ワゲスパック,0
2022-06-26,ソフトバンク,日本ハム,2,3,鈴木敗：津森,津森,0
2022-06-27,ソフトバンク,ロッテ,1,8,ロメロ敗：大竹耕,大竹耕,0
2022-06-28,巨人,中日,6,2,桜井敗：小笠原,小笠原,0
2022-06-28,DeNA,阪神,6,2,大貫敗：西勇,西勇,0
2022-06-28,広島,ヤクルト,3,6,小川敗：床田,床田,0
2022-06-28,西武,日本ハム,5,2,松本敗：上原,上原,0
2022-06-28,オリックス,楽天,2,4,則本敗：宮城,宮城,0
2022-06-29,巨人,中日,2,3,R.マルティネス敗：鍬原,鍬原,0
2022-06-29,DeNA,阪神,4,2,石田敗：ガンケル,ガンケル,0
2022-06-29,広島,ヤクルト,2,9,原敗：遠藤,遠藤,0
2022-06-29,西武,日本ハム,6,2,エンス敗：吉田,吉田,0
2022-06-29,オリックス,楽天,6,1,田嶋敗：岸,岸,0
2022-06-30,DeNA,阪神,6,5,平田敗：岩崎,岩崎,0
2022-06-30,広島,ヤクルト,2,4,清水敗：中﨑,中﨑,0
2022-07-01,ヤクルト,DeNA,4,6,今永敗：高梨,高梨,0
2022-07-01,中日,阪神,3,1,ロドリゲス敗：湯浅,湯浅,0
2022-07-01,広島,巨人,5,3,大瀬良敗：シューメーカー,シューメーカー,0
2022-07-01,日本ハム,オリックス,2,1,上沢敗：山岡,山岡,0
2022-07-01,ロッテ,楽天,6,4,ゲレーロ敗：宋家豪,宋家豪,0
2022-07-02,ヤクルト,DeNA,2,1,清水敗：伊勢,伊勢,0
2022-07-02,中日,阪神,2,5,伊藤将敗：松葉,松葉,0
2022-07-02,広島,巨人,2,0,ケムナ敗：平内,平内,0
2022-07-02,日本ハム,オリックス,5,0,伊藤敗：山本,山本,0
2022-07-02,西武,ソフトバンク,2,3,又吉敗：増田,増田,0
2022-07-02,ロッテ,楽天,3,1,オスナ敗：鈴木翔,鈴木翔,0
2022-07-03,ヤクルト,DeNA,11,4,小澤敗：京山,京山,0
2022-07-03,中日,阪神,0,3,才木敗：柳,柳,0
2022-07-03,広島,巨人,5,7,高梨敗：森浦,森浦,0
2022-07-03,日本ハム,オリックス,3,7,黒木敗：杉浦,杉浦,0
2022-07-03,西武,ソフトバンク,0,3,石川敗：與座,與座,0
2022-07-03,ロッテ,楽天,1,14,早川敗：美馬,美馬,0
2022-07-05,巨人,ヤクルト,4,1,戸郷敗：高橋,高橋,0
2022-07-05,DeNA,中日,,,,,1
2022-07-05,阪神,広島,,,,,1
2022-07-05,楽天,ソフトバンク,2,6,大関敗：則本,則本,0
2022-07-05,ロッテ,日本ハム,2,1,ゲレーロ敗：ロドリゲス,ロドリゲス,0
2022-07-05,オリックス,西武,4,5,本田敗：ビドル,ビドル,0
2022-07-06,巨人,ヤクルト,4,3,鍬原敗：田口,田口,0
2022-07-06,DeNA,中日,3,1,大貫敗：小笠原,小笠原,0
2022-07-06,阪神,広島,3,2,西勇敗：床田,床田,0
2022-07-06,ロッテ,日本ハム,5,4,ロメロ敗：上原,上原,0
2022-07-06,オリックス,西武,4,5,佐々木敗：近藤,近藤,0
2022-07-07,巨人,ヤクルト,3,11,石川敗：シューメーカー,シューメーカー,0
2022-07-07,DeNA,中日,0,0,,,0
2022-07-07,阪神,広島,0,3,アンダーソン敗：桐敷,桐敷,0
2022-07-07,楽天,ソフトバンク,5,2,岸敗：大竹耕,大竹耕,0
2022-07-07,ロッテ,日本ハム,1,7,田中敗：佐藤奨,佐藤奨,0
2022-07-07,オリックス,西武,6,2,椋木敗：今井,今井,0
2022-07-08,巨人,DeNA,3,3,,,0
2022-07-08,ヤクルト,阪神,0,8,青柳敗：高梨,高梨,0
2022-07-08,中日,広島,9,2,松葉敗：大瀬良,大瀬良,0
2022-07-08,楽天,西武,4,8,水上敗：鈴木翔,鈴木翔,0
2022-07-08,オリックス,ロッテ,1,6,二木敗：山岡,山岡,0
2022-07-08,ソフトバンク,日本ハム,2,4,堀敗：津森,津森,0
2022-07-09,巨人,DeNA,0,2,濵口敗：アンドリース,アンドリース,0
2022-07-09,ヤクルト,阪神,,,,,1
2022-07-09,中日,広島,0,7,森下敗：大野雄,大野雄,0
2022-07-09,楽天,西武,3,6,水上敗：鈴木翔,鈴木翔,0
2022-07-09,オリックス,ロッテ,3,1,山本敗：小島,小島,0
2022-07-09,ソフトバンク,日本ハム,2,7,伊藤敗：東浜,東浜,0
2022-07-10,巨人,DeNA,4,8,平田敗：高木,高木,0
2022-07-10,ヤクルト,阪神,,,,,1
2022-07-10,中日,広島,2,1,柳敗：野村,野村,0
2022-07-10,楽天,西武,3,6,與座敗：早川,早川,0
2022-07-10,オリックス,ロッテ,10,1,田嶋敗：美馬,美馬,0
2022-07-10,ソフトバンク,日本ハム,0,2,池田敗：石川,石川,0
2022-07-12,中日,ヤクルト,,,,,1
2022-07-12,阪神,巨人,0,4,戸郷敗：ウィルカーソン,ウィルカーソン,0
2022-07-12,広島,DeNA,4,7,石田敗：九里,九里,0
2022-07-12,西武,ロッテ,2,4,本前敗：松本,松本,0
2022-07-12,ソフトバンク,オリックス,2,4,ワゲスパック敗：大関,大関,0
2022-07-13,中日,ヤクルト,6,3,福敗：木澤,木澤,0
2022-07-13,阪神,巨人,13,0,西勇敗：メルセデス,メルセデス,0
2022-07-13,広島,DeNA,4,1,床田敗：大貫,大貫,0
2022-07-13,日本ハム,楽天,3,2,ポンセ敗：則本,則本,0
2022-07-13,西武,ロッテ,3,0,エンス敗：石川,石川,0
2022-07-13,ソフトバンク,オリックス,4,2,千賀敗：宮城,宮城,0
2022-07-14,中日,ヤクルト,4,1,笠原敗：小川,小川,0
2022-07-14,阪神,巨人,3,0,伊藤将敗：シューメーカー,シューメーカー,0
2022-07-14,広島,DeNA,3,4,京山敗：アンダーソン,アンダーソン,0
2022-07-14,日本ハム,楽天,6,0,加藤敗：岸,岸,0
2022-07-14,西武,ロッテ,2,1,今井敗：二木,二木,0
2022-07-14,ソフトバンク,オリックス,2,3,山﨑福敗：森,森,0
2022-07-15,巨人,広島,3,6,矢崎敗：菊地,菊地,0
2022-07-15,DeNA,ヤクルト,,,,,1
2022-07-15,阪神,中日,2,1,青柳敗：上田,上田,0
2022-07-16,巨人,広島,4,11,森下敗：アンドリース,アンドリース,0
2022-07-16,DeNA,ヤクルト,3,2,伊勢敗：今野,今野,0
2022-07-16,阪神,中日,1,3,藤嶋敗：アルカンタラ,アルカンタラ,0
2022-07-16,日本ハム,西武,1,0,上沢敗：髙橋光成,髙橋光成,0
2022-07-16,楽天,オリックス,7,3,田中将敗：山本,山本,0
2022-07-16,ロッテ,ソフトバンク,,,,,1
2022-07-17,巨人,広島,5,10,九里敗：髙橋,髙橋,0
2022-07-17,DeNA,ヤクルト,10,2,濵口敗：サイスニード,サイスニード,0
2022-07-17,阪神,中日,3,1,ガンケル敗：柳,柳,0
2022-07-17,日本ハム,西武,3,4,平井敗：伊藤,伊藤,0
2022-07-17,楽天,オリックス,3,7,田嶋敗：辛島,辛島,0
2022-07-17,ロッテ,ソフトバンク,3,5,森敗：ゲレーロ,ゲレーロ,0
2022-07-18,ヤクルト,巨人,8,10,平内敗：マクガフ,マクガフ,0
2022-07-18,中日,DeNA,1,2,ロメロ敗：髙橋宏,髙橋宏,0
2022-07-18,広島,阪神,,,,,1
2022-07-18,日本ハム,西武,1,5,與座敗：池田,池田,0
2022-07-18,楽天,オリックス,8,3,宋家豪敗：K-鈴木,K-鈴木,0
2022-07-18,ロッテ,ソフトバンク,2,1,美馬敗：東浜,東浜,0
2022-07-19,ヤクルト,巨人,5,3,小澤敗：戸郷,戸郷,0
2022-07-19,中日,DeNA,3,2,小笠原敗：石田,石田,0
2022-07-19,広島,阪神,0,3,ウィルカーソン敗：床田,床田,0
2022-07-19,ロッテ,西武,5,3,東條敗：森脇,森脇,0
2022-07-19,オリックス,日本ハム,7,1,山岡敗：田中,田中,0
2022-07-20,ヤクルト,巨人,8,2,木澤敗：鍬原,鍬原,0
2022-07-20,中日,DeNA,4,6,大貫敗：笠原,笠原,0
2022-07-20,広島,阪神,5,3,薮田敗：浜地,浜地,0
2022-07-20,ロッテ,西武,8,4,石川敗：エンス,エンス,0
2022-07-20,オリックス,日本ハム,2,0,椋木敗：根本,根本,0
2022-07-20,ソフトバンク,楽天,3,17,瀧中敗：大関,大関,0
2022-07-21,ロッテ,西武,5,4,土肥敗：平良,平良,0
2022-07-21,オリックス,日本ハム,4,3,黒木敗：ポンセ,ポンセ,0
2022-07-21,ソフトバンク,楽天,7,0,千賀敗：岸,岸,0
2022-07-22,ヤクルト,広島,2,5,森浦敗：マクガフ,マクガフ,0
2022-07-22,阪神,DeNA,6,3,青柳敗：坂本,坂本,0
2022-07-22,西武,楽天,9,4,渡邉敗：則本,則本,0
2022-07-22,オリックス,ソフトバンク,5,7,松本敗：近藤,近藤,0
2022-07-23,ヤクルト,広島,3,15,森下敗：原,原,0
2022-07-23,阪神,DeNA,3,1,伊藤将敗：今永,今永,0
2022-07-23,日本ハム,ロッテ,6,7,佐々木千敗：古川侑,古川侑,0
2022-07-23,西武,楽天,3,3,,,0
2022-07-23,オリックス,ソフトバンク,5,0,山本敗：石川,石川,0
2022-07-24,ヤクルト,広島,4,2,サイスニード敗：九里,九里,0
2022-07-24,阪神,DeNA,1,0,ガンケル敗：濵口,濵口,0
2022-07-24,日本ハム,ロッテ,5,4,伊藤敗：ロメロ,ロメロ,0
2022-07-24,西武,楽天,2,9,辛島敗：平井,平井,0
2022-07-24,オリックス,ソフトバンク,7,4,比嘉敗：和田,和田,0
2022-07-26,パ・リーグ,セ・リーグ,3,2,松井裕敗：森下,森下,0
2022-07-27,セ・リーグ,パ・リーグ,1,2,小野敗：岩崎,岩崎,0
2022-07-29,阪神,ヤクルト,6,0,西勇敗：小川,小川,0
2022-07-29,広島,中日,0,9,髙橋宏敗：大瀬良,大瀬良,0
2022-07-29,楽天,日本ハム,1,2,ポンセ敗：瀧中,瀧中,0
2022-07-29,ロッテ,オリックス,8,9,阿部敗：廣畑,廣畑,0
2022-07-29,ソフトバンク,西武,2,5,今井敗：千賀,千賀,0
2022-07-30,阪神,ヤクルト,7,3,才木敗：小澤,小澤,0
2022-07-30,広島,中日,0,3,小笠原敗：アンダーソン,アンダーソン,0
2022-07-30,楽天,日本ハム,7,0,田中将敗：田中,田中,0
2022-07-30,ロッテ,オリックス,4,6,比嘉敗：佐々木千,佐々木千,0
2022-07-30,ソフトバンク,西武,0,6,與座敗：大関,大関,0
2022-07-31,阪神,ヤクルト,2,4,田口敗：石井,石井,0
2022-07-31,広島,中日,5,6,福敗：森浦,森浦,0
2022-07-31,楽天,日本ハム,10,5,石橋敗：宮西,宮西,0
2022-07-31,ロッテ,オリックス,2,5,田嶋敗：二木,二木,0
2022-07-31,ソフトバンク,西武,4,2,和田敗：エンス,エンス,0
2022-08-02,巨人,阪神,3,6,青柳敗：メルセデス,メルセデス,0
2022-08-02,ヤクルト,中日,5,0,高橋敗：柳,柳,0
2022-08-02,DeNA,広島,5,2,今永敗：森下,森下,0
2022-08-02,日本ハム,ソフトバンク,6,5,伊藤敗：石川,石川,0
2022-08-02,楽天,ロッテ,4,6,ロメロ敗：則本,則本,0
2022-08-02,西武,オリックス,4,2,佐々木敗：本田,本田,0
2022-08-03,巨人,阪神,1,2,伊藤将敗：戸郷,戸郷,0
2022-08-03,ヤクルト,中日,9,7,サイスニード敗：笠原,笠原,0
2022-08-03,DeNA,広島,6,5,平田敗：藤井,藤井,0
2022-08-03,日本ハム,ソフトバンク,5,1,上原敗：東浜,東浜,0
2022-08-03,楽天,ロッテ,5,4,酒居敗：佐々木朗,佐々木朗,0
2022-08-03,西武,オリックス,3,1,平井敗：宮城,宮城,0
2022-08-04,巨人,阪神,7,0,山﨑伊敗：ウィルカーソン,ウィルカーソン,0
2022-08-04,ヤクルト,中日,,,,,1
2022-08-04,DeNA,広島,,,,,1
2022-08-04,日本ハム,ソフトバンク,3,3,,,0
2022-08-04,楽天,ロッテ,10,1,岸敗：本前,本前,0
2022-08-04,西武,オリックス,3,2,水上敗：ワゲスパック,ワゲスパック,0
2022-08-05,ヤクルト,巨人,5,9,堀田敗：小川,小川,0
2022-08-05,中日,DeNA,2,4,大貫敗：大野雄,大野雄,0
2022-08-05,広島,阪神,2,3,西勇敗：大瀬良,大瀬良,0
2022-08-05,西武,ロッテ,4,3,増田敗：佐々木千,佐々木千,0
2022-08-05,オリックス,日本ハム,5,2,竹安敗：ポンセ,ポンセ,0
2022-08-05,ソフトバンク,楽天,7,3,松本敗：瀧中,瀧中,0
2022-08-06,ヤクルト,巨人,2,3,井納敗：清水,清水,0
2022-08-06,中日,DeNA,0,1,入江敗：R.マルティネス,R.マルティネス,0
2022-08-06,広島,阪神,6,5,一岡敗：岩崎,岩崎,0
2022-08-06,西武,ロッテ,1,2,小島敗：水上,水上,0
2022-08-06,オリックス,日本ハム,3,1,東敗：田中,田中,0
2022-08-06,ソフトバンク,楽天,9,1,武田敗：田中将,田中将,0
2022-08-07,ヤクルト,巨人,4,7,桜井敗：梅野,梅野,0
2022-08-07,中日,DeNA,5,0,髙橋宏敗：ロメロ,ロメロ,0
2022-08-07,広島,阪神,5,7,岩貞敗：森浦,森浦,0
2022-08-07,西武,ロッテ,10,4,エンス敗：森,森,0
2022-08-07,オリックス,日本ハム,3,5,根本敗：中村,中村,0
2022-08-07,ソフトバンク,楽天,2,7,宮森敗：和田,和田,0
2022-08-09,DeNA,阪神,3,2,今永敗：加治屋,加治屋,0
2022-08-09,中日,巨人,3,2,柳敗：メルセデス,メルセデス,0
2022-08-09,広島,ヤクルト,2,0,森下敗：高梨,高梨,0
2022-08-09,日本ハム,西武,5,3,ロドリゲス敗：増田,増田,0
2022-08-09,ロッテ,ソフトバンク,0,3,石川敗：ロメロ,ロメロ,0
2022-08-09,オリックス,楽天,5,1,田嶋敗：則本,則本,0
2022-08-10,DeNA,阪神,3,0,濵口敗：伊藤将,伊藤将,0
2022-08-10,中日,巨人,1,2,戸郷敗：R.マルティネス,R.マルティネス,0
2022-08-10,広島,ヤクルト,4,1,九里敗：星,星,0
2022-08-10,日本ハム,西武,2,2,,,0
2022-08-10,ロッテ,ソフトバンク,3,4,東浜敗：佐々木朗,佐々木朗,0
2022-08-10,オリックス,楽天,1,2,西口敗：ワゲスパック,ワゲスパック,0
2022-08-11,DeNA,阪神,4,1,石田敗：才木,才木,0
2022-08-11,中日,巨人,1,6,山﨑伊敗：松葉,松葉,0
2022-08-11,広島,ヤクルト,6,3,野村敗：サイスニード,サイスニード,0
2022-08-11,日本ハム,西武,3,2,井口敗：松本,松本,0
2022-08-11,ロッテ,ソフトバンク,3,4,松本敗：益田,益田,0
2022-08-11,オリックス,楽天,6,1,宮城敗：弓削,弓削,0
2022-08-12,巨人,広島,5,6,ケムナ敗：平内,平内,0
2022-08-12,ヤクルト,DeNA,3,4,大貫敗：小川,小川,0
2022-08-12,阪神,中日,0,4,大野雄敗：西勇,西勇,0
2022-08-12,楽天,西武,1,5,今井敗：岸,岸,0
2022-08-12,ロッテ,日本ハム,3,2,益田敗：ロドリゲス,ロドリゲス,0
2022-08-12,ソフトバンク,オリックス,3,6,竹安敗：泉,泉,0
2022-08-13,巨人,広島,4,1,直江敗：遠藤,遠藤,0
2022-08-13,ヤクルト,DeNA,,,,,1
2022-08-13,阪神,中日,0,2,小笠原敗：藤浪,藤浪,0
2022-08-13,楽天,西武,4,6,與座敗：田中将,田中将,0
2022-08-13,ロッテ,日本ハム,,,,,1
2022-08-13,ソフトバンク,オリックス,5,4,モイネロ敗：宇田川,宇田川,0
2022-08-14,巨人,広島,3,2,クロール敗：ターリー,ターリー,0
2022-08-14,ヤクルト,DeNA,4,1,木澤敗：坂本,坂本,0
2022-08-14,阪神,中日,4,5,ロドリゲス敗：岩崎,岩崎,0
2022-08-14,楽天,西武,4,3,西口敗：水上,水上,0
2022-08-14,ロッテ,日本ハム,3,8,加藤敗：小島,小島,0
2022-08-14,ソフトバンク,オリックス,2,10,ビドル敗：和田,和田,0
2022-08-16,ヤクルト,阪神,5,3,高梨敗：青柳,青柳,0
2022-08-16,DeNA,巨人,3,1,今永敗：菅野,菅野,0
2022-08-16,広島,中日,5,0,森下敗：柳,柳,0
2022-08-16,日本ハム,楽天,1,2,則本敗：根本,根本,0
2022-08-16,西武,ソフトバンク,2,0,髙橋光成敗：石川,石川,0
2022-08-16,オリックス,ロッテ,0,4,美馬敗：山岡,山岡,0
2022-08-17,ヤクルト,阪神,4,2,高橋敗：伊藤将,伊藤将,0
2022-08-17,DeNA,巨人,7,3,平田敗：赤星,赤星,0
2022-08-17,広島,中日,1,0,ターリー敗：藤嶋,藤嶋,0
2022-08-17,日本ハム,楽天,2,8,辛島敗：上原,上原,0
2022-08-17,西武,ソフトバンク,3,5,レイ敗：平井,平井,0
2022-08-17,オリックス,ロッテ,,,,,1
2022-08-18,ヤクルト,阪神,2,10,西純敗：サイスニード,サイスニード,0
2022-08-18,DeNA,巨人,4,3,伊勢敗：戸郷,戸郷,0
2022-08-18,広島,中日,1,6,松葉敗：野村,野村,0
2022-08-18,日本ハム,楽天,1,2,ブセニッツ敗：伊藤,伊藤,0
2022-08-18,西武,ソフトバンク,8,5,松本敗：東浜,東浜,0
2022-08-19,巨人,阪神,0,4,西勇敗：山﨑伊,山﨑伊,0
2022-08-19,DeNA,広島,8,3,大貫敗：玉村,玉村,0
2022-08-19,中日,ヤクルト,4,3,R.マルティネス敗：清水,清水,0
2022-08-19,楽天,ロッテ,5,6,佐々木朗敗：岸,岸,0
2022-08-19,西武,オリックス,3,4,山本敗：本田,本田,0
2022-08-19,ソフトバンク,日本ハム,7,2,板東敗：ポンセ,ポンセ,0
2022-08-20,巨人,阪神,1,5,藤浪敗：堀田,堀田,0
2022-08-20,DeNA,広島,6,5,入江敗：松本,松本,0
2022-08-20,中日,ヤクルト,2,7,原敗：小笠原,小笠原,0
2022-08-20,楽天,ロッテ,5,2,田中将敗：ロメロ,ロメロ,0
2022-08-20,西武,オリックス,0,6,宮城敗：與座,與座,0
2022-08-20,ソフトバンク,日本ハム,9,3,武田敗：上沢,上沢,0
2022-08-21,巨人,阪神,1,6,才木敗：シューメーカー,シューメーカー,0
2022-08-21,DeNA,広島,3,0,京山敗：大道,大道,0
2022-08-21,中日,ヤクルト,5,2,祖父江敗：木澤,木澤,0
2022-08-21,楽天,ロッテ,1,0,藤平敗：小島,小島,0
2022-08-21,西武,オリックス,3,1,エンス敗：椋木,椋木,0
2022-08-21,ソフトバンク,日本ハム,5,1,和田敗：加藤,加藤,0
2022-08-23,巨人,中日,6,0,菅野敗：勝野,勝野,0
2022-08-23,ヤクルト,広島,5,4,木澤敗：島内,島内,0
2022-08-23,阪神,DeNA,0,4,今永敗：青柳,青柳,0
2022-08-23,日本ハム,オリックス,0,0,,,0
2022-08-23,楽天,ソフトバンク,6,15,石川敗：則本,則本,0
2022-08-23,ロッテ,西武,4,5,髙橋光成敗：石川,石川,0
2022-08-24,巨人,中日,1,4,松葉敗：井上,井上,0
2022-08-24,ヤクルト,広島,6,2,高梨敗：九里,九里,0
2022-08-24,阪神,DeNA,0,4,濵口敗：伊藤将,伊藤将,0
2022-08-24,日本ハム,オリックス,4,5,山﨑福敗：上原,上原,0
2022-08-24,楽天,ソフトバンク,3,4,甲斐野敗：ブセニッツ,ブセニッツ,0
2022-08-24,ロッテ,西武,5,2,唐川敗：隅田,隅田,0
2022-08-25,巨人,中日,2,1,戸郷敗：髙橋宏,髙橋宏,0
2022-08-25,ヤクルト,広島,2,3,松本敗：梅野,梅野,0
2022-08-25,阪神,DeNA,5,0,西純敗：ロメロ,ロメロ,0
2022-08-25,楽天,ソフトバンク,7,5,鈴木翔敗：板東,板東,0
2022-08-25,ロッテ,西武,6,5,オスナ敗：増田,増田,0
2022-08-26,DeNA,ヤクルト,3,6,サイスニード敗：大貫,大貫,0
2022-08-26,中日,阪神,5,2,大野雄敗：西勇,西勇,0
2022-08-26,広島,巨人,3,4,鍵谷敗：森浦,森浦,0
2022-08-26,日本ハム,ソフトバンク,0,10,東浜敗：伊藤,伊藤,0
2022-08-26,ロッテ,楽天,2,0,佐々木朗敗：岸,岸,0
2022-08-26,オリックス,西武,2,3,今井敗：近藤,近藤,0
2022-08-27,DeNA,ヤクルト,4,16,小川敗：石田,石田,0
2022-08-27,中日,阪神,1,5,藤浪敗：小笠原,小笠原,0
2022-08-27,広島,巨人,6,4,ケムナ敗：クロール,クロール,0
2022-08-27,日本ハム,ソフトバンク,2,0,ポンセ敗：武田,武田,0
2022-08-27,ロッテ,楽天,3,11,田中将敗：ロメロ,ロメロ,0
2022-08-27,オリックス,西武,6,0,宮城敗：與座,與座,0
2022-08-28,DeNA,ヤクルト,4,5,梅野敗：エスコバー,エスコバー,0
2022-08-28,中日,阪神,4,1,柳敗：森木,森木,0
2022-08-28,広島,巨人,6,4,塹江敗：今村,今村,0
2022-08-28,日本ハム,ソフトバンク,0,6,千賀敗：加藤,加藤,0
2022-08-28,ロッテ,楽天,9,2,小島敗：早川,早川,0
2022-08-28,オリックス,西武,4,10,エンス敗：山﨑福,山﨑福,0
2022-08-29,ソフトバンク,ロッテ,2,3,東條敗：津森,津森,0
2022-08-30,巨人,ヤクルト,2,4,木澤敗：今村,今村,0
2022-08-30,DeNA,中日,6,0,今永敗：松葉,松葉,0
2022-08-30,阪神,広島,1,0,湯浅敗：ターリー,ターリー,0
2022-08-30,楽天,オリックス,3,4,比嘉敗：松井裕,松井裕,0
2022-08-30,西武,日本ハム,3,1,髙橋光成敗：上沢,上沢,0
2022-08-31,巨人,ヤクルト,8,8,,,0
2022-08-31,DeNA,中日,3,2,濵口敗：勝野,勝野,0
2022-08-31,阪神,広島,6,5,浜地敗：森浦,森浦,0
2022-08-31,楽天,オリックス,3,8,田嶋敗：辛島,辛島,0
2022-08-31,西武,日本ハム,2,4,吉田敗：水上,水上,0
2022-08-31,ソフトバンク,ロッテ,0,3,石川敗：石川,石川,0
2022-09-01,DeNA,中日,7,0,ロメロ敗：上田,上田,0
2022-09-01,阪神,広島,8,0,才木敗：野村,野村,0
2022-09-01,楽天,オリックス,11,8,安樂敗：ビドル,ビドル,0
2022-09-01,西武,日本ハム,,,,,1
2022-09-01,ソフトバンク,ロッテ,0,7,美馬敗：レイ,レイ,0
2022-09-02,ヤクルト,中日,5,0,サイスニード敗：大野雄,大野雄,0
2022-09-02,阪神,巨人,2,2,,,0
2022-09-02,広島,DeNA,2,0,大瀬良敗：大貫,大貫,0
2022-09-02,楽天,日本ハム,1,3,伊藤敗：岸,岸,0
2022-09-02,ロッテ,オリックス,0,1,山﨑福敗：佐々木朗,佐々木朗,0
2022-09-02,ソフトバンク,西武,4,0,東浜敗：松本,松本,0
2022-09-03,ヤクルト,中日,1,5,小笠原敗：小川,小川,0
2022-09-03,阪神,巨人,1,7,鍬原敗：藤浪,藤浪,0
2022-09-03,広島,DeNA,4,0,遠藤敗：石田,石田,0
2022-09-03,楽天,日本ハム,5,4,安樂敗：堀,堀,0
2022-09-03,ロッテ,オリックス,3,4,山本敗：ロメロ,ロメロ,0
2022-09-03,ソフトバンク,西武,5,2,板東敗：與座,與座,0
2022-09-04,ヤクルト,中日,3,6,髙橋宏敗：原,原,0
2022-09-04,阪神,巨人,0,2,赤星敗：西純,西純,0
2022-09-04,広島,DeNA,7,0,玉村敗：京山,京山,0
2022-09-04,楽天,日本ハム,2,8,加藤敗：早川,早川,0
2022-09-04,ロッテ,オリックス,2,5,宮城敗：小島,小島,0
2022-09-04,ソフトバンク,西武,1,4,エンス敗：千賀,千賀,0
2022-09-06,巨人,DeNA,1,2,入江敗：大勢,大勢,0
2022-09-06,中日,広島,2,4,九里敗：柳,柳,0
2022-09-06,阪神,ヤクルト,6,8,マクガフ敗：浜地,浜地,0
2022-09-06,日本ハム,オリックス,6,2,上沢敗：山岡,山岡,0
2022-09-06,西武,ロッテ,3,2,髙橋光成敗：石川,石川,0
2022-09-06,ソフトバンク,楽天,4,2,和田敗：瀧中,瀧中,0
2022-09-07,巨人,DeNA,18,3,山﨑伊敗：濵口,濵口,0
2022-09-07,中日,広島,1,3,森敗：松葉,松葉,0
2022-09-07,阪神,ヤクルト,9,1,伊藤将敗：高梨,高梨,0
2022-09-07,日本ハム,オリックス,3,2,ロドリゲス敗：吉田凌,吉田凌,0
2022-09-07,西武,ロッテ,1,7,佐藤奨敗：隅田,隅田,0
2022-09-07,ソフトバンク,楽天,3,4,辛島敗：石川,石川,0
2022-09-08,巨人,DeNA,6,5,鍵谷敗：平田,平田,0
2022-09-08,中日,広島,2,0,上田敗：森下,森下,0
2022-09-08,ロッテ,日本ハム,10,2,唐川敗：堀,堀,0
2022-09-08,西武,オリックス,0,5,宇田川敗：平井,平井,0
2022-09-08,ソフトバンク,楽天,3,7,涌井敗：レイ,レイ,0
2022-09-09,巨人,中日,1,3,R.マルティネス敗：大勢,大勢,0
2022-09-09,ヤクルト,広島,7,6,久保敗：大瀬良,大瀬良,0
2022-09-09,DeNA,阪神,9,2,上茶谷敗：藤浪,藤浪,0
2022-09-10,巨人,中日,2,5,小笠原敗：メルセデス,メルセデス,0
2022-09-10,ヤクルト,広島,7,15,森浦敗：サイスニード,サイスニード,0
2022-09-10,DeNA,阪神,7,0,石田敗：森木,森木,0
2022-09-10,楽天,ロッテ,4,6,西野敗：田中将,田中将,0
2022-09-10,西武,日本ハム,1,2,井口敗：増田,増田,0
2022-09-10,オリックス,ソフトバンク,5,2,山本敗：板東,板東,0
2022-09-11,DeNA,ヤクルト,0,1,小川敗：大貫,大貫,0
2022-09-11,阪神,中日,5,0,西純敗：勝野,勝野,0
2022-09-11,広島,巨人,0,7,赤星敗：遠藤,遠藤,0
2022-09-11,楽天,ロッテ,3,2,岸敗：唐川,唐川,0
2022-09-11,西武,日本ハム,3,0,與座敗：ポンセ,ポンセ,0
2022-09-11,オリックス,ソフトバンク,3,4,千賀敗：山﨑福,山﨑福,0
2022-09-12,DeNA,ヤクルト,7,1,今永敗：原,原,0
2022-09-12,阪神,中日,6,2,ケラー敗：柳,柳,0
2022-09-12,楽天,オリックス,8,2,則本敗：宮城,宮城,0
2022-09-12,ロッテ,日本ハム,3,0,鈴木敗：加藤,加藤,0
2022-09-12,ソフトバンク,西武,7,5,東浜敗：エンス,エンス,0
2022-09-13,ヤクルト,巨人,7,9,菅野敗：石川,石川,0
2022-09-13,中日,DeNA,0,1,ガゼルマン敗：髙橋宏,髙橋宏,0
2022-09-13,阪神,広島,3,6,松本敗：青柳,青柳,0
2022-09-13,楽天,オリックス,3,3,,,0
2022-09-13,ロッテ,日本ハム,3,11,上沢敗：石川,石川,0
2022-09-13,ソフトバンク,西武,9,0,森敗：髙橋光成,髙橋光成,0
2022-09-14,中日,DeNA,3,2,祖父江敗：ロメロ,ロメロ,0
2022-09-14,阪神,広島,6,5,ケラー敗：森下,森下,0
2022-09-14,ロッテ,日本ハム,8,1,佐々木朗敗：鈴木,鈴木,0
2022-09-14,ソフトバンク,西武,6,1,石川敗：隅田,隅田,0
2022-09-15,楽天,ソフトバンク,3,7,和田敗：辛島,辛島,0
2022-09-15,ロッテ,西武,8,1,美馬敗：平井,平井,0
2022-09-15,オリックス,日本ハム,3,2,吉田凌敗：堀,堀,0
2022-09-16,DeNA,広島,3,5,森浦敗：濵口,濵口,0
2022-09-16,中日,ヤクルト,8,0,大野雄敗：高梨,高梨,0
2022-09-16,楽天,ソフトバンク,2,6,甲斐野敗：涌井,涌井,0
2022-09-16,オリックス,日本ハム,3,6,メネズ敗：増井,増井,0
2022-09-17,巨人,阪神,3,2,戸郷敗：西勇,西勇,0
2022-09-17,DeNA,広島,3,10,中﨑敗：入江,入江,0
2022-09-17,中日,ヤクルト,3,3,,,0
2022-09-17,日本ハム,ロッテ,5,4,玉井敗：東條,東條,0
2022-09-17,西武,楽天,0,3,田中将敗：松本,松本,0
2022-09-17,オリックス,ソフトバンク,2,0,山本敗：板東,板東,0
2022-09-18,巨人,DeNA,1,3,大貫敗：山﨑伊,山﨑伊,0
2022-09-18,阪神,ヤクルト,0,1,小川敗：藤浪,藤浪,0
2022-09-18,広島,中日,,,,,1
2022-09-18,日本ハム,ロッテ,4,7,西野敗：石川直,石川直,0
2022-09-18,西武,楽天,3,4,則本敗：與座,與座,0
2022-09-18,オリックス,ソフトバンク,2,0,宮城敗：千賀,千賀,0
2022-09-19,巨人,DeNA,5,3,菅野敗：今永,今永,0
2022-09-19,日本ハム,ロッテ,4,0,加藤敗：鈴木,鈴木,0
2022-09-19,西武,楽天,4,6,ブセニッツ敗：増田,増田,0
2022-09-19,オリックス,ソフトバンク,6,5,本田敗：レイ,レイ,0
2022-09-20,巨人,ヤクルト,5,4,今村敗：原,原,0
2022-09-20,阪神,DeNA,4,5,ロメロ敗：岩崎,岩崎,0
2022-09-20,広島,中日,3,5,藤嶋敗：栗林,栗林,0
2022-09-20,日本ハム,ソフトバンク,1,3,石川敗：上沢,上沢,0
2022-09-20,西武,楽天,4,1,髙橋光成敗：瀧中,瀧中,0
2022-09-20,ロッテ,オリックス,3,6,比嘉敗：西野,西野,0
2022-09-21,DeNA,巨人,1,2,畠敗：ガゼルマン,ガゼルマン,0
2022-09-21,中日,ヤクルト,2,6,石川敗：松葉,松葉,0
2022-09-21,阪神,広島,4,10,松本敗：岩貞,岩貞,0
2022-09-22,DeNA,巨人,3,0,石田敗：メルセデス,メルセデス,0
2022-09-22,ヤクルト,中日,0,3,髙橋宏敗：山下,山下,0
2022-09-22,オリックス,ロッテ,5,13,美馬敗：山岡,山岡,0
2022-09-23,ヤクルト,DeNA,6,8,濵口敗：大西,大西,0
2022-09-23,中日,巨人,3,9,井上敗：上田,上田,0
2022-09-23,広島,阪神,3,7,藤浪敗：大瀬良,大瀬良,0
2022-09-23,楽天,日本ハム,3,6,ロドリゲス敗：宮森,宮森,0
2022-09-23,ソフトバンク,ロッテ,3,6,オスナ敗：松本,松本,0
2022-09-24,ヤクルト,DeNA,8,1,サイスニード敗：大貫,大貫,0
2022-09-24,中日,巨人,2,1,小笠原敗：戸郷,戸郷,0
2022-09-24,日本ハム,西武,2,6,松本敗：池田,池田,0
2022-09-24,楽天,オリックス,1,9,山本敗：田中将,田中将,0
2022-09-24,ソフトバンク,ロッテ,6,0,板東敗：二木,二木,0
2022-09-25,ヤクルト,DeNA,1,0,マクガフ敗：エスコバー,エスコバー,0
2022-09-25,中日,巨人,7,1,大野雄敗：菅野,菅野,0
2022-09-25,日本ハム,楽天,0,6,辛島敗：松浦,松浦,0
2022-09-25,ソフトバンク,ロッテ,10,0,千賀敗：小島,小島,0
2022-09-26,日本ハム,楽天,3,2,加藤敗：早川,早川,0
2022-09-26,ソフトバンク,ロッテ,2,1,藤井敗：東條,東條,0
2022-09-27,ヤクルト,阪神,1,4,青柳敗：高梨,高梨,0
2022-09-27,DeNA,中日,8,3,入江敗：清水,清水,0
2022-09-27,日本ハム,ロッテ,14,0,鈴木敗：佐藤奨,佐藤奨,0
2022-09-27,西武,ソフトバンク,4,1,髙橋光成敗：石川,石川,0
2022-09-27,オリックス,楽天,1,6,則本敗：宮城,宮城,0
2022-09-28,ヤクルト,阪神,1,2,ケラー敗：清水,清水,0
2022-09-28,DeNA,中日,0,1,ロドリゲス敗：伊勢,伊勢,0
2022-09-28,日本ハム,ロッテ,3,11,美馬敗：上沢,上沢,0
2022-09-28,楽天,西武,0,1,今井敗：岸,岸,0
2022-09-29,DeNA,中日,6,1,石田敗：髙橋宏,髙橋宏,0
2022-09-29,広島,ヤクルト,4,5,木澤敗：ターリー,ターリー,0
2022-09-29,楽天,ソフトバンク,4,5,大関敗：安樂,安樂,0
2022-09-30,DeNA,中日,1,6,小笠原敗：東,東,0
2022-09-30,広島,ヤクルト,1,5,山下敗：九里,九里,0
2022-09-30,楽天,ソフトバンク,1,5,和田敗：涌井,涌井,0
2022-09-30,オリックス,ロッテ,4,3,平野佳敗：オスナ,オスナ,0
2022-10-01,DeNA,巨人,1,0,今永敗：戸郷,戸郷,0
2022-10-01,西武,ソフトバンク,3,1,本田敗：藤井,藤井,0
2022-10-02,DeNA,巨人,2,3,菅野敗：濵口,濵口,0
2022-10-02,阪神,ヤクルト,3,3,,,0
2022-10-02,広島,中日,0,3,柳敗：森浦,森浦,0
2022-10-02,楽天,オリックス,2,5,宇田川敗：田中将,田中将,0
2022-10-02,ロッテ,ソフトバンク,5,3,岩下敗：泉,泉,0
2022-10-02,西武,日本ハム,2,4,根本敗：佐藤,佐藤,0
2022-10-03,ヤクルト,DeNA,8,2,原敗：坂本,坂本,0
2023-03-30,日本ハム,楽天,1,3,田中将敗：加藤貴,加藤貴,0
2023-03-31,巨人,中日,3,6,勝野敗：ロペス,ロペス,0
2023-03-31,ヤクルト,広島,4,0,小川敗：大瀬良,大瀬良,0
2023-03-31,阪神,DeNA,6,3,青柳敗：石田,石田,0
2023-03-31,西武,オリックス,2,3,ワゲスパック敗：ティノコ,ティノコ,0
2023-03-31,ソフトバンク,ロッテ,4,0,大関敗：小島,小島,0
2023-04-01,巨人,中日,2,0,グリフィン敗：涌井,涌井,0
2023-04-01,ヤクルト,広島,1,0,石山敗：島内,島内,0
2023-04-01,阪神,DeNA,6,5,富田敗：山﨑,山﨑,0
2023-04-01,日本ハム,楽天,4,3,鈴木敗：宮森,宮森,0
2023-04-01,西武,オリックス,2,9,比嘉敗：エンス,エンス,0
2023-04-01,ソフトバンク,ロッテ,7,0,藤井敗：種市,種市,0
2023-04-02,巨人,中日,3,2,鍵谷敗：清水,清水,0
2023-04-02,ヤクルト,広島,3,2,星敗：松本,松本,0
2023-04-02,阪神,DeNA,6,2,才木敗：笠原,笠原,0
2023-04-02,日本ハム,楽天,1,2,藤平敗：北山,北山,0
2023-04-02,西武,オリックス,4,1,佐藤隼敗：ワゲスパック,ワゲスパック,0
2023-04-02,ソフトバンク,ロッテ,5,3,東浜敗：美馬,美馬,0
2023-04-04,DeNA,巨人,0,9,戸郷敗：濵口,濵口,0
2023-04-04,中日,ヤクルト,0,1,サイスニード敗：大野雄,大野雄,0
2023-04-04,広島,阪神,4,5,浜地敗：栗林,栗林,0
2023-04-04,楽天,西武,0,4,今井敗：則本,則本,0
2023-04-04,ロッテ,日本ハム,6,4,西野敗：ポンセ,ポンセ,0
2023-04-04,オリックス,ソフトバンク,1,6,石川敗：田嶋,田嶋,0
2023-04-05,DeNA,巨人,2,0,平良敗：メンデス,メンデス,0
2023-04-05,中日,ヤクルト,0,5,高橋敗：柳,柳,0
2023-04-05,広島,阪神,,,,,1
2023-04-05,楽天,西武,1,0,早川敗：隅田,隅田,0
2023-04-05,ロッテ,日本ハム,2,1,中森敗：メネズ,メネズ,0
2023-04-05,オリックス,ソフトバンク,0,5,和田敗：黒木,黒木,0
2023-04-06,DeNA,巨人,4,0,東敗：横川,横川,0
2023-04-06,中日,ヤクルト,3,1,髙橋宏敗：石川,石川,0
2023-04-06,広島,阪神,3,0,遠藤敗：西純,西純,0
2023-04-06,楽天,西武,1,2,松本敗：田中将,田中将,0
2023-04-06,ロッテ,日本ハム,6,1,佐々木朗敗：加藤貴,加藤貴,0
2023-04-06,オリックス,ソフトバンク,7,2,山本敗：高橋礼,高橋礼,0
2023-04-07,DeNA,中日,,,,,1
2023-04-07,阪神,ヤクルト,1,3,石山敗：浜地,浜地,0
2023-04-07,広島,巨人,4,2,大瀬良敗：ビーディ,ビーディ,0
2023-04-07,オリックス,日本ハム,4,2,宮城敗：上原,上原,0
2023-04-08,DeNA,中日,3,1,ガゼルマン敗：涌井,涌井,0
2023-04-08,阪神,ヤクルト,1,0,大竹敗：尾仲,尾仲,0
2023-04-08,広島,巨人,6,3,床田敗：グリフィン,グリフィン,0
2023-04-08,ロッテ,楽天,5,4,澤村敗：西口,西口,0
2023-04-08,オリックス,日本ハム,2,6,上沢敗：村西,村西,0
2023-04-08,ソフトバンク,西武,0,3,髙橋光成敗：大関,大関,0
2023-04-09,DeNA,中日,8,0,石田敗：福谷,福谷,0
2023-04-09,阪神,ヤクルト,1,1,,,0
2023-04-09,広島,巨人,4,2,玉村敗：赤星,赤星,0
2023-04-09,ロッテ,楽天,10,1,種市敗：岸,岸,0
2023-04-09,オリックス,日本ハム,2,7,金村敗：ニックス,ニックス,0
2023-04-09,ソフトバンク,西武,3,1,藤井敗：エンス,エンス,0
2023-04-11,巨人,阪神,7,1,戸郷敗：西勇,西勇,0
2023-04-11,ヤクルト,DeNA,6,3,サイスニード敗：濵口,濵口,0
2023-04-11,中日,広島,1,4,九里敗：柳,柳,0
2023-04-11,楽天,オリックス,0,6,山下敗：則本,則本,0
2023-04-11,西武,ロッテ,8,3,平良敗：美馬,美馬,0
2023-04-11,ソフトバンク,日本ハム,4,3,津森敗：ロドリゲス,ロドリゲス,0
2023-04-12,巨人,阪神,1,2,岩崎敗：田中豊,田中豊,0
2023-04-12,ヤクルト,DeNA,1,6,東敗：高橋,高橋,0
2023-04-12,中日,広島,5,2,勝野敗：遠藤,遠藤,0
2023-04-12,楽天,オリックス,2,7,田嶋敗：早川,早川,0
2023-04-12,西武,ロッテ,3,5,西野敗：隅田,隅田,0
2023-04-12,ソフトバンク,日本ハム,5,2,東浜敗：伊藤,伊藤,0
2023-04-13,巨人,阪神,1,4,西純敗：横川,横川,0
2023-04-13,西武,ロッテ,2,0,今井敗：メルセデス,メルセデス,0
2023-04-14,DeNA,阪神,8,3,ガゼルマン敗：青柳,青柳,0
2023-04-14,中日,巨人,9,2,小笠原敗：ビーディ,ビーディ,0
2023-04-14,広島,ヤクルト,1,0,大瀬良敗：小川,小川,0
2023-04-14,日本ハム,西武,5,2,加藤貴敗：松本,松本,0
2023-04-14,楽天,ソフトバンク,3,0,田中将敗：和田,和田,0
2023-04-14,ロッテ,オリックス,2,0,佐々木朗敗：山本,山本,0
2023-04-15,DeNA,阪神,,,,,1
2023-04-15,中日,巨人,2,6,グリフィン敗：髙橋宏,髙橋宏,0
2023-04-15,広島,ヤクルト,5,4,戸根敗：田口,田口,0
2023-04-15,日本ハム,西武,0,10,髙橋光成敗：上沢,上沢,0
2023-04-15,楽天,ソフトバンク,,,,,1
2023-04-15,ロッテ,オリックス,,,,,1
2023-04-16,DeNA,阪神,2,1,平良敗：才木,才木,0
2023-04-16,中日,巨人,7,5,祖父江敗：赤星,赤星,0
2023-04-16,広島,ヤクルト,7,5,ターリー敗：石山,石山,0
2023-04-16,日本ハム,西武,2,6,エンス敗：上原,上原,0
2023-04-16,楽天,ソフトバンク,3,6,津森敗：西口,西口,0
2023-04-16,ロッテ,オリックス,1,2,宮城敗：種市,種市,0
2023-04-18,巨人,DeNA,0,2,石田敗：戸郷,戸郷,0
2023-04-18,ヤクルト,中日,2,0,サイスニード敗：涌井,涌井,0
2023-04-18,阪神,広島,2,1,西勇敗：栗林,栗林,0
2023-04-18,日本ハム,ロッテ,2,4,小島敗：金村,金村,0
2023-04-18,西武,ソフトバンク,7,3,平良敗：石川,石川,0
2023-04-18,オリックス,楽天,1,5,伊藤茉敗：ワゲスパック,ワゲスパック,0
2023-04-19,巨人,DeNA,5,1,山﨑伊敗：濵口,濵口,0
2023-04-19,阪神,広島,6,1,大竹敗：遠藤,遠藤,0
2023-04-19,日本ハム,ロッテ,3,4,森敗：伊藤,伊藤,0
2023-04-19,西武,ソフトバンク,3,2,隅田敗：東浜,東浜,0
2023-04-19,オリックス,楽天,2,1,田嶋敗：西口,西口,0
2023-04-20,ヤクルト,中日,3,2,大西敗：山本拓,山本拓,0
2023-04-20,阪神,広島,5,7,ケムナ敗：西純,西純,0
2023-04-20,日本ハム,ロッテ,2,0,鈴木敗：メルセデス,メルセデス,0
2023-04-20,オリックス,楽天,3,1,山﨑福敗：藤平,藤平,0
2023-04-21,ヤクルト,巨人,3,0,高橋敗：ビーディ,ビーディ,0
2023-04-21,中日,阪神,4,1,小笠原敗：青柳,青柳,0
2023-04-21,広島,DeNA,0,1,今永敗：コルニエル,コルニエル,0
2023-04-21,楽天,日本ハム,8,7,鈴木翔敗：田中正,田中正,0
2023-04-21,ロッテ,ソフトバンク,3,2,佐々木朗敗：武田,武田,0
2023-04-21,オリックス,西武,7,5,本田敗：森脇,森脇,0
2023-04-22,ヤクルト,巨人,2,4,グリフィン敗：小川,小川,0
2023-04-22,中日,阪神,0,2,村上敗：髙橋宏,髙橋宏,0
2023-04-22,広島,DeNA,3,0,床田敗：大貫,大貫,0
2023-04-22,楽天,日本ハム,3,5,上沢敗：荘司,荘司,0
2023-04-22,ロッテ,ソフトバンク,6,0,西野敗：藤井,藤井,0
2023-04-22,オリックス,西武,2,4,髙橋光成敗：山本,山本,0
2023-04-23,ヤクルト,巨人,3,7,横川敗：吉村,吉村,0
2023-04-23,中日,阪神,2,1,福谷敗：才木,才木,0
2023-04-23,広島,DeNA,3,4,伊勢敗：栗林,栗林,0
2023-04-23,楽天,日本ハム,4,3,内敗：玉井,玉井,0
2023-04-23,ロッテ,ソフトバンク,6,2,種市敗：大関,大関,0
2023-04-23,オリックス,西武,4,1,山下敗：エンス,エンス,0
2023-04-25,DeNA,ヤクルト,5,3,ガゼルマン敗：サイスニード,サイスニード,0
2023-04-25,阪神,巨人,,,,,1
2023-04-25,広島,中日,,,,,1
2023-04-25,日本ハム,オリックス,7,8,コットン敗：伊藤,伊藤,0
2023-04-25,ロッテ,西武,3,5,松本敗：美馬,美馬,0
2023-04-25,ソフトバンク,楽天,,,,,1
2023-04-26,DeNA,ヤクルト,5,2,三嶋敗：高梨,高梨,0
2023-04-26,阪神,巨人,4,8,戸郷敗：西勇,西勇,0
2023-04-26,広島,中日,3,6,涌井敗：大瀬良,大瀬良,0
2023-04-26,日本ハム,オリックス,6,3,鈴木敗：田嶋,田嶋,0
2023-04-26,ロッテ,西武,2,1,小島敗：本田,本田,0
2023-04-26,ソフトバンク,楽天,4,2,和田敗：早川,早川,0
2023-04-27,DeNA,ヤクルト,7,6,三嶋敗：大西,大西,0
2023-04-27,阪神,巨人,15,0,伊藤将敗：山﨑伊,山﨑伊,0
2023-04-27,広島,中日,3,2,矢崎敗：砂田,砂田,0
2023-04-27,ソフトバンク,楽天,5,3,森敗：瀧中,瀧中,0
2023-04-28,巨人,広島,5,4,横川敗：遠藤,遠藤,0
2023-04-28,ヤクルト,阪神,0,4,大竹敗：高橋,高橋,0
2023-04-28,中日,DeNA,0,1,今永敗：小笠原,小笠原,0
2023-04-28,日本ハム,ソフトバンク,3,6,津森敗：池田,池田,0
2023-04-28,西武,楽天,4,0,今井敗：田中将,田中将,0
2023-04-28,オリックス,ロッテ,3,4,澤村敗：近藤,近藤,0
2023-04-29,巨人,広島,4,3,大江敗：栗林,栗林,0
2023-04-29,ヤクルト,阪神,0,7,村上敗：小川,小川,0
2023-04-29,中日,DeNA,4,7,三嶋敗：鈴木,鈴木,0
2023-04-29,日本ハム,ソフトバンク,3,1,上沢敗：東浜,東浜,0
2023-04-29,西武,楽天,2,8,藤平敗：髙橋光成,髙橋光成,0
2023-04-29,オリックス,ロッテ,3,2,山本敗：メルセデス,メルセデス,0
2023-04-30,巨人,広島,4,11,アンダーソン敗：ビーディ,ビーディ,0
2023-04-30,ヤクルト,阪神,4,2,吉村敗：才木,才木,0
2023-04-30,中日,DeNA,0,2,東敗：髙橋宏,髙橋宏,0
2023-04-30,日本ハム,ソフトバンク,5,1,堀敗：藤井,藤井,0
2023-04-30,西武,楽天,6,7,松井裕敗：平井,平井,0
2023-04-30,オリックス,ロッテ,4,3,小木田敗：小野,小野,0
2023-05-02,巨人,ヤクルト,5,7,石山敗：田中千,田中千,0
2023-05-02,DeNA,広島,1,6,ターリー敗：山﨑,山﨑,0
2023-05-02,阪神,中日,1,3,福谷敗：青柳,青柳,0
2023-05-02,楽天,ロッテ,5,1,岸敗：西野,西野,0
2023-05-02,西武,日本ハム,1,7,伊藤敗：エンス,エンス,0
2023-05-02,ソフトバンク,オリックス,0,1,宮城敗：大関,大関,0
2023-05-03,巨人,ヤクルト,8,7,大江敗：木澤,木澤,0
2023-05-03,DeNA,広島,4,1,バウアー敗：九里,九里,0
2023-05-03,阪神,中日,8,7,ケラー敗：マルティネス,マルティネス,0
2023-05-03,楽天,ロッテ,0,2,澤村敗：内,内,0
2023-05-03,西武,日本ハム,3,1,平良敗：鈴木,鈴木,0
2023-05-03,ソフトバンク,オリックス,4,9,田嶋敗：武田,武田,0
2023-05-04,巨人,ヤクルト,8,7,大勢敗：小澤,小澤,0
2023-05-04,DeNA,広島,3,2,森原敗：松本,松本,0
2023-05-04,阪神,中日,3,2,及川敗：柳,柳,0
2023-05-04,楽天,ロッテ,6,0,松井友敗：森,森,0
2023-05-04,西武,日本ハム,0,1,北山敗：松本,松本,0
2023-05-04,ソフトバンク,オリックス,8,7,モイネロ敗：平野佳,平野佳,0
2023-05-05,ヤクルト,DeNA,10,9,木澤敗：山﨑,山﨑,0
2023-05-05,中日,巨人,8,3,福敗：田中千,田中千,0
2023-05-05,広島,阪神,0,5,大竹敗：遠藤,遠藤,0
2023-05-05,日本ハム,楽天,5,2,宮内敗：西口,西口,0
2023-05-05,ロッテ,ソフトバンク,0,0,,,0
2023-05-05,オリックス,西武,6,0,山下敗：隅田,隅田,0
2023-05-06,ヤクルト,DeNA,7,17,上茶谷敗：小川,小川,0
2023-05-06,中日,巨人,2,1,祖父江敗：三上,三上,0
2023-05-06,広島,阪神,,,,,1
2023-05-06,日本ハム,楽天,0,5,瀧中敗：上沢,上沢,0
2023-05-06,ロッテ,ソフトバンク,3,6,東浜敗：澤村,澤村,0
2023-05-06,オリックス,西武,4,3,比嘉敗：増田,増田,0
2023-05-07,ヤクルト,DeNA,,,,,1
2023-05-07,中日,巨人,2,1,田島敗：直江,直江,0
2023-05-07,広島,阪神,,,,,1
2023-05-07,日本ハム,楽天,3,2,田中正敗：宮森,宮森,0
2023-05-07,ロッテ,ソフトバンク,,,,,1
2023-05-07,オリックス,西武,4,5,平井敗：阿部,阿部,0
2023-05-09,DeNA,巨人,2,9,戸郷敗：バウアー,バウアー,0
2023-05-09,中日,広島,0,1,床田敗：祖父江,祖父江,0
2023-05-09,阪神,ヤクルト,0,1,吉村敗：村上,村上,0
2023-05-09,楽天,オリックス,0,2,宮城敗：早川,早川,0
2023-05-09,西武,ロッテ,2,6,種市敗：今井,今井,0
2023-05-09,ソフトバンク,日本ハム,1,0,大関敗：ロドリゲス,ロドリゲス,0
2023-05-10,中日,広島,0,4,九里敗：涌井,涌井,0
2023-05-10,阪神,ヤクルト,0,5,石川敗：西勇,西勇,0
2023-05-10,楽天,オリックス,2,8,田嶋敗：岸,岸,0
2023-05-10,西武,ロッテ,2,3,小島敗：エンス,エンス,0
2023-05-10,ソフトバンク,日本ハム,3,6,齋藤敗：松本裕,松本裕,0
2023-05-11,DeNA,巨人,1,4,山﨑伊敗：東,東,0
2023-05-11,中日,広島,2,3,矢崎敗：田島,田島,0
2023-05-11,阪神,ヤクルト,2,1,石井敗：清水,清水,0
2023-05-11,楽天,オリックス,7,3,則本敗：黒木,黒木,0
2023-05-11,西武,ロッテ,0,3,西野敗：平良,平良,0
2023-05-11,ソフトバンク,日本ハム,6,3,藤井敗：北山,北山,0
2023-05-12,巨人,広島,4,9,矢崎敗：菊地,菊地,0
2023-05-12,ヤクルト,中日,1,7,小笠原敗：高梨,高梨,0
2023-05-12,阪神,DeNA,6,3,青柳敗：今永,今永,0
2023-05-12,西武,楽天,4,4,,,0
2023-05-12,オリックス,ソフトバンク,3,4,石川敗：山﨑福,山﨑福,0
2023-05-13,巨人,広島,5,4,菊地敗：松本,松本,0
2023-05-13,ヤクルト,中日,4,1,ピーターズ敗：仲地,仲地,0
2023-05-13,阪神,DeNA,7,2,大竹敗：ガゼルマン,ガゼルマン,0
2023-05-13,日本ハム,ロッテ,5,0,加藤貴敗：森,森,0
2023-05-13,西武,楽天,7,4,髙橋光成敗：藤平,藤平,0
2023-05-13,オリックス,ソフトバンク,8,3,山本敗：東浜,東浜,0
2023-05-14,巨人,広島,2,7,アンダーソン敗：赤星,赤星,0
2023-05-14,ヤクルト,中日,8,5,小川敗：髙橋宏,髙橋宏,0
2023-05-14,阪神,DeNA,15,7,西純敗：平良,平良,0
2023-05-14,日本ハム,ロッテ,2,5,メルセデス敗：メネズ,メネズ,0
2023-05-14,西武,楽天,0,5,瀧中敗：隅田,隅田,0
2023-05-14,オリックス,ソフトバンク,3,3,,,0
2023-05-16,ヤクルト,巨人,8,9,鍵谷敗：石山,石山,0
2023-05-16,DeNA,広島,5,7,床田敗：バウアー,バウアー,0
2023-05-16,中日,阪神,4,9,村上敗：福谷,福谷,0
2023-05-16,日本ハム,西武,2,4,増田敗：杉浦,杉浦,0
2023-05-16,楽天,ソフトバンク,3,0,早川敗：大関,大関,0
2023-05-16,ロッテ,オリックス,1,1,,,0
2023-05-17,ヤクルト,巨人,4,5,山﨑伊敗：市川,市川,0
2023-05-17,DeNA,広島,7,4,伊勢敗：九里,九里,0
2023-05-17,中日,阪神,1,3,西勇敗：涌井,涌井,0
2023-05-17,日本ハム,西武,3,0,上沢敗：エンス,エンス,0
2023-05-17,楽天,ソフトバンク,1,10,和田敗：荘司,荘司,0
2023-05-17,ロッテ,オリックス,7,3,小島敗：田嶋,田嶋,0
2023-05-18,ヤクルト,巨人,3,6,横川敗：サイスニード,サイスニード,0
2023-05-18,DeNA,広島,13,3,東敗：コルニエル,コルニエル,0
2023-05-18,中日,阪神,1,4,伊藤将敗：柳,柳,0
2023-05-18,日本ハム,西武,6,2,伊藤敗：佐藤隼,佐藤隼,0
2023-05-18,ロッテ,オリックス,5,1,岩下敗：山﨑福,山﨑福,0
2023-05-19,DeNA,ヤクルト,,,,,1
2023-05-19,阪神,広島,7,10,ケムナ敗：及川,及川,0
2023-05-19,楽天,ロッテ,,,,,1
2023-05-19,オリックス,日本ハム,0,1,加藤貴敗：阿部,阿部,0
2023-05-19,ソフトバンク,西武,5,4,石川敗：松本,松本,0
2023-05-20,巨人,中日,6,2,グリフィン敗：小笠原,小笠原,0
2023-05-20,DeNA,ヤクルト,5,3,ウェンデルケン敗：石山,石山,0
2023-05-20,阪神,広島,1,0,岩崎敗：森下,森下,0
2023-05-20,楽天,ロッテ,1,6,西野敗：則本,則本,0
2023-05-20,オリックス,日本ハム,3,5,北山敗：竹安,竹安,0
2023-05-20,ソフトバンク,西武,0,1,平井敗：東浜,東浜,0
2023-05-21,巨人,中日,5,2,松井敗：髙橋宏,髙橋宏,0
2023-05-21,DeNA,ヤクルト,3,3,,,0
2023-05-21,阪神,広島,4,1,才木敗：アンダーソン,アンダーソン,0
2023-05-21,楽天,ロッテ,4,6,廣畑敗：瀧中,瀧中,0
2023-05-21,オリックス,日本ハム,10,4,黒木敗：鈴木,鈴木,0
2023-05-21,ソフトバンク,西武,3,1,藤井敗：隅田,隅田,0
2023-05-23,巨人,DeNA,3,6,平良敗：赤星,赤星,0
2023-05-23,ヤクルト,阪神,3,6,村上敗：石川,石川,0
2023-05-23,広島,中日,1,3,福谷敗：大瀬良,大瀬良,0
2023-05-23,日本ハム,ソフトバンク,2,4,大関敗：河野,河野,0
2023-05-23,ロッテ,西武,,,,,1
2023-05-23,オリックス,楽天,8,0,山下敗：田中将,田中将,0
2023-05-24,巨人,DeNA,1,0,戸郷敗：石田,石田,0
2023-05-24,ヤクルト,阪神,5,6,島本敗：田口,田口,0
2023-05-24,広島,中日,6,2,九里敗：涌井,涌井,0
2023-05-24,日本ハム,ソフトバンク,1,2,和田敗：上沢,上沢,0
2023-05-24,ロッテ,西武,11,1,小島敗：今井,今井,0
2023-05-24,オリックス,楽天,6,5,ワゲスパック敗：松井裕,松井裕,0
2023-05-25,巨人,DeNA,5,4,田中千敗：東,東,0
2023-05-25,ヤクルト,阪神,4,7,及川敗：星,星,0
2023-05-25,広島,中日,2,8,柳敗：コルニエル,コルニエル,0
2023-05-25,日本ハム,ソフトバンク,5,1,加藤貴敗：ガンケル,ガンケル,0
2023-05-26,中日,DeNA,1,0,小笠原敗：ガゼルマン,ガゼルマン,0
2023-05-26,阪神,巨人,2,1,桐敷敗：鈴木康,鈴木康,0
2023-05-26,広島,ヤクルト,6,4,島内敗：高梨,高梨,0
2023-05-26,楽天,日本ハム,4,3,内敗：伊藤,伊藤,0
2023-05-26,西武,オリックス,1,4,山岡敗：松本,松本,0
2023-05-27,中日,DeNA,3,2,マルティネス敗：三嶋,三嶋,0
2023-05-27,阪神,巨人,3,2,大竹敗：グリフィン,グリフィン,0
2023-05-27,広島,ヤクルト,4,1,森下敗：ピーターズ,ピーターズ,0
2023-05-27,楽天,日本ハム,1,3,鈴木敗：松井友,松井友,0
2023-05-27,西武,オリックス,0,3,山﨑福敗：髙橋光成,髙橋光成,0
2023-05-27,ソフトバンク,ロッテ,6,5,板東敗：東妻,東妻,0
2023-05-28,中日,DeNA,1,3,大貫敗：髙橋宏,髙橋宏,0
2023-05-28,阪神,巨人,4,1,才木敗：田中千,田中千,0
2023-05-28,広島,ヤクルト,3,1,アンダーソン敗：小川,小川,0
2023-05-28,楽天,日本ハム,3,2,宋家豪敗：ロドリゲス,ロドリゲス,0
2023-05-28,西武,オリックス,3,2,平良敗：宮城,宮城,0
2023-05-28,ソフトバンク,ロッテ,5,9,佐々木朗敗：藤井,藤井,0
2023-05-30,日本ハム,ヤクルト,2,1,上原敗：石川,石川,0
2023-05-30,楽天,DeNA,2,3,今永敗：則本,則本,0
2023-05-30,西武,阪神,1,3,村上敗：與座,與座,0
2023-05-30,ロッテ,巨人,2,1,西野敗：平内,平内,0
2023-05-30,オリックス,広島,4,0,山本敗：大瀬良,大瀬良,0
2023-05-30,ソフトバンク,中日,13,5,大関敗：福谷,福谷,0
2023-05-31,日本ハム,ヤクルト,5,2,上沢敗：市川,市川,0
2023-05-31,楽天,DeNA,3,1,田中将敗：ウェンデルケン,ウェンデルケン,0
2023-05-31,西武,阪神,4,0,森脇敗：西勇,西勇,0
2023-05-31,ロッテ,巨人,4,7,戸郷敗：澤村,澤村,0
2023-05-31,オリックス,広島,1,3,九里敗：黒木,黒木,0
2023-05-31,ソフトバンク,中日,1,7,涌井敗：東浜,東浜,0
2023-06-01,日本ハム,ヤクルト,0,5,サイスニード敗：加藤貴,加藤貴,0
2023-06-01,楽天,DeNA,3,11,東敗：瀧中,瀧中,0
2023-06-01,西武,阪神,4,2,宮川敗：伊藤将,伊藤将,0
2023-06-01,ロッテ,巨人,2,3,山﨑伊敗：カスティーヨ,カスティーヨ,0
2023-06-01,オリックス,広島,9,2,山下敗：コルニエル,コルニエル,0
2023-06-01,ソフトバンク,中日,5,6,清水敗：津森,津森,0
2023-06-02,巨人,日本ハム,2,8,鈴木敗：横川,横川,0
2023-06-02,ヤクルト,楽天,,,,,1
2023-06-02,DeNA,西武,,,,,1
2023-06-02,中日,オリックス,2,1,勝野敗：ワゲスパック,ワゲスパック,0
2023-06-02,阪神,ロッテ,,,,,1
2023-06-02,広島,ソフトバンク,1,5,板東敗：床田,床田,0
2023-06-03,巨人,日本ハム,3,2,大勢敗：玉井,玉井,0
2023-06-03,ヤクルト,楽天,9,5,ピーターズ敗：早川,早川,0
2023-06-03,DeNA,西武,6,2,バウアー敗：髙橋光成,髙橋光成,0
2023-06-03,中日,オリックス,1,5,山﨑福敗：勝野,勝野,0
2023-06-03,阪神,ロッテ,6,5,浜地敗：廣畑,廣畑,0
2023-06-03,広島,ソフトバンク,4,2,森下敗：石川,石川,0
2023-06-04,巨人,日本ハム,3,10,北山敗：松井,松井,0
2023-06-04,ヤクルト,楽天,5,2,小澤敗：荘司,荘司,0
2023-06-04,DeNA,西武,5,4,入江敗：ティノコ,ティノコ,0
2023-06-04,中日,オリックス,0,5,宮城敗：祖父江,祖父江,0
2023-06-04,阪神,ロッテ,2,0,才木敗：佐々木朗,佐々木朗,0
2023-06-04,広島,ソフトバンク,2,3,藤井敗：栗林,栗林,0
2023-06-05,DeNA,西武,4,6,松本敗：平良,平良,0
2023-06-05,阪神,ロッテ,7,7,,,0
2023-06-06,日本ハム,広島,2,3,栗林敗：宮西,宮西,0
2023-06-06,楽天,阪神,4,1,則本敗：村上,村上,0
2023-06-06,西武,中日,1,2,鈴木敗：與座,與座,0
2023-06-06,ロッテ,ヤクルト,3,10,小川敗：美馬,美馬,0
2023-06-06,オリックス,巨人,2,1,山本敗：髙橋,髙橋,0
2023-06-06,ソフトバンク,DeNA,2,1,モイネロ敗：伊勢,伊勢,0
2023-06-07,日本ハム,広島,0,1,九里敗：加藤貴,加藤貴,0
2023-06-07,楽天,阪神,3,11,西勇敗：田中将,田中将,0
2023-06-07,西武,中日,2,1,増田敗：祖父江,祖父江,0
2023-06-07,ロッテ,ヤクルト,6,0,メルセデス敗：高橋,高橋,0
2023-06-07,オリックス,巨人,0,10,戸郷敗：曽谷,曽谷,0
2023-06-07,ソフトバンク,DeNA,4,0,東浜敗：石田,石田,0
2023-06-08,日本ハム,広島,2,7,コルニエル敗：上沢,上沢,0
2023-06-08,楽天,阪神,6,4,内敗：湯浅,湯浅,0
2023-06-08,西武,中日,2,8,柳敗：宮川,宮川,0
2023-06-08,ロッテ,ヤクルト,3,2,カスティーヨ敗：サイスニード,サイスニード,0
2023-06-08,オリックス,巨人,0,6,中川敗：本田,本田,0
2023-06-08,ソフトバンク,DeNA,5,6,東敗：森,森,0
2023-06-09,日本ハム,阪神,4,0,鈴木敗：富田,富田,0
2023-06-09,楽天,中日,5,4,渡辺翔敗：小笠原,小笠原,0
2023-06-09,西武,ヤクルト,2,1,隅田敗：ピーターズ,ピーターズ,0
2023-06-09,ロッテ,広島,2,3,床田敗：西野,西野,0
2023-06-09,オリックス,DeNA,2,4,バウアー敗：山下,山下,0
2023-06-09,ソフトバンク,巨人,5,1,和田敗：横川,横川,0
2023-06-10,日本ハム,阪神,4,3,宮西敗：大竹,大竹,0
2023-06-10,楽天,中日,1,0,早川敗：松葉,松葉,0
2023-06-10,西武,ヤクルト,0,2,石川敗：髙橋光成,髙橋光成,0
2023-06-10,ロッテ,広島,5,4,益田敗：栗林,栗林,0
2023-06-10,オリックス,DeNA,7,3,山﨑福敗：ガゼルマン,ガゼルマン,0
2023-06-10,ソフトバンク,巨人,6,10,大江敗：石川,石川,0
2023-06-11,日本ハム,阪神,0,1,才木敗：北山,北山,0
2023-06-11,楽天,中日,,,,,1
2023-06-11,西武,ヤクルト,2,3,小澤敗：平良,平良,0
2023-06-11,ロッテ,広島,6,5,佐々木朗敗：黒原,黒原,0
2023-06-11,オリックス,DeNA,4,8,大貫敗：宮城,宮城,0
2023-06-11,ソフトバンク,巨人,2,4,菅野敗：尾形,尾形,0
2023-06-13,巨人,西武,3,0,メンデス敗：松本,松本,0
2023-06-13,ヤクルト,ソフトバンク,1,5,有原敗：小川,小川,0
2023-06-13,DeNA,日本ハム,5,3,今永敗：上原,上原,0
2023-06-13,中日,ロッテ,7,0,髙橋宏敗：小島,小島,0
2023-06-13,阪神,オリックス,0,2,山本敗：村上,村上,0
2023-06-13,広島,楽天,3,6,則本敗：大瀬良,大瀬良,0
2023-06-14,巨人,西武,7,1,戸郷敗：エンス,エンス,0
2023-06-14,ヤクルト,ソフトバンク,2,3,東浜敗：高橋,高橋,0
2023-06-14,DeNA,日本ハム,2,1,バウアー敗：加藤貴,加藤貴,0
2023-06-14,中日,ロッテ,1,2,種市敗：涌井,涌井,0
2023-06-14,阪神,オリックス,8,3,西勇敗：曽谷,曽谷,0
2023-06-14,広島,楽天,4,3,矢崎敗：松井裕,松井裕,0
2023-06-15,巨人,西武,3,2,菊地敗：平井,平井,0
2023-06-15,ヤクルト,ソフトバンク,7,9,武田敗：清水,清水,0
2023-06-15,DeNA,日本ハム,,,,,1
2023-06-15,中日,ロッテ,1,1,,,0
2023-06-15,阪神,オリックス,2,3,ワゲスパック敗：湯浅,湯浅,0
2023-06-15,広島,楽天,7,11,渡辺翔敗：島内,島内,0
2023-06-16,巨人,楽天,6,5,大江敗：酒居,酒居,0
2023-06-16,ヤクルト,オリックス,1,4,山﨑福敗：ピーターズ,ピーターズ,0
2023-06-16,DeNA,ロッテ,2,5,メルセデス敗：濵口,濵口,0
2023-06-16,中日,日本ハム,1,2,上沢敗：小笠原,小笠原,0
2023-06-16,阪神,ソフトバンク,4,1,島本敗：和田,和田,0
2023-06-16,広島,西武,2,0,床田敗：隅田,隅田,0
2023-06-17,巨人,楽天,1,2,早川敗：グリフィン,グリフィン,0
2023-06-17,ヤクルト,オリックス,5,8,山下敗：石川,石川,0
2023-06-17,DeNA,ロッテ,10,1,大貫敗：カスティーヨ,カスティーヨ,0
2023-06-17,中日,日本ハム,3,6,伊藤敗：藤嶋,藤嶋,0
2023-06-17,阪神,ソフトバンク,4,6,田浦敗：岩崎,岩崎,0
2023-06-17,広島,西武,6,4,森下敗：髙橋光成,髙橋光成,0
2023-06-18,巨人,楽天,1,2,岸敗：菅野,菅野,0
2023-06-18,ヤクルト,オリックス,0,6,宮城敗：星,星,0
2023-06-18,DeNA,ロッテ,6,1,森原敗：佐々木朗,佐々木朗,0
2023-06-18,中日,日本ハム,0,4,北山敗：福谷,福谷,0
2023-06-18,阪神,ソフトバンク,0,9,大津敗：加治屋,加治屋,0
2023-06-18,広島,西武,4,11,平良敗：河野,河野,0
2023-06-19,DeNA,日本ハム,3,4,田中正敗：山﨑,山﨑,0
2023-06-20,ヤクルト,楽天,13,0,山本敗：藤平,藤平,0
2023-06-21,楽天,中日,2,5,髙橋宏敗：瀧中,瀧中,0
2023-06-23,DeNA,阪神,3,1,今永敗：ビーズリー,ビーズリー,0
2023-06-23,中日,ヤクルト,0,4,サイスニード敗：小笠原,小笠原,0
2023-06-23,広島,巨人,3,5,横川敗：九里,九里,0
2023-06-23,楽天,西武,4,5,平井敗：酒居,酒居,0
2023-06-23,ロッテ,日本ハム,3,5,加藤貴敗：種市,種市,0
2023-06-23,ソフトバンク,オリックス,7,1,有原敗：山本,山本,0
2023-06-24,DeNA,阪神,2,0,東敗：伊藤将,伊藤将,0
2023-06-24,中日,ヤクルト,3,1,祖父江敗：小川,小川,0
2023-06-24,広島,巨人,3,1,大瀬良敗：メンデス,メンデス,0
2023-06-24,楽天,西武,0,1,髙橋光成敗：辛島,辛島,0
2023-06-24,ロッテ,日本ハム,5,4,益田敗：宮西,宮西,0
2023-06-24,ソフトバンク,オリックス,3,2,オスナ敗：ワゲスパック,ワゲスパック,0
2023-06-25,DeNA,阪神,5,3,バウアー敗：才木,才木,0
2023-06-25,中日,ヤクルト,5,1,涌井敗：高橋,高橋,0
2023-06-25,広島,巨人,3,2,森敗：山﨑伊,山﨑伊,0
2023-06-25,楽天,西武,2,5,隅田敗：早川,早川,0
2023-06-25,ロッテ,日本ハム,6,5,澤村敗：生田目,生田目,0
2023-06-25,ソフトバンク,オリックス,2,4,山﨑福敗：板東,板東,0
2023-06-26,ソフトバンク,楽天,1,3,田中将敗：和田,和田,0
2023-06-27,巨人,ヤクルト,,,,,1
2023-06-27,阪神,中日,11,3,西勇敗：柳,柳,0
2023-06-27,広島,DeNA,3,2,ターリー敗：上茶谷,上茶谷,0
2023-06-27,西武,日本ハム,1,2,伊藤敗：平良,平良,0
2023-06-27,オリックス,ロッテ,2,1,平野佳敗：益田,益田,0
2023-06-28,巨人,ヤクルト,0,6,小澤敗：グリフィン,グリフィン,0
2023-06-28,阪神,中日,2,4,勝野敗：島本,島本,0
2023-06-28,広島,DeNA,6,2,森下敗：石田,石田,0
2023-06-28,西武,日本ハム,2,0,森脇敗：河野,河野,0
2023-06-28,オリックス,ロッテ,10,0,山下敗：小島,小島,0
2023-06-28,ソフトバンク,楽天,3,2,モイネロ敗：渡辺翔,渡辺翔,0
2023-06-29,阪神,中日,8,0,村上敗：松葉,松葉,0
2023-06-29,広島,DeNA,5,3,ターリー敗：エスコバー,エスコバー,0
2023-06-29,ソフトバンク,楽天,3,2,大津敗：内,内,0
2023-06-30,巨人,阪神,2,1,高梨敗：加治屋,加治屋,0
2023-06-30,ヤクルト,広島,0,8,九里敗：サイスニード,サイスニード,0
2023-06-30,DeNA,中日,1,2,清水敗：伊勢,伊勢,0
2023-06-30,日本ハム,オリックス,1,5,山本敗：加藤貴,加藤貴,0
2023-06-30,西武,ソフトバンク,1,3,有原敗：松本,松本,0
2023-06-30,ロッテ,楽天,4,5,酒居敗：ペルドモ,ペルドモ,0
2023-07-01,巨人,阪神,0,3,伊藤将敗：菅野,菅野,0
2023-07-01,ヤクルト,広島,3,2,ピーターズ敗：大瀬良,大瀬良,0
2023-07-01,DeNA,中日,2,2,,,0
2023-07-01,日本ハム,オリックス,1,3,本田敗：上沢,上沢,0
2023-07-01,西武,ソフトバンク,5,7,オスナ敗：平井,平井,0
2023-07-01,ロッテ,楽天,10,2,種市敗：辛島,辛島,0
2023-07-02,巨人,阪神,2,2,,,0
2023-07-02,ヤクルト,広島,4,2,高橋敗：森,森,0
2023-07-02,DeNA,中日,3,2,東敗：涌井,涌井,0
2023-07-02,日本ハム,オリックス,6,3,北山敗：山岡,山岡,0
2023-07-02,西武,ソフトバンク,3,9,田浦敗：隅田,隅田,0
2023-07-02,ロッテ,楽天,4,11,藤井敗：メルセデス,メルセデス,0
2023-07-04,DeNA,ヤクルト,3,4,清水敗：山﨑,山﨑,0
2023-07-04,中日,巨人,1,5,山﨑伊敗：柳,柳,0
2023-07-04,広島,阪神,9,1,床田敗：西勇,西勇,0
2023-07-04,楽天,オリックス,7,9,宇田川敗：田中将,田中将,0
2023-07-04,ロッテ,西武,1,0,西村敗：ティノコ,ティノコ,0
2023-07-04,ソフトバンク,日本ハム,3,10,伊藤敗：和田,和田,0
2023-07-05,DeNA,ヤクルト,4,5,今野敗：入江,入江,0
2023-07-05,中日,巨人,6,7,田中千敗：祖父江,祖父江,0
2023-07-05,広島,阪神,0,2,大竹敗：森下,森下,0
2023-07-05,楽天,オリックス,6,1,荘司敗：宮城,宮城,0
2023-07-05,ロッテ,西武,2,1,佐々木朗敗：平良,平良,0
2023-07-05,ソフトバンク,日本ハム,5,1,板東敗：鈴木,鈴木,0
2023-07-06,DeNA,ヤクルト,3,2,バウアー敗：石川,石川,0
2023-07-06,広島,阪神,4,0,野村敗：村上,村上,0
2023-07-06,楽天,オリックス,3,0,岸敗：山下,山下,0
2023-07-06,ロッテ,西武,7,6,ペルドモ敗：佐々木,佐々木,0
2023-07-06,ソフトバンク,日本ハム,4,3,甲斐野敗：河野,河野,0
2023-07-07,巨人,DeNA,1,2,今永敗：戸郷,戸郷,0
2023-07-07,中日,広島,8,0,小笠原敗：九里,九里,0
2023-07-07,阪神,ヤクルト,,,,,1
2023-07-07,楽天,ソフトバンク,6,5,則本敗：有原,有原,0
2023-07-08,巨人,DeNA,6,0,菅野敗：ガゼルマン,ガゼルマン,0
2023-07-08,中日,広島,5,1,メヒア敗：大瀬良,大瀬良,0
2023-07-08,阪神,ヤクルト,2,3,木澤敗：伊藤将,伊藤将,0
2023-07-08,日本ハム,ロッテ,2,3,美馬敗：上沢,上沢,0
2023-07-08,楽天,ソフトバンク,8,1,辛島敗：東浜,東浜,0
2023-07-08,オリックス,西武,5,1,山本敗：髙橋光成,髙橋光成,0
2023-07-09,巨人,DeNA,0,1,エスコバー敗：菊地,菊地,0
2023-07-09,中日,広島,2,3,森敗：涌井,涌井,0
2023-07-09,阪神,ヤクルト,1,0,岩貞敗：木澤,木澤,0
2023-07-09,日本ハム,ロッテ,2,3,種市敗：池田,池田,0
2023-07-09,楽天,ソフトバンク,5,1,藤井敗：石川,石川,0
2023-07-09,オリックス,西武,11,5,宇田川敗：松本,松本,0
2023-07-10,ソフトバンク,西武,1,2,隅田敗：スチュワート・ジュニア,スチュワート・ジュニア,0
2023-07-11,巨人,広島,4,0,山﨑伊敗：床田,床田,0
2023-07-11,ヤクルト,中日,2,5,柳敗：サイスニード,サイスニード,0
2023-07-11,阪神,DeNA,7,2,青柳敗：笠原,笠原,0
2023-07-11,日本ハム,楽天,2,3,田中将敗：北山,北山,0
2023-07-11,オリックス,ロッテ,4,3,山﨑福敗：メルセデス,メルセデス,0
2023-07-12,巨人,広島,0,2,森下敗：グリフィン,グリフィン,0
2023-07-12,ヤクルト,中日,8,5,大西敗：祖父江,祖父江,0
2023-07-12,阪神,DeNA,5,4,岩崎敗：ウェンデルケン,ウェンデルケン,0
2023-07-12,日本ハム,楽天,3,4,宋家豪敗：伊藤,伊藤,0
2023-07-12,オリックス,ロッテ,3,5,佐々木朗敗：コットン,コットン,0
2023-07-12,ソフトバンク,西武,2,4,今井敗：板東,板東,0
2023-07-13,巨人,広島,1,6,大道敗：ビーディ,ビーディ,0
2023-07-13,ヤクルト,中日,2,4,小笠原敗：小澤,小澤,0
2023-07-13,阪神,DeNA,0,4,石田敗：村上,村上,0
2023-07-13,日本ハム,楽天,2,3,酒居敗：田中正,田中正,0
2023-07-13,オリックス,ロッテ,,,,,1
2023-07-13,ソフトバンク,西武,2,4,平良敗：津森,津森,0
2023-07-15,ヤクルト,巨人,3,1,ピーターズ敗：井上,井上,0
2023-07-15,DeNA,広島,1,2,栗林敗：山﨑,山﨑,0
2023-07-15,阪神,中日,4,6,清水敗：島本,島本,0
2023-07-15,西武,日本ハム,1,0,増田敗：池田,池田,0
2023-07-15,ロッテ,楽天,9,7,中村稔敗：酒居,酒居,0
2023-07-15,ソフトバンク,オリックス,2,3,山本敗：有原,有原,0
2023-07-16,ヤクルト,巨人,10,3,高橋敗：メンデス,メンデス,0
2023-07-16,DeNA,広島,2,3,ターリー敗：伊勢,伊勢,0
2023-07-16,阪神,中日,0,3,メヒア敗：伊藤将,伊藤将,0
2023-07-16,西武,日本ハム,2,0,髙橋光成敗：上原,上原,0
2023-07-16,ロッテ,楽天,6,7,渡辺翔敗：益田,益田,0
2023-07-16,ソフトバンク,オリックス,1,2,阿部敗：松本裕,松本裕,0
2023-07-17,ヤクルト,巨人,11,10,田口敗：中川,中川,0
2023-07-17,DeNA,広島,1,2,床田敗：バウアー,バウアー,0
2023-07-17,阪神,中日,4,1,西純敗：涌井,涌井,0
2023-07-17,西武,日本ハム,7,2,隅田敗：鈴木,鈴木,0
2023-07-17,ロッテ,楽天,2,4,安樂敗：種市,種市,0
2023-07-17,ソフトバンク,オリックス,0,3,山下敗：スチュワート・ジュニア,スチュワート・ジュニア,0
2023-07-19,セ・リーグ,パ・リーグ,1,8,佐々木朗敗：村上,村上,0
2023-07-20,セ・リーグ,パ・リーグ,1,6,山下敗：九里,九里,0
2023-07-22,ヤクルト,阪神,6,3,小川敗：青柳,青柳,0
2023-07-22,DeNA,巨人,2,4,山﨑伊敗：伊勢,伊勢,0
2023-07-22,広島,中日,5,3,森下敗：勝野,勝野,0
2023-07-22,西武,楽天,2,1,今井敗：辛島,辛島,0
2023-07-22,ロッテ,ソフトバンク,5,2,西野敗：大関,大関,0
2023-07-22,オリックス,日本ハム,5,4,平野佳敗：宮西,宮西,0
2023-07-23,ヤクルト,阪神,2,4,伊藤将敗：大西,大西,0
2023-07-23,DeNA,巨人,0,4,メンデス敗：平良,平良,0
2023-07-23,広島,中日,3,1,大瀬良敗：柳,柳,0
2023-07-23,西武,楽天,2,4,則本敗：エンス,エンス,0
2023-07-23,ロッテ,ソフトバンク,4,3,横山敗：津森,津森,0
2023-07-23,オリックス,日本ハム,7,5,山岡敗：ポンセ,ポンセ,0
2023-07-24,ロッテ,ソフトバンク,2,1,西村敗：オスナ,オスナ,0
2023-07-25,中日,DeNA,3,5,今永敗：小笠原,小笠原,0
2023-07-25,阪神,巨人,4,2,島本敗：菅野,菅野,0
2023-07-25,広島,ヤクルト,6,3,ターリー敗：石山,石山,0
2023-07-25,楽天,日本ハム,3,1,早川敗：加藤貴,加藤貴,0
2023-07-25,西武,ロッテ,3,0,髙橋光成敗：メルセデス,メルセデス,0
2023-07-25,オリックス,ソフトバンク,0,5,有原敗：山本,山本,0
2023-07-26,中日,DeNA,7,1,仲地敗：ガゼルマン,ガゼルマン,0
2023-07-26,阪神,巨人,8,5,桐敷敗：菊地,菊地,0
2023-07-26,広島,ヤクルト,5,3,森敗：高橋,高橋,0
2023-07-26,楽天,日本ハム,2,3,池田敗：鈴木翔,鈴木翔,0
2023-07-26,西武,ロッテ,5,3,與座敗：美馬,美馬,0
2023-07-26,オリックス,ソフトバンク,1,7,スチュワート・ジュニア敗：宮城,宮城,0
2023-07-27,中日,DeNA,1,2,バウアー敗：メヒア,メヒア,0
2023-07-27,阪神,巨人,6,9,戸郷敗：才木,才木,0
2023-07-27,広島,ヤクルト,4,1,床田敗：石山,石山,0
2023-07-27,楽天,日本ハム,5,9,北山敗：田中将,田中将,0
2023-07-28,巨人,中日,11,5,船迫敗：涌井,涌井,0
2023-07-28,ヤクルト,DeNA,4,5,山﨑敗：清水,清水,0
2023-07-28,阪神,広島,7,2,村上敗：野村,野村,0
2023-07-28,日本ハム,オリックス,4,0,上沢敗：山下,山下,0
2023-07-28,楽天,西武,5,1,岸敗：平良,平良,0
2023-07-28,ソフトバンク,ロッテ,5,8,種市敗：東浜,東浜,0
2023-07-29,巨人,中日,6,3,山﨑伊敗：髙橋宏,髙橋宏,0
2023-07-29,ヤクルト,DeNA,5,3,小川敗：大貫,大貫,0
2023-07-29,阪神,広島,2,2,,,0
2023-07-29,日本ハム,オリックス,3,4,山﨑福敗：伊藤,伊藤,0
2023-07-29,楽天,西武,1,3,今井敗：辛島,辛島,0
2023-07-29,ソフトバンク,ロッテ,1,4,カスティーヨ敗：大関,大関,0
2023-07-30,巨人,中日,4,0,高梨敗：清水,清水,0
2023-07-30,ヤクルト,DeNA,7,4,小澤敗：石田,石田,0
2023-07-30,阪神,広島,4,2,伊藤将敗：大瀬良,大瀬良,0
2023-07-30,日本ハム,オリックス,2,9,東敗：ポンセ,ポンセ,0
2023-07-30,楽天,西武,5,4,酒居敗：水上,水上,0
2023-07-30,ソフトバンク,ロッテ,6,5,松本裕敗：澤村,澤村,0
2023-08-01,巨人,ヤクルト,0,1,山野敗：菅野,菅野,0
2023-08-01,中日,阪神,2,10,西純敗：小笠原,小笠原,0
2023-08-01,広島,DeNA,3,5,山﨑敗：栗林,栗林,0
2023-08-01,西武,ソフトバンク,5,0,髙橋光成敗：有原,有原,0
2023-08-01,ロッテ,日本ハム,2,3,ロドリゲス敗：益田,益田,0
2023-08-01,オリックス,楽天,6,2,山本敗：早川,早川,0
2023-08-02,巨人,ヤクルト,9,2,グリフィン敗：高橋,高橋,0
2023-08-02,中日,阪神,3,1,齋藤敗：秋山,秋山,0
2023-08-02,広島,DeNA,4,2,森敗：濵口,濵口,0
2023-08-02,西武,ソフトバンク,2,0,與座敗：石川,石川,0
2023-08-02,ロッテ,日本ハム,6,8,マーベル敗：中村稔,中村稔,0
2023-08-02,オリックス,楽天,3,2,平野佳敗：安樂,安樂,0
2023-08-03,巨人,ヤクルト,2,1,戸郷敗：清水,清水,0
2023-08-03,中日,阪神,2,5,ビーズリー敗：仲地,仲地,0
2023-08-03,広島,DeNA,0,0,,,0
2023-08-03,ロッテ,日本ハム,7,5,西野敗：北山,北山,0
2023-08-03,オリックス,楽天,1,9,田中将敗：ワゲスパック,ワゲスパック,0
2023-08-04,DeNA,阪神,2,5,浜地敗：伊勢,伊勢,0
2023-08-04,中日,ヤクルト,11,1,松葉敗：サイスニード,サイスニード,0
2023-08-04,広島,巨人,4,3,大道敗：中川,中川,0
2023-08-04,日本ハム,ソフトバンク,5,4,福田俊敗：椎野,椎野,0
2023-08-04,楽天,ロッテ,3,5,種市敗：岸,岸,0
2023-08-04,西武,オリックス,3,2,増田敗：阿部,阿部,0
2023-08-05,DeNA,阪神,3,7,青柳敗：大貫,大貫,0
2023-08-05,中日,ヤクルト,4,2,髙橋宏敗：小川,小川,0
2023-08-05,広島,巨人,7,3,玉村敗：山﨑伊,山﨑伊,0
2023-08-05,日本ハム,ソフトバンク,6,11,又吉敗：立野,立野,0
2023-08-05,楽天,ロッテ,7,6,酒居敗：ペルドモ,ペルドモ,0
2023-08-05,西武,オリックス,1,2,山下敗：今井,今井,0
2023-08-06,DeNA,阪神,2,3,伊藤将敗：石田,石田,0
2023-08-06,中日,ヤクルト,1,3,小澤敗：柳,柳,0
2023-08-06,広島,巨人,0,13,メンデス敗：大瀬良,大瀬良,0
2023-08-06,日本ハム,ソフトバンク,1,6,スチュワート・ジュニア敗：ポンセ,ポンセ,0
2023-08-06,楽天,ロッテ,2,1,則本敗：小島,小島,0
2023-08-06,西武,オリックス,0,9,東敗：宮川,宮川,0
2023-08-08,巨人,阪神,6,7,西純敗：菅野,菅野,0
2023-08-08,ヤクルト,広島,5,4,山本敗：ターリー,ターリー,0
2023-08-08,DeNA,中日,7,4,山﨑敗：小笠原,小笠原,0
2023-08-08,日本ハム,西武,3,6,髙橋光成敗：加藤貴,加藤貴,0
2023-08-08,ロッテ,オリックス,0,2,山本敗：カスティーヨ,カスティーヨ,0
2023-08-08,ソフトバンク,楽天,3,9,早川敗：田浦,田浦,0
2023-08-09,巨人,阪神,2,5,加治屋敗：ビーディ,ビーディ,0
2023-08-09,ヤクルト,広島,11,5,ロドリゲス敗：森,森,0
2023-08-09,DeNA,中日,8,2,バウアー敗：鈴木,鈴木,0
2023-08-09,日本ハム,西武,0,6,隅田敗：マーベル,マーベル,0
2023-08-09,ロッテ,オリックス,3,8,宮城敗：美馬,美馬,0
2023-08-09,ソフトバンク,楽天,,,,,1
2023-08-10,巨人,阪神,2,5,才木敗：戸郷,戸郷,0
2023-08-10,ヤクルト,広島,13,3,ピーターズ敗：床田,床田,0
2023-08-10,DeNA,中日,5,1,濵口敗：仲地,仲地,0
2023-08-10,日本ハム,西武,6,5,根本敗：與座,與座,0
2023-08-10,ロッテ,オリックス,3,1,種市敗：ワゲスパック,ワゲスパック,0
2023-08-10,ソフトバンク,楽天,11,4,和田敗：田中将,田中将,0
2023-08-11,巨人,DeNA,2,4,東敗：中川,中川,0
2023-08-11,中日,広島,3,3,,,0
2023-08-11,阪神,ヤクルト,2,1,馬場敗：清水,清水,0
2023-08-11,楽天,オリックス,5,0,岸敗：山﨑福,山﨑福,0
2023-08-11,ロッテ,西武,2,8,平良敗：菊地,菊地,0
2023-08-11,ソフトバンク,日本ハム,7,4,松本裕敗：池田,池田,0
2023-08-12,巨人,DeNA,5,1,山﨑伊敗：平良,平良,0
2023-08-12,中日,広島,3,2,髙橋宏敗：森下,森下,0
2023-08-12,阪神,ヤクルト,4,3,馬場敗：田口,田口,0
2023-08-12,楽天,オリックス,,,,,1
2023-08-12,ロッテ,西武,3,2,澤田敗：増田,増田,0
2023-08-12,ソフトバンク,日本ハム,0,9,伊藤敗：高橋礼,高橋礼,0
2023-08-13,巨人,DeNA,8,1,メンデス敗：石田,石田,0
2023-08-13,中日,広島,2,1,マルティネス敗：矢崎,矢崎,0
2023-08-13,阪神,ヤクルト,5,3,伊藤将敗：山野,山野,0
2023-08-13,楽天,オリックス,0,1,宇田川敗：則本,則本,0
2023-08-13,ロッテ,西武,3,2,小島敗：青山,青山,0
2023-08-13,ソフトバンク,日本ハム,3,5,上原敗：スチュワート・ジュニア,スチュワート・ジュニア,0
2023-08-15,ヤクルト,DeNA,3,9,バウアー敗：小澤,小澤,0
2023-08-15,中日,巨人,,,,,1
2023-08-15,広島,阪神,7,6,ターリー敗：馬場,馬場,0
2023-08-15,日本ハム,ロッテ,6,5,加藤貴敗：西野,西野,0
2023-08-15,西武,楽天,3,5,渡辺翔敗：増田,増田,0
2023-08-15,オリックス,ソフトバンク,,,,,1
2023-08-16,ヤクルト,DeNA,8,6,小川敗：今永,今永,0
2023-08-16,中日,巨人,2,1,マルティネス敗：船迫,船迫,0
2023-08-16,広島,阪神,3,5,大竹敗：九里,九里,0
2023-08-16,日本ハム,ロッテ,6,0,ポンセ敗：森,森,0
2023-08-16,西武,楽天,4,1,今井敗：辛島,辛島,0
2023-08-16,オリックス,ソフトバンク,2,3,有原敗：山本,山本,0
2023-08-17,ヤクルト,DeNA,3,5,濵口敗：ロドリゲス,ロドリゲス,0
2023-08-17,中日,巨人,0,2,菅野敗：松葉,松葉,0
2023-08-17,広島,阪神,6,0,床田敗：ビーズリー,ビーズリー,0
2023-08-17,日本ハム,ロッテ,5,0,マーベル敗：美馬,美馬,0
2023-08-17,西武,楽天,4,2,隅田敗：田中将,田中将,0
2023-08-17,オリックス,ソフトバンク,2,1,宮城敗：和田,和田,0
2023-08-18,ヤクルト,中日,10,2,ピーターズ敗：仲地,仲地,0
2023-08-18,DeNA,阪神,2,1,東敗：加治屋,加治屋,0
2023-08-18,広島,巨人,4,5,菊地敗：矢崎,矢崎,0
2023-08-18,楽天,ロッテ,1,4,種市敗：岸,岸,0
2023-08-18,オリックス,日本ハム,1,1,,,0
2023-08-18,ソフトバンク,西武,8,0,石川敗：平良,平良,0
2023-08-19,ヤクルト,中日,3,2,星敗：髙橋宏,髙橋宏,0
2023-08-19,DeNA,阪神,2,6,青柳敗：上茶谷,上茶谷,0
2023-08-19,広島,巨人,6,3,森下敗：横川,横川,0
2023-08-19,楽天,ロッテ,7,5,渡辺翔敗：ペルドモ,ペルドモ,0
2023-08-19,オリックス,日本ハム,2,1,山﨑福敗：伊藤,伊藤,0
2023-08-19,ソフトバンク,西武,3,2,板東敗：與座,與座,0
2023-08-20,ヤクルト,中日,1,0,サイスニード敗：柳,柳,0
2023-08-20,DeNA,阪神,0,2,伊藤将敗：バウアー,バウアー,0
2023-08-20,広島,巨人,7,5,玉村敗：メンデス,メンデス,0
2023-08-20,楽天,ロッテ,3,4,西村敗：松井裕,松井裕,0
2023-08-20,オリックス,日本ハム,1,0,阿部敗：ロドリゲス,ロドリゲス,0
2023-08-20,ソフトバンク,西武,4,6,松本敗：津森,津森,0
2023-08-22,巨人,ヤクルト,8,4,鈴木康敗：清水,清水,0
2023-08-22,DeNA,広島,0,5,九里敗：今永,今永,0
2023-08-22,阪神,中日,4,3,島本敗：田島,田島,0
2023-08-22,日本ハム,楽天,6,2,加藤貴敗：早川,早川,0
2023-08-22,西武,オリックス,1,5,ワゲスパック敗：エンス,エンス,0
2023-08-22,ロッテ,ソフトバンク,5,3,メルセデス敗：スチュワート・ジュニア,スチュワート・ジュニア,0
2023-08-23,巨人,ヤクルト,4,3,バルドナード敗：阪口,阪口,0
2023-08-23,DeNA,広島,2,5,大瀬良敗：濵口,濵口,0
2023-08-23,阪神,中日,7,2,大竹敗：小笠原,小笠原,0
2023-08-23,日本ハム,楽天,10,4,ポンセ敗：松井友,松井友,0
2023-08-23,西武,オリックス,0,3,山本敗：今井,今井,0
2023-08-23,ロッテ,ソフトバンク,5,9,有原敗：中森,中森,0
2023-08-24,巨人,ヤクルト,5,3,赤星敗：ロドリゲス,ロドリゲス,0
2023-08-24,DeNA,広島,3,1,東敗：床田,床田,0
2023-08-24,西武,オリックス,0,5,宮城敗：隅田,隅田,0
2023-08-24,ロッテ,ソフトバンク,5,4,坂本敗：又吉,又吉,0
2023-08-25,巨人,阪神,1,8,村上敗：戸郷,戸郷,0
2023-08-25,中日,DeNA,2,18,バウアー敗：松葉,松葉,0
2023-08-25,広島,ヤクルト,4,3,栗林敗：清水,清水,0
2023-08-25,楽天,ソフトバンク,3,2,渡辺翔敗：甲斐野,甲斐野,0
2023-08-25,西武,日本ハム,5,0,平良敗：上沢,上沢,0
2023-08-25,オリックス,ロッテ,4,3,小木田敗：種市,種市,0
2023-08-26,巨人,阪神,6,9,青柳敗：横川,横川,0
2023-08-26,中日,DeNA,0,2,上茶谷敗：清水,清水,0
2023-08-26,広島,ヤクルト,7,6,アンダーソン敗：ピーターズ,ピーターズ,0
2023-08-26,楽天,ソフトバンク,2,1,田中将敗：板東,板東,0
2023-08-26,西武,日本ハム,0,7,伊藤敗：髙橋光成,髙橋光成,0
2023-08-26,オリックス,ロッテ,0,0,,,0
2023-08-27,巨人,阪神,4,2,菊地敗：伊藤将,伊藤将,0
2023-08-27,中日,DeNA,2,1,フェリス敗：森原,森原,0
2023-08-27,広島,ヤクルト,7,7,,,0
2023-08-27,楽天,ソフトバンク,7,1,荘司敗：松本晴,松本晴,0
2023-08-27,西武,日本ハム,3,4,上原敗：佐藤隼,佐藤隼,0
2023-08-27,オリックス,ロッテ,5,2,東敗：森,森,0
2023-08-29,巨人,広島,4,5,アドゥワ敗：高梨,高梨,0
2023-08-29,中日,ヤクルト,3,0,涌井敗：サイスニード,サイスニード,0
2023-08-29,阪神,DeNA,2,3,エスコバー敗：岩崎,岩崎,0
2023-08-29,楽天,西武,2,1,則本敗：松本,松本,0
2023-08-29,ロッテ,日本ハム,6,0,小島敗：マーベル,マーベル,0
2023-08-29,ソフトバンク,オリックス,7,0,スチュワート・ジュニア敗：ワゲスパック,ワゲスパック,0
2023-08-30,巨人,広島,1,2,大瀬良敗：菅野,菅野,0
2023-08-30,中日,ヤクルト,3,2,小笠原敗：小澤,小澤,0
2023-08-30,阪神,DeNA,2,4,上茶谷敗：大竹,大竹,0
2023-08-30,楽天,西武,6,4,内敗：増田,増田,0
2023-08-30,ロッテ,日本ハム,2,3,ポンセ敗：横山,横山,0
2023-08-30,ソフトバンク,オリックス,4,8,田嶋敗：有原,有原,0
2023-08-31,巨人,広島,2,0,赤星敗：床田,床田,0
2023-08-31,中日,ヤクルト,1,6,小川敗：梅津,梅津,0
2023-08-31,楽天,西武,4,5,公文敗：渡辺翔,渡辺翔,0
2023-08-31,ロッテ,日本ハム,6,4,西村敗：ロドリゲス,ロドリゲス,0
2023-08-31,ソフトバンク,オリックス,1,0,オスナ敗：平野佳,平野佳,0
2023-09-01,ヤクルト,阪神,2,4,村上敗：ロドリゲス,ロドリゲス,0
2023-09-01,DeNA,巨人,9,3,東敗：戸郷,戸郷,0
2023-09-01,広島,中日,3,5,藤嶋敗：島内,島内,0
2023-09-01,日本ハム,オリックス,3,0,上沢敗：山﨑福,山﨑福,0
2023-09-01,西武,ソフトバンク,6,0,平良敗：石川,石川,0
2023-09-01,ロッテ,楽天,5,0,美馬敗：岸,岸,0
2023-09-02,ヤクルト,阪神,5,6,青柳敗：ピーターズ,ピーターズ,0
2023-09-02,DeNA,巨人,13,4,石田敗：横川,横川,0
2023-09-02,広島,中日,3,1,森下敗：髙橋宏,髙橋宏,0
2023-09-02,日本ハム,オリックス,0,1,山本敗：伊藤,伊藤,0
2023-09-02,西武,ソフトバンク,2,6,板東敗：髙橋光成,髙橋光成,0
2023-09-02,ロッテ,楽天,3,5,安樂敗：益田,益田,0
2023-09-03,ヤクルト,阪神,1,7,伊藤将敗：吉村,吉村,0
2023-09-03,DeNA,巨人,7,8,バルドナード敗：上茶谷,上茶谷,0
2023-09-03,広島,中日,0,3,柳敗：九里,九里,0
2023-09-03,日本ハム,オリックス,1,3,東敗：上原,上原,0
2023-09-03,西武,ソフトバンク,2,3,森敗：與座,與座,0
2023-09-03,ロッテ,楽天,4,5,荘司敗：中森,中森,0
2023-09-05,ヤクルト,巨人,3,4,船迫敗：石山,石山,0
2023-09-05,中日,阪神,2,8,西勇敗：涌井,涌井,0
2023-09-05,広島,DeNA,6,5,中﨑敗：山﨑,山﨑,0
2023-09-05,楽天,日本ハム,,,,,1
2023-09-05,オリックス,西武,0,3,田村敗：阿部,阿部,0
2023-09-05,ソフトバンク,ロッテ,1,7,小島敗：スチュワート・ジュニア,スチュワート・ジュニア,0
2023-09-06,ヤクルト,巨人,4,2,小澤敗：バルドナード,バルドナード,0
2023-09-06,中日,阪神,0,1,才木敗：小笠原,小笠原,0
2023-09-06,広島,DeNA,4,3,益田敗：中川,中川,0
2023-09-06,楽天,日本ハム,,,,,1
2023-09-06,オリックス,西武,3,4,今井敗：黒木,黒木,0
2023-09-06,ソフトバンク,ロッテ,3,0,有原敗：西野,西野,0
2023-09-07,ヤクルト,巨人,2,5,赤星敗：高橋,高橋,0
2023-09-07,広島,DeNA,1,3,東敗：遠藤,遠藤,0
2023-09-07,ソフトバンク,ロッテ,7,3,東浜敗：メルセデス,メルセデス,0
2023-09-08,巨人,中日,0,0,,,0
2023-09-08,DeNA,ヤクルト,2,1,上茶谷敗：阪口,阪口,0
2023-09-08,阪神,広島,4,1,村上敗：床田,床田,0
2023-09-08,日本ハム,西武,0,6,平良敗：上沢,上沢,0
2023-09-08,ロッテ,オリックス,,,,,1
2023-09-08,ソフトバンク,楽天,6,8,岸敗：石川,石川,0
2023-09-09,巨人,中日,5,0,菅野敗：髙橋宏,髙橋宏,0
2023-09-09,DeNA,ヤクルト,1,13,小川敗：石田,石田,0
2023-09-09,阪神,広島,5,1,大竹敗：森下,森下,0
2023-09-09,日本ハム,西武,2,7,隅田敗：加藤貴,加藤貴,0
2023-09-09,ロッテ,オリックス,0,4,山本敗：美馬,美馬,0
2023-09-09,ソフトバンク,楽天,7,2,甲斐野敗：田中将,田中将,0
2023-09-10,巨人,中日,2,1,メンデス敗：柳,柳,0
2023-09-10,DeNA,ヤクルト,6,4,濵口敗：山野,山野,0
2023-09-10,阪神,広島,5,1,伊藤将敗：九里,九里,0
2023-09-10,日本ハム,西武,0,10,髙橋光成敗：伊藤,伊藤,0
2023-09-10,ロッテ,オリックス,0,2,宮城敗：佐々木朗,佐々木朗,0
2023-09-10,ソフトバンク,楽天,4,6,荘司敗：板東,板東,0
2023-09-12,ヤクルト,広島,2,1,サイスニード敗：玉村,玉村,0
2023-09-12,DeNA,中日,1,3,涌井敗：大貫,大貫,0
2023-09-12,阪神,巨人,1,0,西勇敗：山﨑伊,山﨑伊,0
2023-09-12,日本ハム,オリックス,1,8,東敗：ポンセ,ポンセ,0
2023-09-12,西武,ソフトバンク,4,8,津森敗：公文,公文,0
2023-09-12,ロッテ,楽天,5,3,澤田敗：則本,則本,0
2023-09-13,ヤクルト,広島,5,1,吉村敗：大瀬良,大瀬良,0
2023-09-13,DeNA,中日,1,2,齋藤敗：伊勢,伊勢,0
2023-09-13,阪神,巨人,4,0,青柳敗：横川,横川,0
2023-09-13,日本ハム,オリックス,5,2,上原敗：山﨑福,山﨑福,0
2023-09-13,西武,ソフトバンク,3,9,有原敗：與座,與座,0
2023-09-13,ロッテ,楽天,3,5,渡辺翔敗：益田,益田,0
2023-09-14,ヤクルト,広島,5,6,大道敗：木澤,木澤,0
2023-09-14,DeNA,中日,8,3,東敗：小笠原,小笠原,0
2023-09-14,阪神,巨人,4,3,才木敗：赤星,赤星,0
2023-09-14,楽天,オリックス,0,2,山﨑颯敗：安樂,安樂,0
2023-09-14,西武,ソフトバンク,4,2,今井敗：森,森,0
2023-09-15,ヤクルト,DeNA,1,3,平良敗：ロドリゲス,ロドリゲス,0
2023-09-15,中日,巨人,0,7,戸郷敗：仲地,仲地,0
2023-09-15,広島,阪神,6,5,島内敗：加治屋,加治屋,0
2023-09-16,ヤクルト,DeNA,6,3,小川敗：石田,石田,0
2023-09-16,中日,巨人,1,0,髙橋宏敗：菅野,菅野,0
2023-09-16,広島,阪神,3,9,大竹敗：森下,森下,0
2023-09-16,日本ハム,ソフトバンク,3,1,河野敗：オスナ,オスナ,0
2023-09-16,西武,ロッテ,1,5,美馬敗：平良,平良,0
2023-09-16,オリックス,楽天,1,3,岸敗：山本,山本,0
2023-09-17,巨人,ヤクルト,3,2,大勢敗：清水,清水,0
2023-09-17,中日,広島,0,3,九里敗：柳,柳,0
2023-09-17,阪神,DeNA,0,1,ウェンデルケン敗：ブルワー,ブルワー,0
2023-09-17,日本ハム,ソフトバンク,6,1,根本敗：和田,和田,0
2023-09-17,西武,ロッテ,3,2,隅田敗：佐々木朗,佐々木朗,0
2023-09-17,オリックス,楽天,6,4,宇田川敗：宋家豪,宋家豪,0
2023-09-18,巨人,ヤクルト,4,3,船迫敗：田口,田口,0
2023-09-18,中日,広島,8,7,勝野敗：大道,大道,0
2023-09-18,阪神,DeNA,2,3,伊勢敗：石井,石井,0
2023-09-18,日本ハム,ソフトバンク,1,3,又吉敗：河野,河野,0
2023-09-18,西武,ロッテ,1,2,横山敗：ボー・タカハシ,ボー・タカハシ,0
2023-09-18,オリックス,楽天,6,3,小木田敗：田中将,田中将,0
2023-09-19,楽天,ソフトバンク,3,2,則本敗：又吉,又吉,0
2023-09-19,西武,日本ハム,7,4,松本敗：ロドリゲス,ロドリゲス,0
2023-09-19,オリックス,ロッテ,3,2,東敗：小島,小島,0
2023-09-20,ヤクルト,中日,6,5,田口敗：松山,松山,0
2023-09-20,阪神,巨人,4,3,及川敗：菊地,菊地,0
2023-09-20,広島,DeNA,1,3,東敗：大瀬良,大瀬良,0
2023-09-20,楽天,ソフトバンク,6,1,藤井敗：大関,大関,0
2023-09-20,西武,日本ハム,4,1,渡邉敗：上原,上原,0
2023-09-20,オリックス,ロッテ,6,2,小木田敗：横山,横山,0
2023-09-21,ヤクルト,中日,8,9,橋本敗：サイスニード,サイスニード,0
2023-09-21,阪神,巨人,3,5,赤星敗：青柳,青柳,0
2023-09-21,楽天,西武,2,7,今井敗：塩見,塩見,0
2023-09-21,ソフトバンク,ロッテ,4,2,有原敗：種市,種市,0
2023-09-22,ヤクルト,阪神,,,,,1
2023-09-22,DeNA,中日,,,,,1
2023-09-22,楽天,日本ハム,0,3,金村敗：藤平,藤平,0
2023-09-23,巨人,広島,3,7,森下敗：菅野,菅野,0
2023-09-23,ヤクルト,阪神,3,9,大竹敗：ロドリゲス,ロドリゲス,0
2023-09-23,DeNA,中日,3,4,髙橋宏敗：濵口,濵口,0
2023-09-23,楽天,日本ハム,4,1,岸敗：上沢,上沢,0
2023-09-23,西武,ロッテ,2,1,平良敗：メルセデス,メルセデス,0
2023-09-23,ソフトバンク,オリックス,1,6,田嶋敗：森,森,0
2023-09-24,DeNA,巨人,0,6,戸郷敗：今永,今永,0
2023-09-24,中日,阪神,0,0,,,0
2023-09-24,広島,ヤクルト,1,3,小川敗：九里,九里,0
2023-09-24,楽天,日本ハム,3,1,松井裕敗：池田,池田,0
2023-09-24,ロッテ,ソフトバンク,6,7,嘉弥真敗：横山,横山,0
2023-09-24,オリックス,西武,4,1,山本敗：隅田,隅田,0
2023-09-25,DeNA,巨人,1,0,大貫敗：メンデス,メンデス,0
2023-09-25,中日,阪神,2,1,梅津敗：村上,村上,0
2023-09-25,日本ハム,楽天,1,9,渡辺翔敗：伊藤,伊藤,0
2023-09-25,ロッテ,ソフトバンク,1,10,和田敗：小島,小島,0
2023-09-25,オリックス,西武,4,3,阿部敗：田村,田村,0
2023-09-26,DeNA,巨人,1,0,東敗：山﨑伊,山﨑伊,0
2023-09-26,阪神,ヤクルト,2,0,西勇敗：高橋,高橋,0
2023-09-26,広島,中日,2,0,床田敗：涌井,涌井,0
2023-09-26,日本ハム,ロッテ,7,0,ポンセ敗：美馬,美馬,0
2023-09-26,オリックス,西武,1,7,田村敗：山﨑颯,山﨑颯,0
2023-09-27,DeNA,ヤクルト,3,11,吉村敗：坂本,坂本,0
2023-09-27,阪神,中日,2,7,メヒア敗：富田,富田,0
2023-09-27,日本ハム,ロッテ,2,4,カスティーヨ敗：上原,上原,0
2023-09-27,西武,楽天,2,1,平井敗：渡辺翔,渡辺翔,0
2023-09-27,オリックス,ソフトバンク,1,0,山﨑福敗：スチュワート・ジュニア,スチュワート・ジュニア,0
2023-09-28,日本ハム,ロッテ,9,2,根本敗：種市,種市,0
2023-09-28,楽天,オリックス,9,5,安樂敗：阿部,阿部,0
2023-09-29,DeNA,阪神,5,3,伊勢敗：青柳,青柳,0
2023-09-29,広島,中日,1,4,仲地敗：森下,森下,0
2023-09-29,ソフトバンク,西武,1,0,有原敗：今井,今井,0
2023-09-30,巨人,中日,1,2,松山敗：中川,中川,0
2023-09-30,ヤクルト,DeNA,2,4,上茶谷敗：田口,田口,0
2023-09-30,広島,阪神,2,1,島内敗：加治屋,加治屋,0
2023-09-30,ロッテ,西武,5,4,中森敗：水上,水上,0
2023-09-30,オリックス,楽天,4,5,岸敗：田嶋,田嶋,0
2023-09-30,ソフトバンク,日本ハム,3,2,甲斐野敗：田中正,田中正,0
2023-10-01,巨人,ヤクルト,1,0,グリフィン敗：山野,山野,0
2023-10-01,DeNA,中日,4,0,大貫敗：髙橋宏,髙橋宏,0
2023-10-01,広島,阪神,5,6,岡留敗：床田,床田,0
2023-10-01,ロッテ,西武,3,2,中村稔敗：隅田,隅田,0
2023-10-01,オリックス,楽天,2,8,荘司敗：黒木,黒木,0
2023-10-01,ソフトバンク,日本ハム,3,4,上沢敗：石川,石川,0
2023-10-02,ロッテ,西武,7,3,小島敗：エンス,エンス,0
2023-10-02,オリックス,日本ハム,3,0,山本敗：ロドリゲス,ロドリゲス,0
2023-10-02,ソフトバンク,楽天,6,0,大関敗：田中将,田中将,0
2023-10-03,中日,巨人,1,3,赤星敗：小笠原,小笠原,0
2023-10-03,ロッテ,西武,1,4,松本敗：唐川,唐川,0
2023-10-03,ソフトバンク,楽天,7,3,和田敗：則本,則本,0
2023-10-04,巨人,DeNA,1,0,山﨑伊敗：東,東,0
2023-10-04,ヤクルト,阪神,5,4,田口敗：岩崎,岩崎,0
2023-10-04,オリックス,ロッテ,3,6,中森敗：横山,横山,0
2023-10-05,楽天,日本ハム,5,3,酒居敗：根本,根本,0
2023-10-06,ロッテ,オリックス,12,1,中村稔敗：竹安,竹安,0
2023-10-07,楽天,ソフトバンク,5,5,,,0
2023-10-07,ロッテ,オリックス,1,4,山﨑福敗：西野,西野,0
2023-10-09,楽天,ロッテ,,,,,1
2023-10-09,オリックス,ソフトバンク,4,1,曽谷敗：有原,有原,0
2023-10-10,楽天,ロッテ,0,5,小島敗：則本,則本,0
2024-03-29,巨人,阪神,4,0,戸郷敗：青柳,青柳,0
2024-03-29,ヤクルト,中日,7,4,木澤敗：松山,松山,0
2024-03-29,DeNA,広島,4,3,ウェンデルケン敗：島内,島内,0
2024-03-29,楽天,西武,0,1,今井敗：早川,早川,0
2024-03-29,ロッテ,日本ハム,1,4,伊藤敗：小島,小島,0
2024-03-29,オリックス,ソフトバンク,1,3,有原敗：宮城,宮城,0
2024-03-30,巨人,阪神,5,0,グリフィン敗：大竹,大竹,0
2024-03-30,ヤクルト,中日,1,1,,,0
2024-03-30,DeNA,広島,6,1,平良敗：黒原,黒原,0
2024-03-30,楽天,西武,2,8,隅田敗：荘司,荘司,0
2024-03-30,ロッテ,日本ハム,3,0,種市敗：加藤貴,加藤貴,0
2024-03-30,オリックス,ソフトバンク,2,0,エスピノーザ敗：モイネロ,モイネロ,0
2024-03-31,巨人,阪神,0,5,桐敷敗：中川,中川,0
2024-03-31,ヤクルト,中日,5,2,ヤフーレ敗：メヒア,メヒア,0
2024-03-31,DeNA,広島,1,5,アドゥワ敗：大貫,大貫,0
2024-03-31,楽天,西武,4,3,渡辺翔敗：糸川,糸川,0
2024-03-31,ロッテ,日本ハム,2,3,北浦敗：益田,益田,0
2024-03-31,オリックス,ソフトバンク,2,5,津森敗：小木田,小木田,0
2024-04-02,中日,巨人,4,3,清水敗：中川,中川,0
2024-04-02,阪神,DeNA,3,5,ジャクソン敗：村上,村上,0
2024-04-02,広島,ヤクルト,2,1,島内敗：清水,清水,0
2024-04-02,日本ハム,楽天,2,4,ポンセ敗：山﨑福也,山﨑福也,0
2024-04-02,西武,オリックス,2,1,平良敗：カスティーヨ,カスティーヨ,0
2024-04-02,ソフトバンク,ロッテ,2,0,大関敗：西野,西野,0
2024-04-03,中日,巨人,5,2,大野敗：メンデス,メンデス,0
2024-04-03,阪神,DeNA,5,2,伊藤将敗：濵口,濵口,0
2024-04-03,広島,ヤクルト,,,,,1
2024-04-03,日本ハム,楽天,4,2,北山敗：岸,岸,0
2024-04-03,西武,オリックス,3,0,武内敗：山下,山下,0
2024-04-03,ソフトバンク,ロッテ,2,4,澤田敗：又吉,又吉,0
2024-04-04,中日,巨人,0,2,菅野敗：梅津,梅津,0
2024-04-04,阪神,DeNA,2,3,上茶谷敗：西勇,西勇,0
2024-04-04,広島,ヤクルト,6,3,中﨑敗：清水,清水,0
2024-04-04,西武,オリックス,1,2,東敗：ボー・タカハシ,ボー・タカハシ,0
2024-04-04,ソフトバンク,ロッテ,8,1,大津敗：美馬,美馬,0
2024-04-05,巨人,DeNA,1,2,東敗：戸郷,戸郷,0
2024-04-05,ヤクルト,阪神,6,7,岩崎敗：木澤,木澤,0
2024-04-05,広島,中日,0,1,柳敗：九里,九里,0
2024-04-05,日本ハム,西武,3,2,北浦敗：豆田,豆田,0
2024-04-05,楽天,ソフトバンク,1,6,石川敗：早川,早川,0
2024-04-05,ロッテ,オリックス,1,0,小島敗：宮城,宮城,0
2024-04-06,巨人,DeNA,4,6,上茶谷敗：井上,井上,0
2024-04-06,ヤクルト,阪神,3,4,大竹敗：吉村,吉村,0
2024-04-06,広島,中日,0,4,涌井敗：ハッチ,ハッチ,0
2024-04-06,日本ハム,西武,2,5,隅田敗：加藤貴,加藤貴,0
2024-04-06,楽天,ソフトバンク,4,5,藤井敗：ターリー,ターリー,0
2024-04-06,ロッテ,オリックス,1,9,エスピノーザ敗：種市,種市,0
2024-04-07,巨人,DeNA,3,0,高橋礼敗：大貫,大貫,0
2024-04-07,ヤクルト,阪神,3,1,ヤフーレ敗：才木,才木,0
2024-04-07,広島,中日,0,1,メヒア敗：黒原,黒原,0
2024-04-07,日本ハム,西武,1,11,松本敗：上原,上原,0
2024-04-07,楽天,ソフトバンク,3,2,則本敗：澤柳,澤柳,0
2024-04-07,ロッテ,オリックス,5,2,佐々木敗：曽谷,曽谷,0
2024-04-09,ヤクルト,巨人,1,3,山﨑伊敗：小澤,小澤,0
2024-04-09,DeNA,中日,1,3,小笠原敗：ジャクソン,ジャクソン,0
2024-04-09,阪神,広島,1,0,村上敗：床田,床田,0
2024-04-09,西武,ロッテ,0,5,西野敗：平良,平良,0
2024-04-09,オリックス,楽天,5,4,田嶋敗：ポンセ,ポンセ,0
2024-04-09,ソフトバンク,日本ハム,2,4,山﨑福也敗：有原,有原,0
2024-04-10,DeNA,中日,1,6,松葉敗：小園,小園,0
2024-04-10,阪神,広島,2,6,アドゥワ敗：伊藤将,伊藤将,0
2024-04-10,西武,ロッテ,2,3,横山敗：アブレイユ,アブレイユ,0
2024-04-10,オリックス,楽天,4,5,西垣敗：山﨑,山﨑,0
2024-04-11,ヤクルト,巨人,0,5,菅野敗：高橋,高橋,0
2024-04-11,阪神,広島,0,1,島内敗：ゲラ,ゲラ,0
2024-04-11,オリックス,楽天,2,1,平野佳敗：西垣,西垣,0
2024-04-11,ソフトバンク,日本ハム,6,3,津森敗：マーフィー,マーフィー,0
2024-04-12,巨人,広島,9,4,泉敗：九里,九里,0
2024-04-12,DeNA,ヤクルト,3,1,東敗：サイスニード,サイスニード,0
2024-04-12,中日,阪神,2,2,,,0
2024-04-12,楽天,ロッテ,5,2,早川敗：小島,小島,0
2024-04-12,西武,ソフトバンク,1,2,東浜敗：甲斐野,甲斐野,0
2024-04-12,オリックス,日本ハム,0,1,伊藤敗：東,東,0
2024-04-13,巨人,広島,3,2,高梨敗：中﨑,中﨑,0
2024-04-13,DeNA,ヤクルト,2,5,吉村敗：ケイ,ケイ,0
2024-04-13,中日,阪神,5,2,メヒア敗：大竹,大竹,0
2024-04-13,楽天,ロッテ,2,2,,,0
2024-04-13,西武,ソフトバンク,2,11,モイネロ敗：隅田,隅田,0
2024-04-13,オリックス,日本ハム,5,1,宮城敗：加藤貴,加藤貴,0
2024-04-14,巨人,広島,2,1,高橋礼敗：ハッチ,ハッチ,0
2024-04-14,DeNA,ヤクルト,0,9,ヤフーレ敗：大貫,大貫,0
2024-04-14,中日,阪神,1,2,才木敗：梅津,梅津,0
2024-04-14,楽天,ロッテ,2,9,佐々木敗：藤井,藤井,0
2024-04-14,西武,ソフトバンク,1,4,大津敗：髙橋光成,髙橋光成,0
2024-04-14,オリックス,日本ハム,6,3,カスティーヨ敗：生田目,生田目,0
2024-04-16,中日,ヤクルト,3,2,橋本敗：清水,清水,0
2024-04-16,阪神,巨人,1,1,,,0
2024-04-16,広島,DeNA,11,2,床田敗：ジャクソン,ジャクソン,0
2024-04-16,日本ハム,ソフトバンク,5,1,山﨑福也敗：有原,有原,0
2024-04-16,楽天,オリックス,6,2,ポンセ敗：田嶋,田嶋,0
2024-04-16,ロッテ,西武,4,3,国吉敗：増田,増田,0
2024-04-17,中日,ヤクルト,2,0,齋藤敗：小澤,小澤,0
2024-04-17,阪神,巨人,2,0,伊藤将敗：赤星,赤星,0
2024-04-17,広島,DeNA,5,1,塹江敗：濵口,濵口,0
2024-04-17,日本ハム,ソフトバンク,4,4,,,0
2024-04-17,楽天,オリックス,0,5,エスピノーザ敗：岸,岸,0
2024-04-17,ロッテ,西武,2,0,西野敗：松本,松本,0
2024-04-18,中日,ヤクルト,5,11,高橋敗：柳,柳,0
2024-04-18,阪神,巨人,2,1,加治屋敗：大勢,大勢,0
2024-04-18,楽天,オリックス,0,7,曽谷敗：内,内,0
2024-04-19,ヤクルト,DeNA,4,3,大西敗：伊勢,伊勢,0
2024-04-19,阪神,中日,7,0,青柳敗：メヒア,メヒア,0
2024-04-19,広島,巨人,0,0,,,0
2024-04-19,日本ハム,ロッテ,4,3,金村敗：横山,横山,0
2024-04-19,西武,楽天,5,4,今井敗：早川,早川,0
2024-04-19,ソフトバンク,オリックス,9,7,津森敗：山下,山下,0
2024-04-20,ヤクルト,DeNA,4,7,ケイ敗：阪口,阪口,0
2024-04-20,阪神,中日,15,2,大竹敗：大野,大野,0
2024-04-20,広島,巨人,6,2,森下敗：井上,井上,0
2024-04-20,日本ハム,ロッテ,2,0,北山敗：小島,小島,0
2024-04-20,西武,楽天,2,8,酒居敗：佐藤隼,佐藤隼,0
2024-04-20,ソフトバンク,オリックス,3,3,,,0
2024-04-21,ヤクルト,DeNA,3,8,大貫敗：ヤフーレ,ヤフーレ,0
2024-04-21,阪神,中日,3,0,才木敗：松葉,松葉,0
2024-04-21,広島,巨人,0,0,,,0
2024-04-21,日本ハム,ロッテ,5,0,加藤貴敗：種市,種市,0
2024-04-21,西武,楽天,0,1,藤井敗：髙橋光成,髙橋光成,0
2024-04-21,ソフトバンク,オリックス,1,3,宮城敗：スチュワート・ジュニア,スチュワート・ジュニア,0
2024-04-23,巨人,中日,2,0,山﨑伊敗：小笠原,小笠原,0
2024-04-23,ヤクルト,広島,0,2,床田敗：吉村,吉村,0
2024-04-23,DeNA,阪神,1,1,,,0
2024-04-23,楽天,日本ハム,3,4,田中正敗：西垣,西垣,0
2024-04-23,ロッテ,ソフトバンク,2,4,有原敗：佐々木,佐々木,0
2024-04-23,オリックス,西武,2,1,田嶋敗：平良,平良,0
2024-04-24,巨人,中日,2,3,涌井敗：赤星,赤星,0
2024-04-24,ヤクルト,広島,,,,,1
2024-04-24,DeNA,阪神,3,5,桐敷敗：山﨑,山﨑,0
2024-04-24,楽天,日本ハム,,,,,1
2024-04-24,ロッテ,ソフトバンク,1,10,大関敗：高野脩,高野脩,0
2024-04-24,オリックス,西武,4,3,マチャド敗：本田,本田,0
2024-04-25,巨人,中日,3,2,菅野敗：柳,柳,0
2024-04-25,ヤクルト,広島,9,8,石山敗：栗林,栗林,0
2024-04-25,楽天,日本ハム,5,1,岸敗：鈴木,鈴木,0
2024-04-25,ロッテ,ソフトバンク,0,6,大津敗：西野,西野,0
2024-04-25,オリックス,西武,1,3,ボー・タカハシ敗：カスティーヨ,カスティーヨ,0
2024-04-26,DeNA,巨人,7,2,森唯敗：西舘,西舘,0
2024-04-26,阪神,ヤクルト,2,8,小川敗：青柳,青柳,0
2024-04-27,DeNA,巨人,1,2,横川敗：ケイ,ケイ,0
2024-04-27,中日,広島,4,6,森下敗：梅津,梅津,0
2024-04-27,阪神,ヤクルト,5,4,大竹敗：サイスニード,サイスニード,0
2024-04-27,日本ハム,オリックス,9,0,伊藤敗：椋木,椋木,0
2024-04-27,ロッテ,楽天,1,4,内敗：澤村,澤村,0
2024-04-27,ソフトバンク,西武,2,1,津森敗：増田,増田,0
2024-04-28,DeNA,巨人,2,6,堀田敗：上茶谷,上茶谷,0
2024-04-28,中日,広島,0,0,,,0
2024-04-28,阪神,ヤクルト,4,3,加治屋敗：大西,大西,0
2024-04-28,日本ハム,オリックス,4,5,小木田敗：北浦,北浦,0
2024-04-28,ロッテ,楽天,10,1,小島敗：瀧中,瀧中,0
2024-04-28,ソフトバンク,西武,3,2,杉山敗：中村祐,中村祐,0
2024-04-29,巨人,ヤクルト,0,9,ヤフーレ敗：グリフィン,グリフィン,0
2024-04-29,中日,DeNA,11,1,松葉敗：ジャクソン,ジャクソン,0
2024-04-29,広島,阪神,,,,,1
2024-04-29,日本ハム,オリックス,1,0,マーフィー敗：宇田川,宇田川,0
2024-04-29,ロッテ,楽天,6,8,荘司敗：種市,種市,0
2024-04-29,ソフトバンク,西武,5,4,長谷川敗：アブレイユ,アブレイユ,0
2024-04-30,巨人,ヤクルト,3,4,長谷川敗：西舘,西舘,0
2024-04-30,中日,DeNA,1,2,中川颯敗：小笠原,小笠原,0
2024-04-30,広島,阪神,1,7,村上敗：床田,床田,0
2024-04-30,西武,日本ハム,1,2,山﨑福也敗：本田,本田,0
2024-04-30,オリックス,ロッテ,0,1,佐々木敗：宮城,宮城,0
2024-04-30,ソフトバンク,楽天,8,0,有原敗：ポンセ,ポンセ,0
2024-05-01,巨人,ヤクルト,0,4,吉村敗：赤星,赤星,0
2024-05-01,中日,DeNA,1,12,石田健敗：涌井,涌井,0
2024-05-01,広島,阪神,2,2,,,0
2024-05-01,西武,日本ハム,3,1,アブレイユ敗：齋藤友,齋藤友,0
2024-05-01,オリックス,ロッテ,3,6,岩下敗：平野佳,平野佳,0
2024-05-01,ソフトバンク,楽天,3,4,鈴木翔敗：オスナ,オスナ,0
2024-05-03,巨人,阪神,8,5,戸郷敗：門別,門別,0
2024-05-03,ヤクルト,中日,5,3,大西敗：勝野,勝野,0
2024-05-03,広島,DeNA,0,2,東敗：アドゥワ,アドゥワ,0
2024-05-03,楽天,ロッテ,12,1,早川敗：西野,西野,0
2024-05-03,西武,ソフトバンク,1,0,武内敗：大津,大津,0
2024-05-03,オリックス,日本ハム,0,3,鈴木敗：東,東,0
2024-05-04,巨人,阪神,2,1,バルドナード敗：漆原,漆原,0
2024-05-04,ヤクルト,中日,7,7,,,0
2024-05-04,広島,DeNA,4,1,森下敗：ケイ,ケイ,0
2024-05-04,楽天,ロッテ,0,2,岩下敗：内,内,0
2024-05-04,西武,ソフトバンク,5,4,水上敗：津森,津森,0
2024-05-04,オリックス,日本ハム,3,1,エスピノーザ敗：加藤貴,加藤貴,0
2024-05-05,巨人,阪神,2,4,才木敗：高橋礼,高橋礼,0
2024-05-05,ヤクルト,中日,3,6,髙橋宏敗：小澤,小澤,0
2024-05-05,広島,DeNA,0,5,大貫敗：九里,九里,0
2024-05-05,楽天,ロッテ,1,4,小島敗：岸,岸,0
2024-05-05,西武,ソフトバンク,0,4,東浜敗：隅田,隅田,0
2024-05-05,オリックス,日本ハム,3,6,杉浦敗：宇田川,宇田川,0
2024-05-06,DeNA,ヤクルト,6,5,三嶋敗：エスパーダ,エスパーダ,0
2024-05-06,中日,巨人,2,0,梅津敗：横川,横川,0
2024-05-06,阪神,広島,,,,,1
2024-05-06,楽天,オリックス,2,4,曽谷敗：荘司,荘司,0
2024-05-06,ロッテ,西武,8,1,種市敗：髙橋光成,髙橋光成,0
2024-05-06,ソフトバンク,日本ハム,9,4,和田敗：北山,北山,0
2024-05-07,中日,巨人,0,2,山﨑伊敗：涌井,涌井,0
2024-05-07,阪神,広島,0,2,床田敗：村上,村上,0
2024-05-07,ロッテ,西武,6,1,ダイクストラ敗：ボー・タカハシ,ボー・タカハシ,0
2024-05-07,ソフトバンク,日本ハム,2,1,ヘルナンデス敗：矢澤,矢澤,0
2024-05-08,DeNA,ヤクルト,2,6,吉村敗：石田健,石田健,0
2024-05-08,中日,巨人,1,4,堀田敗：小笠原,小笠原,0
2024-05-08,阪神,広島,1,3,大瀬良敗：ゲラ,ゲラ,0
2024-05-08,楽天,オリックス,4,1,藤井敗：宮城,宮城,0
2024-05-08,ソフトバンク,日本ハム,3,1,石川敗：金村,金村,0
2024-05-10,ヤクルト,巨人,1,2,戸郷敗：ヤフーレ,ヤフーレ,0
2024-05-10,DeNA,阪神,3,4,岩崎敗：森原,森原,0
2024-05-10,広島,中日,6,3,アドゥワ敗：松葉,松葉,0
2024-05-10,日本ハム,ロッテ,6,3,ロドリゲス敗：佐々木,佐々木,0
2024-05-10,西武,楽天,2,13,早川敗：青山,青山,0
2024-05-11,ヤクルト,巨人,3,4,菅野敗：小川,小川,0
2024-05-11,DeNA,阪神,11,9,山﨑敗：岩崎,岩崎,0
2024-05-11,広島,中日,0,4,柳敗：九里,九里,0
2024-05-11,日本ハム,ロッテ,3,0,加藤貴敗：メルセデス,メルセデス,0
2024-05-11,西武,楽天,2,1,武内敗：内,内,0
2024-05-11,ソフトバンク,オリックス,4,1,スチュワート・ジュニア敗：エスピノーザ,エスピノーザ,0
2024-05-12,ヤクルト,巨人,3,1,山本敗：井上,井上,0
2024-05-12,DeNA,阪神,0,1,才木敗：大貫,大貫,0
2024-05-12,広島,中日,,,,,1
2024-05-12,日本ハム,ロッテ,6,5,齋藤友敗：益田,益田,0
2024-05-12,西武,楽天,6,2,今井敗：岸,岸,0
2024-05-12,ソフトバンク,オリックス,,,,,1
2024-05-14,巨人,DeNA,2,1,山﨑伊敗：ケイ,ケイ,0
2024-05-14,ヤクルト,広島,1,2,床田敗：小澤,小澤,0
2024-05-14,中日,阪神,4,2,齋藤敗：村上,村上,0
2024-05-14,日本ハム,西武,4,1,山﨑福也敗：髙橋光成,髙橋光成,0
2024-05-14,楽天,ソフトバンク,4,1,ポンセ敗：有原,有原,0
2024-05-14,オリックス,ロッテ,1,4,西野敗：東,東,0
2024-05-15,巨人,DeNA,4,0,堀田敗：石田健,石田健,0
2024-05-15,ヤクルト,広島,2,0,松本健敗：森下,森下,0
2024-05-15,中日,阪神,0,1,島本敗：齋藤,齋藤,0
2024-05-15,日本ハム,西武,12,3,北山敗：隅田,隅田,0
2024-05-15,楽天,ソフトバンク,3,7,長谷川敗：荘司,荘司,0
2024-05-15,オリックス,ロッテ,1,1,,,0
2024-05-16,中日,阪神,4,9,西勇敗：梅津,梅津,0
2024-05-17,DeNA,中日,2,1,東敗：涌井,涌井,0
2024-05-17,阪神,ヤクルト,2,4,吉村敗：青柳,青柳,0
2024-05-17,広島,巨人,2,0,大瀬良敗：戸郷,戸郷,0
2024-05-17,ロッテ,日本ハム,1,1,,,0
2024-05-17,オリックス,楽天,3,5,宋家豪敗：髙島,髙島,0
2024-05-17,ソフトバンク,西武,6,2,モイネロ敗：ボー・タカハシ,ボー・タカハシ,0
2024-05-18,DeNA,中日,3,2,中川颯敗：松葉,松葉,0
2024-05-18,阪神,ヤクルト,1,0,ビーズリー敗：ヤフーレ,ヤフーレ,0
2024-05-18,広島,巨人,4,3,九里敗：赤星,赤星,0
2024-05-18,ロッテ,日本ハム,6,4,国吉敗：ロドリゲス,ロドリゲス,0
2024-05-18,オリックス,楽天,8,3,曽谷敗：内,内,0
2024-05-18,ソフトバンク,西武,3,2,長谷川敗：松本,松本,0
2024-05-19,DeNA,中日,2,3,柳敗：大貫,大貫,0
2024-05-19,阪神,ヤクルト,7,2,才木敗：石川,石川,0
2024-05-19,広島,巨人,9,3,アドゥワ敗：高橋礼,高橋礼,0
2024-05-19,ロッテ,日本ハム,4,3,益田敗：河野,河野,0
2024-05-19,オリックス,楽天,3,2,井口敗：酒居,酒居,0
2024-05-19,ソフトバンク,西武,2,1,ヘルナンデス敗：アブレイユ,アブレイユ,0
2024-05-21,巨人,中日,1,1,,,0
2024-05-21,ヤクルト,DeNA,0,7,ケイ敗：小川,小川,0
2024-05-21,広島,阪神,6,2,床田敗：村上,村上,0
2024-05-21,日本ハム,オリックス,5,4,山﨑福也敗：エスピノーザ,エスピノーザ,0
2024-05-21,西武,ロッテ,3,5,西野敗：今井,今井,0
2024-05-21,ソフトバンク,楽天,21,0,有原敗：ポンセ,ポンセ,0
2024-05-22,巨人,中日,2,4,小笠原敗：堀田,堀田,0
2024-05-22,ヤクルト,DeNA,1,2,ジャクソン敗：小澤,小澤,0
2024-05-22,広島,阪神,1,2,大竹敗：森下,森下,0
2024-05-22,日本ハム,オリックス,5,4,河野敗：井口,井口,0
2024-05-22,西武,ロッテ,1,2,種市敗：隅田,隅田,0
2024-05-22,ソフトバンク,楽天,12,0,和田敗：荘司,荘司,0
2024-05-23,ヤクルト,DeNA,3,5,石田健敗：高橋,高橋,0
2024-05-23,広島,阪神,1,2,西勇敗：ハッチ,ハッチ,0
2024-05-23,日本ハム,オリックス,3,9,本田敗：上原,上原,0
2024-05-24,DeNA,広島,2,5,島内敗：伊勢,伊勢,0
2024-05-24,中日,ヤクルト,2,5,山本敗：マルティネス,マルティネス,0
2024-05-24,阪神,巨人,0,1,戸郷敗：及川,及川,0
2024-05-24,楽天,日本ハム,3,4,田中正敗：宋家豪,宋家豪,0
2024-05-24,西武,オリックス,6,9,本田敗：アブレイユ,アブレイユ,0
2024-05-24,ロッテ,ソフトバンク,3,1,佐々木敗：モイネロ,モイネロ,0
2024-05-25,DeNA,広島,6,9,黒原敗：三嶋,三嶋,0
2024-05-25,中日,ヤクルト,1,0,メヒア敗：ヤフーレ,ヤフーレ,0
2024-05-25,阪神,巨人,3,0,ビーズリー敗：赤星,赤星,0
2024-05-25,楽天,日本ハム,0,5,加藤貴敗：古謝,古謝,0
2024-05-25,西武,オリックス,6,5,與座敗：曽谷,曽谷,0
2024-05-25,ロッテ,ソフトバンク,2,0,メルセデス敗：大津,大津,0
2024-05-26,DeNA,広島,2,4,アドゥワ敗：大貫,大貫,0
2024-05-26,中日,ヤクルト,5,0,橋本敗：松本健,松本健,0
2024-05-26,阪神,巨人,1,2,西舘敗：岩崎,岩崎,0
2024-05-26,楽天,日本ハム,3,2,岸敗：柳川,柳川,0
2024-05-26,西武,オリックス,5,2,佐藤隼敗：マチャド,マチャド,0
2024-05-26,ロッテ,ソフトバンク,7,1,中村稔敗：スチュワート・ジュニア,スチュワート・ジュニア,0
2024-05-28,巨人,ソフトバンク,0,2,有原敗：山﨑伊,山﨑伊,0
2024-05-28,ヤクルト,ロッテ,3,5,小島敗：吉村,吉村,0
2024-05-28,DeNA,楽天,6,1,ケイ敗：ポンセ,ポンセ,0
2024-05-28,中日,西武,3,0,髙橋宏敗：今井,今井,0
2024-05-28,阪神,日本ハム,,,,,1
2024-05-28,広島,オリックス,2,1,床田敗：エスピノーザ,エスピノーザ,0
2024-05-29,巨人,ソフトバンク,1,0,平内敗：オスナ,オスナ,0
2024-05-29,ヤクルト,ロッテ,3,3,,,0
2024-05-29,DeNA,楽天,0,4,内敗：ジャクソン,ジャクソン,0
2024-05-29,中日,西武,0,1,隅田敗：小笠原,小笠原,0
2024-05-29,阪神,日本ハム,2,8,伊藤敗：大竹,大竹,0
2024-05-29,広島,オリックス,14,0,森下敗：田嶋,田嶋,0
2024-05-30,巨人,ソフトバンク,6,5,井上敗：東浜,東浜,0
2024-05-30,ヤクルト,ロッテ,3,3,,,0
2024-05-30,DeNA,楽天,5,6,藤井敗：石田健,石田健,0
2024-05-30,中日,西武,0,3,武内敗：柳,柳,0
2024-05-30,阪神,日本ハム,0,6,山﨑福也敗：西勇,西勇,0
2024-05-30,広島,オリックス,2,8,古田島敗：矢崎,矢崎,0
2024-05-31,日本ハム,DeNA,3,4,森原敗：河野,河野,0
2024-05-31,楽天,ヤクルト,5,3,渡辺翔敗：エスパーダ,エスパーダ,0
2024-05-31,西武,巨人,1,4,戸郷敗：髙橋光成,髙橋光成,0
2024-05-31,ロッテ,阪神,5,4,鈴木敗：漆原,漆原,0
2024-05-31,オリックス,中日,2,1,マチャド敗：松山,松山,0
2024-05-31,ソフトバンク,広島,2,1,松本裕敗：島内,島内,0
2024-06-01,日本ハム,DeNA,3,4,中川虎敗：田中正,田中正,0
2024-06-01,楽天,ヤクルト,8,2,松井敗：ヤフーレ,ヤフーレ,0
2024-06-01,西武,巨人,4,3,田村敗：バルドナード,バルドナード,0
2024-06-01,ロッテ,阪神,3,2,澤田敗：西純,西純,0
2024-06-01,オリックス,中日,1,2,藤嶋敗：才木,才木,0
2024-06-01,ソフトバンク,広島,2,0,大津敗：玉村,玉村,0
2024-06-02,日本ハム,DeNA,9,2,福島敗：大貫,大貫,0
2024-06-02,楽天,ヤクルト,0,4,石川敗：岸,岸,0
2024-06-02,西武,巨人,1,7,菅野敗：ボー・タカハシ,ボー・タカハシ,0
2024-06-02,ロッテ,阪神,0,1,才木敗：メルセデス,メルセデス,0
2024-06-02,オリックス,中日,1,2,梅野敗：阿部,阿部,0
2024-06-02,ソフトバンク,広島,5,3,長谷川敗：島内,島内,0
2024-06-04,巨人,ロッテ,18,2,山﨑伊敗：小島,小島,0
2024-06-04,ヤクルト,西武,4,3,田口敗：松本,松本,0
2024-06-04,DeNA,オリックス,3,1,ウィック敗：井口,井口,0
2024-06-04,中日,ソフトバンク,2,3,杉山敗：マルティネス,マルティネス,0
2024-06-04,阪神,楽天,1,3,鈴木翔敗：ゲラ,ゲラ,0
2024-06-04,広島,日本ハム,0,5,北山敗：床田,床田,0
2024-06-05,巨人,ロッテ,3,4,種市敗：堀田,堀田,0
2024-06-05,ヤクルト,西武,7,2,小川敗：隅田,隅田,0
2024-06-05,DeNA,オリックス,1,2,田嶋敗：ジャクソン,ジャクソン,0
2024-06-05,中日,ソフトバンク,1,5,大関敗：小笠原,小笠原,0
2024-06-05,阪神,楽天,2,3,渡辺翔敗：岩崎,岩崎,0
2024-06-05,広島,日本ハム,6,0,森下敗：伊藤,伊藤,0
2024-06-06,巨人,ロッテ,7,4,井上敗：西野,西野,0
2024-06-06,ヤクルト,西武,3,1,高橋敗：菅井,菅井,0
2024-06-06,DeNA,オリックス,1,3,山田敗：山﨑,山﨑,0
2024-06-06,中日,ソフトバンク,3,0,柳敗：石川,石川,0
2024-06-06,阪神,楽天,1,4,藤井敗：西勇,西勇,0
2024-06-06,広島,日本ハム,3,1,九里敗：鈴木,鈴木,0
2024-06-07,巨人,オリックス,0,2,東敗：戸郷,戸郷,0
2024-06-07,ヤクルト,日本ハム,4,5,矢澤敗：小澤,小澤,0
2024-06-07,DeNA,ソフトバンク,1,10,モイネロ敗：森唯,森唯,0
2024-06-07,中日,楽天,0,2,早川敗：涌井,涌井,0
2024-06-07,阪神,西武,5,1,伊藤将敗：與座,與座,0
2024-06-07,広島,ロッテ,4,0,大瀬良敗：美馬,美馬,0
2024-06-08,巨人,オリックス,0,5,齋藤敗：グリフィン,グリフィン,0
2024-06-08,ヤクルト,日本ハム,6,3,サイスニード敗：金村,金村,0
2024-06-08,DeNA,ソフトバンク,3,5,松本裕敗：森原,森原,0
2024-06-08,中日,楽天,2,7,古謝敗：メヒア,メヒア,0
2024-06-08,阪神,西武,4,1,ビーズリー敗：髙橋光成,髙橋光成,0
2024-06-08,広島,ロッテ,1,3,佐々木敗：玉村,玉村,0
2024-06-09,巨人,オリックス,1,4,佐藤敗：菅野,菅野,0
2024-06-09,ヤクルト,日本ハム,1,0,木澤敗：田中正,田中正,0
2024-06-09,DeNA,ソフトバンク,8,5,石田裕敗：和田,和田,0
2024-06-09,中日,楽天,3,1,松葉敗：岸,岸,0
2024-06-09,阪神,西武,3,0,才木敗：渡邉,渡邉,0
2024-06-09,広島,ロッテ,4,1,島内敗：澤田,澤田,0
2024-06-11,日本ハム,中日,0,4,髙橋宏敗：上原,上原,0
2024-06-11,楽天,巨人,7,6,津留﨑敗：バルドナード,バルドナード,0
2024-06-11,西武,広島,1,2,床田敗：今井,今井,0
2024-06-11,ロッテ,DeNA,0,4,ジャクソン敗：小島,小島,0
2024-06-11,オリックス,阪神,4,0,曽谷敗：村上,村上,0
2024-06-11,ソフトバンク,ヤクルト,4,2,有原敗：吉村,吉村,0
2024-06-12,日本ハム,中日,7,0,伊藤敗：小笠原,小笠原,0
2024-06-12,楽天,巨人,5,4,内敗：堀田,堀田,0
2024-06-12,西武,広島,5,0,隅田敗：森下,森下,0
2024-06-12,ロッテ,DeNA,3,13,ケイ敗：東妻,東妻,0
2024-06-12,オリックス,阪神,4,0,エスピノーザ敗：大竹,大竹,0
2024-06-12,ソフトバンク,ヤクルト,3,9,山野敗：大津,大津,0
2024-06-13,日本ハム,中日,9,4,山本拓敗：藤嶋,藤嶋,0
2024-06-13,楽天,巨人,3,0,藤井敗：井上,井上,0
2024-06-13,西武,広島,0,5,九里敗：ボー・タカハシ,ボー・タカハシ,0
2024-06-13,ロッテ,DeNA,1,3,大貫敗：西野,西野,0
2024-06-13,オリックス,阪神,0,5,西勇敗：田嶋,田嶋,0
2024-06-13,ソフトバンク,ヤクルト,6,3,大関敗：高橋,高橋,0
2024-06-14,日本ハム,巨人,2,7,戸郷敗：山﨑福也,山﨑福也,0
2024-06-14,楽天,広島,0,1,森浦敗：宋家豪,宋家豪,0
2024-06-14,西武,DeNA,1,5,濵口敗：青山,青山,0
2024-06-14,ロッテ,中日,3,4,松山敗：坂本,坂本,0
2024-06-14,オリックス,ヤクルト,3,5,奥川敗：カスティーヨ,カスティーヨ,0
2024-06-14,ソフトバンク,阪神,2,0,モイネロ敗：伊藤将,伊藤将,0
2024-06-15,日本ハム,巨人,0,2,グリフィン敗：金村,金村,0
2024-06-15,楽天,広島,3,4,玉村敗：古謝,古謝,0
2024-06-15,西武,DeNA,0,4,東敗：髙橋光成,髙橋光成,0
2024-06-15,ロッテ,中日,10,0,高野脩敗：メヒア,メヒア,0
2024-06-15,オリックス,ヤクルト,9,3,東敗：サイスニード,サイスニード,0
2024-06-15,ソフトバンク,阪神,6,2,東浜敗：ビーズリー,ビーズリー,0
2024-06-16,日本ハム,巨人,3,3,,,0
2024-06-16,楽天,広島,5,3,弓削敗：アドゥワ,アドゥワ,0
2024-06-16,西武,DeNA,0,5,石田裕敗：渡邉,渡邉,0
2024-06-16,ロッテ,中日,7,2,メルセデス敗：柳,柳,0
2024-06-16,オリックス,ヤクルト,4,5,大西敗：マチャド,マチャド,0
2024-06-16,ソフトバンク,阪神,1,4,才木敗：石川,石川,0
2024-06-18,阪神,日本ハム,2,1,島本敗：矢澤,矢澤,0
2024-06-21,巨人,ヤクルト,2,4,吉村敗：戸郷,戸郷,0
2024-06-21,中日,広島,1,0,髙橋宏敗：床田,床田,0
2024-06-21,阪神,DeNA,1,0,石井敗：ウィック,ウィック,0
2024-06-21,日本ハム,楽天,9,9,,,0
2024-06-21,オリックス,西武,2,0,エスピノーザ敗：今井,今井,0
2024-06-21,ソフトバンク,ロッテ,9,4,スチュワート・ジュニア敗：小島,小島,0
2024-06-22,巨人,ヤクルト,0,3,大西敗：高梨,高梨,0
2024-06-22,中日,広島,1,3,大瀬良敗：メヒア,メヒア,0
2024-06-22,阪神,DeNA,2,5,東敗：伊藤将,伊藤将,0
2024-06-22,日本ハム,楽天,5,2,伊藤敗：ポンセ,ポンセ,0
2024-06-22,オリックス,西武,2,4,隅田敗：齋藤,齋藤,0
2024-06-22,ソフトバンク,ロッテ,3,1,大津敗：種市,種市,0
2024-06-23,巨人,ヤクルト,4,3,船迫敗：ヤフーレ,ヤフーレ,0
2024-06-23,中日,広島,2,1,松山敗：島内,島内,0
2024-06-23,阪神,DeNA,,,,,1
2024-06-23,日本ハム,楽天,2,6,藤井敗：加藤貴,加藤貴,0
2024-06-23,オリックス,西武,4,1,カスティーヨ敗：髙橋光成,髙橋光成,0
2024-06-23,ソフトバンク,ロッテ,6,6,,,0
2024-06-25,DeNA,巨人,2,3,山﨑伊敗：中川虎,中川虎,0
2024-06-25,阪神,中日,0,1,小笠原敗：才木,才木,0
2024-06-25,広島,ヤクルト,3,0,森下敗：高橋,高橋,0
2024-06-25,西武,日本ハム,1,0,渡邉敗：金村,金村,0
2024-06-25,ロッテ,楽天,10,2,西野敗：内,内,0
2024-06-25,オリックス,ソフトバンク,2,7,有原敗：曽谷,曽谷,0
2024-06-26,阪神,中日,1,1,,,0
2024-06-26,広島,ヤクルト,5,1,九里敗：小川,小川,0
2024-06-26,西武,日本ハム,2,2,,,0
2024-06-26,ロッテ,楽天,4,1,中森敗：岸,岸,0
2024-06-26,オリックス,ソフトバンク,1,5,大関敗：東,東,0
2024-06-27,DeNA,巨人,5,4,京山敗：ケラー,ケラー,0
2024-06-27,阪神,中日,8,1,村上敗：梅津,梅津,0
2024-06-27,広島,ヤクルト,4,3,矢崎敗：田口,田口,0
2024-06-27,オリックス,ソフトバンク,3,1,宮城敗：東浜,東浜,0
2024-06-28,巨人,広島,3,2,高梨敗：栗林,栗林,0
2024-06-28,ヤクルト,阪神,,,,,1
2024-06-28,中日,DeNA,1,5,ジャクソン敗：髙橋宏,髙橋宏,0
2024-06-28,日本ハム,ソフトバンク,1,5,スチュワート・ジュニア敗：山﨑福也,山﨑福也,0
2024-06-28,楽天,西武,0,4,今井敗：古謝,古謝,0
2024-06-28,ロッテ,オリックス,4,3,小島敗：エスピノーザ,エスピノーザ,0
2024-06-29,巨人,広島,1,2,島内敗：バルドナード,バルドナード,0
2024-06-29,ヤクルト,阪神,6,1,奥川敗：伊藤将,伊藤将,0
2024-06-29,中日,DeNA,1,5,東敗：大野,大野,0
2024-06-29,日本ハム,ソフトバンク,1,7,大津敗：伊藤,伊藤,0
2024-06-29,楽天,西武,2,4,隅田敗：瀧中,瀧中,0
2024-06-29,ロッテ,オリックス,3,5,吉田敗：鈴木,鈴木,0
2024-06-30,巨人,広島,3,2,菅野敗：玉村,玉村,0
2024-06-30,ヤクルト,阪神,6,5,木澤敗：漆原,漆原,0
2024-06-30,中日,DeNA,3,0,齋藤敗：徳山,徳山,0
2024-06-30,日本ハム,ソフトバンク,3,10,モイネロ敗：加藤貴,加藤貴,0
2024-06-30,楽天,西武,2,1,渡辺翔敗：本田,本田,0
2024-06-30,ロッテ,オリックス,7,0,石川歩敗：山下,山下,0
2024-07-02,巨人,中日,1,2,小笠原敗：山﨑伊,山﨑伊,0
2024-07-02,DeNA,ヤクルト,6,4,石田裕敗：吉村,吉村,0
2024-07-02,広島,阪神,0,3,岩崎敗：島内,島内,0
2024-07-02,日本ハム,ロッテ,8,3,金村敗：メルセデス,メルセデス,0
2024-07-02,楽天,オリックス,1,4,曽谷敗：内,内,0
2024-07-02,ソフトバンク,西武,3,2,有原敗：羽田,羽田,0
2024-07-03,巨人,中日,6,1,井上敗：涌井,涌井,0
2024-07-03,DeNA,ヤクルト,3,5,大西敗：森原,森原,0
2024-07-03,広島,阪神,1,2,大竹敗：九里,九里,0
2024-07-03,日本ハム,ロッテ,6,9,田中晴敗：マーフィー,マーフィー,0
2024-07-03,楽天,オリックス,,,,,1
2024-07-04,DeNA,ヤクルト,3,0,平良敗：ヤフーレ,ヤフーレ,0
2024-07-04,広島,阪神,7,5,島内敗：島本,島本,0
2024-07-04,日本ハム,ロッテ,1,3,西野敗：上原,上原,0
2024-07-04,ソフトバンク,西武,0,4,武内敗：大関,大関,0
2024-07-05,ヤクルト,巨人,3,10,戸郷敗：小川,小川,0
2024-07-05,中日,広島,2,0,髙橋宏敗：床田,床田,0
2024-07-05,阪神,DeNA,1,2,ウィック敗：石井,石井,0
2024-07-05,西武,ロッテ,3,6,小島敗：今井,今井,0
2024-07-05,ソフトバンク,楽天,1,5,早川敗：和田,和田,0
2024-07-06,ヤクルト,巨人,1,4,グリフィン敗：高橋,高橋,0
2024-07-06,中日,広島,2,1,梅津敗：大瀬良,大瀬良,0
2024-07-06,阪神,DeNA,2,1,伊藤将敗：森唯,森唯,0
2024-07-06,西武,ロッテ,3,4,坂本敗：隅田,隅田,0
2024-07-06,オリックス,日本ハム,4,1,カスティーヨ敗：福島,福島,0
2024-07-06,ソフトバンク,楽天,0,4,古謝敗：大津,大津,0
2024-07-07,ヤクルト,巨人,3,7,菅野敗：サイスニード,サイスニード,0
2024-07-07,中日,広島,2,1,マルティネス敗：栗林,栗林,0
2024-07-07,阪神,DeNA,6,5,桐敷敗：森原,森原,0
2024-07-07,西武,ロッテ,2,9,横山敗：ボー・タカハシ,ボー・タカハシ,0
2024-07-07,オリックス,日本ハム,6,3,エスピノーザ敗：伊藤,伊藤,0
2024-07-07,ソフトバンク,楽天,5,3,ヘルナンデス敗：酒居,酒居,0
2024-07-09,DeNA,中日,6,5,徳山敗：フェリス,フェリス,0
2024-07-09,阪神,ヤクルト,2,1,石井敗：田口,田口,0
2024-07-09,広島,巨人,3,5,高梨敗：島内,島内,0
2024-07-09,西武,日本ハム,1,4,杉浦敗：松本,松本,0
2024-07-09,ロッテ,楽天,2,4,内敗：メルセデス,メルセデス,0
2024-07-09,オリックス,ソフトバンク,3,0,田嶋敗：有原,有原,0
2024-07-10,DeNA,中日,3,0,東敗：松木平,松木平,0
2024-07-10,阪神,ヤクルト,4,1,大竹敗：奥川,奥川,0
2024-07-10,広島,巨人,,,,,1
2024-07-10,西武,日本ハム,1,6,金村敗：本田,本田,0
2024-07-10,ロッテ,楽天,18,5,石川歩敗：松井,松井,0
2024-07-10,オリックス,ソフトバンク,4,3,吉田敗：松本裕,松本裕,0
2024-07-11,DeNA,中日,3,2,森原敗：齋藤,齋藤,0
2024-07-12,巨人,DeNA,3,2,大勢敗：京山,京山,0
2024-07-12,中日,阪神,3,0,髙橋宏敗：村上,村上,0
2024-07-12,広島,ヤクルト,4,3,床田敗：石川,石川,0
2024-07-12,日本ハム,ソフトバンク,4,5,杉山敗：上原,上原,0
2024-07-12,楽天,西武,3,2,早川敗：武内,武内,0
2024-07-12,ロッテ,オリックス,1,0,小島敗：曽谷,曽谷,0
2024-07-13,巨人,DeNA,6,1,グリフィン敗：吉野,吉野,0
2024-07-13,中日,阪神,10,8,藤嶋敗：漆原,漆原,0
2024-07-13,広島,ヤクルト,1,0,黒原敗：田口,田口,0
2024-07-13,日本ハム,ソフトバンク,3,2,山本拓敗：津森,津森,0
2024-07-13,楽天,西武,5,0,岸敗：今井,今井,0
2024-07-13,ロッテ,オリックス,6,0,種市敗：カスティーヨ,カスティーヨ,0
2024-07-14,巨人,DeNA,0,6,ケイ敗：菅野,菅野,0
2024-07-14,中日,阪神,2,6,石井敗：橋本,橋本,0
2024-07-14,広島,ヤクルト,,,,,1
2024-07-14,日本ハム,ソフトバンク,3,1,伊藤敗：モイネロ,モイネロ,0
2024-07-14,楽天,西武,4,2,酒居敗：隅田,隅田,0
2024-07-14,ロッテ,オリックス,1,5,齋藤敗：田中晴,田中晴,0
2024-07-15,巨人,阪神,0,2,ビーズリー敗：赤星,赤星,0
2024-07-15,ヤクルト,中日,4,1,ヤフーレ敗：梅津,梅津,0
2024-07-15,DeNA,広島,6,1,濵口敗：アドゥワ,アドゥワ,0
2024-07-15,日本ハム,楽天,3,16,瀧中敗：福島,福島,0
2024-07-15,西武,オリックス,3,0,菅井敗：エスピノーザ,エスピノーザ,0
2024-07-15,ソフトバンク,ロッテ,5,8,西野敗：大関,大関,0
2024-07-16,巨人,阪神,2,1,山﨑伊敗：才木,才木,0
2024-07-16,ヤクルト,中日,4,3,小澤敗：藤嶋,藤嶋,0
2024-07-16,DeNA,広島,,,,,1
2024-07-16,日本ハム,楽天,5,4,池田敗：則本,則本,0
2024-07-16,西武,オリックス,1,2,ペルドモ敗：松本,松本,0
2024-07-16,ソフトバンク,ロッテ,4,1,有原敗：メルセデス,メルセデス,0
2024-07-17,巨人,阪神,4,3,船迫敗：大竹,大竹,0
2024-07-17,DeNA,広島,0,3,森下敗：東,東,0
2024-07-17,日本ハム,楽天,6,2,金村敗：古謝,古謝,0
2024-07-17,西武,オリックス,6,0,青山敗：宮城,宮城,0
2024-07-17,ソフトバンク,ロッテ,6,4,藤井敗：中森,中森,0
2024-07-19,ヤクルト,DeNA,7,8,京山敗：金久保,金久保,0
2024-07-19,中日,巨人,1,0,髙橋宏敗：戸郷,戸郷,0
2024-07-19,阪神,広島,0,1,床田敗：村上,村上,0
2024-07-19,西武,ソフトバンク,0,4,スチュワート・ジュニア敗：武内,武内,0
2024-07-19,ロッテ,日本ハム,1,2,加藤貴敗：小島,小島,0
2024-07-19,オリックス,楽天,2,3,早川敗：曽谷,曽谷,0
2024-07-20,ヤクルト,DeNA,6,4,山本敗：中川虎,中川虎,0
2024-07-20,中日,巨人,3,4,グリフィン敗：メヒア,メヒア,0
2024-07-20,阪神,広島,0,1,森浦敗：富田,富田,0
2024-07-20,西武,ソフトバンク,5,3,ボー・タカハシ敗：ヘルナンデス,ヘルナンデス,0
2024-07-20,ロッテ,日本ハム,2,10,バーヘイゲン敗：種市,種市,0
2024-07-20,オリックス,楽天,2,3,則本敗：山下,山下,0
2024-07-21,ヤクルト,DeNA,8,7,小澤敗：坂本,坂本,0
2024-07-21,中日,巨人,1,4,菅野敗：松葉,松葉,0
2024-07-21,阪神,広島,12,3,西勇敗：九里,九里,0
2024-07-21,西武,ソフトバンク,0,1,モイネロ敗：隅田,隅田,0
2024-07-21,ロッテ,日本ハム,6,10,山本拓敗：コルデロ,コルデロ,0
2024-07-21,オリックス,楽天,5,12,藤井敗：佐藤,佐藤,0
2024-07-23,パ・リーグ,セ・リーグ,6,11,才木敗：山﨑福也,山﨑福也,0
2024-07-24,セ・リーグ,パ・リーグ,10,16,マチャド敗：髙橋宏,髙橋宏,0
2024-07-26,ヤクルト,広島,6,9,黒原敗：山野,山野,0
2024-07-26,DeNA,巨人,2,5,船迫敗：ジャクソン,ジャクソン,0
2024-07-26,阪神,中日,5,1,村上敗：小笠原,小笠原,0
2024-07-26,日本ハム,西武,1,1,,,0
2024-07-26,楽天,ロッテ,1,6,西野敗：内,内,0
2024-07-26,ソフトバンク,オリックス,5,1,スチュワート・ジュニア敗：宮城,宮城,0
2024-07-27,ヤクルト,広島,3,0,高橋敗：森下,森下,0
2024-07-27,DeNA,巨人,1,2,井上敗：山﨑,山﨑,0
2024-07-27,阪神,中日,7,3,大竹敗：メヒア,メヒア,0
2024-07-27,日本ハム,西武,1,3,武内敗：福島,福島,0
2024-07-27,楽天,ロッテ,3,5,唐川敗：ポンセ,ポンセ,0
2024-07-27,ソフトバンク,オリックス,3,0,有原敗：田嶋,田嶋,0
2024-07-28,ヤクルト,広島,5,4,星敗：栗林,栗林,0
2024-07-28,DeNA,巨人,0,6,菅野敗：ケイ,ケイ,0
2024-07-28,阪神,中日,4,3,岡留敗：マルティネス,マルティネス,0
2024-07-28,日本ハム,西武,9,0,伊藤敗：菅井,菅井,0
2024-07-28,楽天,ロッテ,8,7,則本敗：益田,益田,0
2024-07-28,ソフトバンク,オリックス,4,1,大関敗：曽谷,曽谷,0
2024-07-30,中日,ヤクルト,6,0,髙橋宏敗：ヤフーレ,ヤフーレ,0
2024-07-30,阪神,巨人,5,1,才木敗：山﨑伊,山﨑伊,0
2024-07-30,広島,DeNA,6,3,玉村敗：濵口,濵口,0
2024-07-30,日本ハム,オリックス,3,3,,,0
2024-07-30,楽天,ソフトバンク,1,10,モイネロ敗：早川,早川,0
2024-07-30,ロッテ,西武,7,6,横山敗：アブレイユ,アブレイユ,0
2024-07-31,中日,ヤクルト,1,0,松木平敗：サイスニード,サイスニード,0
2024-07-31,阪神,巨人,9,6,及川敗：グリフィン,グリフィン,0
2024-07-31,広島,DeNA,2,1,床田敗：東,東,0
2024-07-31,日本ハム,オリックス,9,2,山﨑福也敗：齋藤,齋藤,0
2024-07-31,楽天,ソフトバンク,3,2,古謝敗：大津,大津,0
2024-07-31,ロッテ,西武,6,2,メルセデス敗：青山,青山,0
2024-08-01,中日,ヤクルト,3,2,藤嶋敗：木澤,木澤,0
2024-08-01,阪神,巨人,9,2,ビーズリー敗：戸郷,戸郷,0
2024-08-01,広島,DeNA,2,1,島内敗：中川虎,中川虎,0
2024-08-01,日本ハム,オリックス,7,6,田中正敗：山田,山田,0
2024-08-01,楽天,ソフトバンク,0,7,澤柳敗：藤井,藤井,0
2024-08-01,ロッテ,西武,4,1,佐々木敗：與座,與座,0
2024-08-02,巨人,ヤクルト,2,4,奥川敗：赤星,赤星,0
2024-08-02,DeNA,阪神,2,4,村上敗：ジャクソン,ジャクソン,0
2024-08-02,広島,中日,1,0,黒原敗：小笠原,小笠原,0
2024-08-02,西武,楽天,2,3,内敗：今井,今井,0
2024-08-02,オリックス,ロッテ,2,3,石川歩敗：宮城,宮城,0
2024-08-02,ソフトバンク,日本ハム,6,4,スチュワート・ジュニア敗：加藤貴,加藤貴,0
2024-08-03,巨人,ヤクルト,8,4,船迫敗：高橋,高橋,0
2024-08-03,DeNA,阪神,10,4,山﨑敗：岩貞,岩貞,0
2024-08-03,広島,中日,4,1,森下敗：大野,大野,0
2024-08-03,西武,楽天,7,0,武内敗：瀧中,瀧中,0
2024-08-03,オリックス,ロッテ,5,1,田嶋敗：西野,西野,0
2024-08-03,ソフトバンク,日本ハム,7,8,池田敗：ヘルナンデス,ヘルナンデス,0
2024-08-04,巨人,ヤクルト,4,1,菅野敗：石川,石川,0
2024-08-04,DeNA,阪神,0,4,西勇敗：ケイ,ケイ,0
2024-08-04,広島,中日,6,4,九里敗：根尾,根尾,0
2024-08-04,西武,楽天,5,10,渡辺翔敗：水上,水上,0
2024-08-04,オリックス,ロッテ,0,3,種市敗：曽谷,曽谷,0
2024-08-04,ソフトバンク,日本ハム,3,2,澤柳敗：田中正,田中正,0
2024-08-06,巨人,広島,0,5,アドゥワ敗：山﨑伊,山﨑伊,0
2024-08-06,ヤクルト,阪神,5,4,小澤敗：岩崎,岩崎,0
2024-08-06,中日,DeNA,6,2,髙橋宏敗：濵口,濵口,0
2024-08-06,楽天,日本ハム,1,5,金村敗：則本,則本,0
2024-08-06,ロッテ,ソフトバンク,4,6,モイネロ敗：小島,小島,0
2024-08-06,オリックス,西武,6,2,山田敗：渡邉,渡邉,0
2024-08-07,巨人,広島,3,3,,,0
2024-08-07,ヤクルト,阪神,4,0,サイスニード敗：及川,及川,0
2024-08-07,中日,DeNA,0,0,,,0
2024-08-07,楽天,日本ハム,0,2,生田目敗：岸,岸,0
2024-08-07,ロッテ,ソフトバンク,6,2,メルセデス敗：大津,大津,0
2024-08-07,オリックス,西武,3,2,山田敗：松本,松本,0
2024-08-08,巨人,広島,5,0,戸郷敗：大瀬良,大瀬良,0
2024-08-08,ヤクルト,阪神,3,6,ビーズリー敗：吉村,吉村,0
2024-08-08,中日,DeNA,2,4,ジャクソン敗：松葉,松葉,0
2024-08-08,楽天,日本ハム,4,5,加藤貴敗：藤井,藤井,0
2024-08-08,ロッテ,ソフトバンク,3,6,石川敗：佐々木,佐々木,0
2024-08-08,オリックス,西武,3,0,髙島敗：青山,青山,0
2024-08-09,DeNA,ヤクルト,5,2,石田裕敗：高梨,高梨,0
2024-08-09,中日,巨人,9,2,小笠原敗：又木,又木,0
2024-08-09,阪神,広島,3,6,森敗：村上,村上,0
2024-08-10,DeNA,ヤクルト,14,4,大貫敗：高橋,高橋,0
2024-08-10,中日,巨人,0,2,井上敗：メヒア,メヒア,0
2024-08-10,阪神,広島,1,5,森下敗：大竹,大竹,0
2024-08-10,日本ハム,西武,5,1,山本拓敗：今井,今井,0
2024-08-10,ロッテ,オリックス,3,1,唐川敗：宮城,宮城,0
2024-08-10,ソフトバンク,楽天,6,13,古謝敗：有原,有原,0
2024-08-11,DeNA,ヤクルト,4,5,大西敗：山﨑,山﨑,0
2024-08-11,中日,巨人,1,3,菅野敗：大野,大野,0
2024-08-11,阪神,広島,4,0,髙橋敗：九里,九里,0
2024-08-11,日本ハム,西武,8,7,伊藤敗：武内,武内,0
2024-08-11,ロッテ,オリックス,6,1,種市敗：齋藤,齋藤,0
2024-08-11,ソフトバンク,楽天,5,2,スチュワート・ジュニア敗：瀧中,瀧中,0
2024-08-12,巨人,阪神,1,0,山﨑伊敗：西勇,西勇,0
2024-08-12,ヤクルト,中日,5,4,小澤敗：松山,松山,0
2024-08-12,広島,DeNA,10,3,玉村敗：森唯,森唯,0
2024-08-12,日本ハム,西武,5,1,福島敗：髙橋光成,髙橋光成,0
2024-08-12,ロッテ,オリックス,0,4,田嶋敗：西野,西野,0
2024-08-12,ソフトバンク,楽天,14,4,大関敗：津留﨑,津留﨑,0
2024-08-13,巨人,阪神,5,8,石井敗：高梨,高梨,0
2024-08-13,ヤクルト,中日,4,5,髙橋宏敗：ヤフーレ,ヤフーレ,0
2024-08-13,広島,DeNA,0,6,東敗：野村,野村,0
2024-08-13,日本ハム,ロッテ,0,6,小島敗：金村,金村,0
2024-08-13,西武,ソフトバンク,1,6,モイネロ敗：渡邉,渡邉,0
2024-08-13,オリックス,楽天,0,3,早川敗：曽谷,曽谷,0
2024-08-14,巨人,阪神,4,0,戸郷敗：及川,及川,0
2024-08-14,ヤクルト,中日,7,6,ロドリゲス敗：齋藤,齋藤,0
2024-08-14,広島,DeNA,4,3,塹江敗：森原,森原,0
2024-08-14,日本ハム,ロッテ,4,1,山﨑福也敗：メルセデス,メルセデス,0
2024-08-14,西武,ソフトバンク,4,1,隅田敗：大津,大津,0
2024-08-14,オリックス,楽天,1,6,内敗：エスピノーザ,エスピノーザ,0
2024-08-15,日本ハム,ロッテ,6,1,加藤貴敗：坂本,坂本,0
2024-08-15,西武,ソフトバンク,2,9,大山敗：與座,與座,0
2024-08-15,オリックス,楽天,3,2,マチャド敗：渡辺翔,渡辺翔,0
2024-08-16,ヤクルト,広島,,,,,1
2024-08-16,DeNA,巨人,,,,,1
2024-08-16,中日,阪神,2,1,橋本敗：ビーズリー,ビーズリー,0
2024-08-16,楽天,西武,,,,,1
2024-08-16,オリックス,日本ハム,5,1,古田島敗：河野,河野,0
2024-08-16,ソフトバンク,ロッテ,4,0,有原敗：石川歩,石川歩,0
2024-08-17,ヤクルト,広島,6,3,高橋敗：大瀬良,大瀬良,0
2024-08-17,DeNA,巨人,1,11,井上敗：石田裕,石田裕,0
2024-08-17,中日,阪神,5,5,,,0
2024-08-17,楽天,西武,4,11,今井敗：古謝,古謝,0
2024-08-17,オリックス,日本ハム,3,0,宮城敗：バーヘイゲン,バーヘイゲン,0
2024-08-17,ソフトバンク,ロッテ,2,5,澤村敗：藤井,藤井,0
2024-08-18,ヤクルト,広島,2,8,九里敗：石川,石川,0
2024-08-18,DeNA,巨人,2,1,ウィック敗：平内,平内,0
2024-08-18,中日,阪神,8,4,大野敗：大竹,大竹,0
2024-08-18,楽天,西武,6,1,瀧中敗：武内,武内,0
2024-08-18,オリックス,日本ハム,5,2,山下敗：伊藤,伊藤,0
2024-08-18,ソフトバンク,ロッテ,2,1,松本晴敗：種市,種市,0
2024-08-20,巨人,広島,3,8,森下敗：山﨑伊,山﨑伊,0
2024-08-20,DeNA,中日,4,2,中川颯敗：髙橋宏,髙橋宏,0
2024-08-20,阪神,ヤクルト,8,3,才木敗：吉村,吉村,0
2024-08-20,楽天,ソフトバンク,3,0,早川敗：モイネロ,モイネロ,0
2024-08-20,西武,オリックス,1,0,平良敗：田嶋,田嶋,0
2024-08-20,ロッテ,日本ハム,3,5,金村敗：小島,小島,0
2024-08-21,巨人,広島,4,1,バルドナード敗：ハーン,ハーン,0
2024-08-21,DeNA,中日,7,1,東敗：松木平,松木平,0
2024-08-21,阪神,ヤクルト,10,4,西勇敗：サイスニード,サイスニード,0
2024-08-21,楽天,ソフトバンク,2,1,弓削敗：松本裕,松本裕,0
2024-08-21,西武,オリックス,1,0,隅田敗：曽谷,曽谷,0
2024-08-21,ロッテ,日本ハム,1,7,山﨑福也敗：メルセデス,メルセデス,0
2024-08-22,巨人,広島,1,2,島内敗：ケラー,ケラー,0
2024-08-22,DeNA,中日,8,9,清水敗：森原,森原,0
2024-08-22,阪神,ヤクルト,2,5,大西敗：桐敷,桐敷,0
2024-08-22,西武,オリックス,2,1,本田敗：川瀬,川瀬,0
2024-08-22,ロッテ,日本ハム,3,4,加藤貴敗：佐々木,佐々木,0
2024-08-23,巨人,中日,2,8,福谷敗：西舘,西舘,0
2024-08-23,ヤクルト,DeNA,2,5,吉野敗：木澤,木澤,0
2024-08-23,広島,阪神,1,3,髙橋敗：玉村,玉村,0
2024-08-23,日本ハム,ソフトバンク,5,6,杉山敗：宮西,宮西,0
2024-08-23,西武,楽天,1,2,藤井敗：松本,松本,0
2024-08-23,オリックス,ロッテ,1,0,マチャド敗：益田,益田,0
2024-08-24,巨人,中日,6,2,井上敗：柳,柳,0
2024-08-24,ヤクルト,DeNA,3,0,高橋敗：石田裕,石田裕,0
2024-08-24,広島,阪神,2,1,大瀬良敗：門別,門別,0
2024-08-24,日本ハム,ソフトバンク,6,1,北山敗：スチュワート・ジュニア,スチュワート・ジュニア,0
2024-08-24,西武,楽天,3,2,今井敗：岸,岸,0
2024-08-24,オリックス,ロッテ,0,1,鈴木敗：古田島,古田島,0
2024-08-25,巨人,中日,2,0,菅野敗：大野,大野,0
2024-08-25,ヤクルト,DeNA,4,10,ウィック敗：山野,山野,0
2024-08-25,広島,阪神,5,7,大竹敗：森,森,0
2024-08-25,日本ハム,ソフトバンク,5,3,伊藤敗：松本晴,松本晴,0
2024-08-25,西武,楽天,0,2,古謝敗：武内,武内,0
2024-08-25,オリックス,ロッテ,2,0,吉田敗：種市,種市,0
2024-08-27,ヤクルト,巨人,2,5,山﨑伊敗：吉村,吉村,0
2024-08-27,DeNA,阪神,10,4,大貫敗：伊藤将,伊藤将,0
2024-08-27,中日,広島,2,1,髙橋宏敗：森下,森下,0
2024-08-27,日本ハム,楽天,3,3,,,0
2024-08-27,ロッテ,西武,2,0,小島敗：髙橋光成,髙橋光成,0
2024-08-27,ソフトバンク,オリックス,3,1,モイネロ敗：田嶋,田嶋,0
2024-08-28,ヤクルト,巨人,2,3,グリフィン敗：サイスニード,サイスニード,0
2024-08-28,DeNA,阪神,3,2,東敗：村上,村上,0
2024-08-28,中日,広島,1,2,床田敗：小笠原,小笠原,0
2024-08-28,日本ハム,楽天,5,9,渡辺翔敗：山﨑福也,山﨑福也,0
2024-08-28,ロッテ,西武,4,3,国吉敗：ボー・タカハシ,ボー・タカハシ,0
2024-08-28,ソフトバンク,オリックス,1,4,山下敗：大関,大関,0
2024-08-29,ヤクルト,巨人,,,,,1
2024-08-29,DeNA,阪神,,,,,1
2024-08-29,中日,広島,5,1,松葉敗：九里,九里,0
2024-08-29,ロッテ,西武,0,8,渡邉敗：カイケル,カイケル,0
2024-08-30,中日,DeNA,,,,,1
2024-08-30,阪神,巨人,,,,,1
2024-08-30,広島,ヤクルト,,,,,1
2024-08-30,楽天,オリックス,0,2,曽谷敗：藤井,藤井,0
2024-08-30,西武,日本ハム,2,5,加藤貴敗：松本,松本,0
2024-08-30,ロッテ,ソフトバンク,6,2,佐々木敗：有原,有原,0
2024-08-31,中日,DeNA,,,,,1
2024-08-31,阪神,巨人,4,2,才木敗：戸郷,戸郷,0
2024-08-31,広島,ヤクルト,7,0,大瀬良敗：高橋,高橋,0
2024-08-31,楽天,オリックス,0,6,宮城敗：岸,岸,0
2024-08-31,西武,日本ハム,2,1,今井敗：河野,河野,0
2024-08-31,ロッテ,ソフトバンク,1,4,スチュワート・ジュニア敗：メルセデス,メルセデス,0
2024-09-01,中日,DeNA,,,,,1
2024-09-01,阪神,巨人,1,3,菅野敗：西勇,西勇,0
2024-09-01,広島,ヤクルト,5,1,玉村敗：高梨,高梨,0
2024-09-01,楽天,オリックス,2,6,鈴木敗：渡辺翔,渡辺翔,0
2024-09-01,西武,日本ハム,6,5,アブレイユ敗：柳川,柳川,0
2024-09-01,ロッテ,ソフトバンク,2,10,石川敗：種市,種市,0
2024-09-02,楽天,オリックス,5,2,瀧中敗：髙島,髙島,0
2024-09-03,巨人,ヤクルト,3,4,小澤敗：大勢,大勢,0
2024-09-03,DeNA,広島,5,1,東敗：森下,森下,0
2024-09-03,阪神,中日,4,1,髙橋敗：髙橋宏,髙橋宏,0
2024-09-03,オリックス,西武,3,2,吉田敗：髙橋光成,髙橋光成,0
2024-09-03,ソフトバンク,日本ハム,3,6,伊藤敗：モイネロ,モイネロ,0
2024-09-04,巨人,ヤクルト,0,3,吉村敗：グリフィン,グリフィン,0
2024-09-04,DeNA,広島,6,1,ジャクソン敗：アドゥワ,アドゥワ,0
2024-09-04,阪神,中日,9,4,村上敗：小笠原,小笠原,0
2024-09-04,オリックス,西武,4,0,山下敗：隅田,隅田,0
2024-09-04,ソフトバンク,日本ハム,5,8,山本拓敗：大山,大山,0
2024-09-05,巨人,ヤクルト,3,0,戸郷敗：山野,山野,0
2024-09-05,DeNA,広島,4,3,坂本敗：松本,松本,0
2024-09-05,阪神,中日,2,1,大竹敗：大野,大野,0
2024-09-05,ロッテ,楽天,3,1,カイケル敗：藤井,藤井,0
2024-09-06,ヤクルト,阪神,1,9,ビーズリー敗：サイスニード,サイスニード,0
2024-09-06,広島,中日,0,3,松葉敗：大瀬良,大瀬良,0
2024-09-06,日本ハム,オリックス,3,2,柳川敗：マチャド,マチャド,0
2024-09-06,ロッテ,楽天,1,2,早川敗：西野,西野,0
2024-09-06,ソフトバンク,西武,0,1,渡邉敗：有原,有原,0
2024-09-07,巨人,DeNA,3,2,横川敗：佐々木,佐々木,0
2024-09-07,ヤクルト,阪神,0,6,才木敗：高橋,高橋,0
2024-09-07,広島,中日,2,1,九里敗：福谷,福谷,0
2024-09-07,日本ハム,オリックス,5,1,加藤貴敗：曽谷,曽谷,0
2024-09-07,ロッテ,楽天,1,4,岸敗：小島,小島,0
2024-09-07,ソフトバンク,西武,2,3,平良敗：ヘルナンデス,ヘルナンデス,0
2024-09-08,巨人,DeNA,0,8,吉野敗：メンデス,メンデス,0
2024-09-08,ヤクルト,阪神,5,3,高梨敗：西勇,西勇,0
2024-09-08,広島,中日,3,4,齋藤敗：玉村,玉村,0
2024-09-08,日本ハム,オリックス,4,5,マチャド敗：柳川,柳川,0
2024-09-08,ロッテ,楽天,9,5,佐々木敗：内,内,0
2024-09-08,ソフトバンク,西武,3,1,松本晴敗：武内,武内,0
2024-09-10,中日,ヤクルト,3,1,髙橋宏敗：ヤフーレ,ヤフーレ,0
2024-09-10,阪神,DeNA,7,2,青柳敗：東,東,0
2024-09-10,広島,巨人,1,6,菅野敗：森下,森下,0
2024-09-10,日本ハム,西武,1,0,伊藤敗：ボー・タカハシ,ボー・タカハシ,0
2024-09-10,楽天,ソフトバンク,1,4,石川敗：古謝,古謝,0
2024-09-10,オリックス,ロッテ,1,4,唐川敗：エスピノーザ,エスピノーザ,0
2024-09-11,中日,ヤクルト,1,8,吉村敗：小笠原,小笠原,0
2024-09-11,阪神,DeNA,3,4,ウィック敗：ゲラ,ゲラ,0
2024-09-11,広島,巨人,2,9,泉敗：栗林,栗林,0
2024-09-11,日本ハム,西武,3,2,田中正敗：甲斐野,甲斐野,0
2024-09-11,楽天,ソフトバンク,2,9,大関敗：瀧中,瀧中,0
2024-09-11,オリックス,ロッテ,3,12,カイケル敗：田嶋,田嶋,0
2024-09-12,中日,ヤクルト,4,9,大西敗：清水,清水,0
2024-09-12,阪神,DeNA,,,,,1
2024-09-12,広島,巨人,0,5,戸郷敗：床田,床田,0
2024-09-12,西武,楽天,3,7,藤井敗：杉山,杉山,0
2024-09-13,ヤクルト,巨人,7,2,山野敗：山﨑伊,山﨑伊,0
2024-09-13,DeNA,中日,5,2,ケイ敗：松葉,松葉,0
2024-09-13,阪神,広島,7,3,髙橋敗：大瀬良,大瀬良,0
2024-09-13,西武,ロッテ,7,6,佐藤隼敗：澤村,澤村,0
2024-09-13,オリックス,ソフトバンク,3,8,有原敗：山下,山下,0
2024-09-14,巨人,ヤクルト,1,4,高橋敗：井上,井上,0
2024-09-14,DeNA,中日,2,4,福谷敗：山﨑,山﨑,0
2024-09-14,阪神,広島,4,3,ゲラ敗：黒原,黒原,0
2024-09-14,楽天,日本ハム,7,5,早川敗：加藤貴,加藤貴,0
2024-09-14,西武,ロッテ,0,1,小島敗：羽田,羽田,0
2024-09-14,オリックス,ソフトバンク,1,10,モイネロ敗：カスティーヨ,カスティーヨ,0
2024-09-15,巨人,中日,6,3,高梨敗：藤嶋,藤嶋,0
2024-09-15,阪神,ヤクルト,2,1,ビーズリー敗：高梨,高梨,0
2024-09-15,広島,DeNA,10,2,常廣敗：吉野,吉野,0
2024-09-15,楽天,日本ハム,,,,,1
2024-09-15,西武,ロッテ,7,1,今井敗：佐々木,佐々木,0
2024-09-15,オリックス,ソフトバンク,0,3,尾形敗：山田,山田,0
2024-09-16,巨人,中日,7,1,赤星敗：松木平,松木平,0
2024-09-16,阪神,ヤクルト,3,0,大竹敗：小川,小川,0
2024-09-16,広島,DeNA,2,11,東敗：森下,森下,0
2024-09-16,楽天,日本ハム,6,5,岸敗：池田,池田,0
2024-09-16,西武,ロッテ,1,0,武内敗：鈴木,鈴木,0
2024-09-16,オリックス,ソフトバンク,0,1,石川敗：曽谷,曽谷,0
2024-09-17,楽天,ロッテ,5,4,渡辺翔敗：国吉,国吉,0
2024-09-17,ソフトバンク,日本ハム,2,3,山﨑福也敗：スチュワート・ジュニア,スチュワート・ジュニア,0
2024-09-18,巨人,DeNA,2,2,,,0
2024-09-18,ヤクルト,広島,5,4,大西敗：九里,九里,0
2024-09-18,中日,阪神,3,8,村上敗：髙橋宏,髙橋宏,0
2024-09-18,楽天,ロッテ,8,1,藤井敗：カイケル,カイケル,0
2024-09-18,西武,オリックス,3,1,隅田敗：エスピノーザ,エスピノーザ,0
2024-09-18,ソフトバンク,日本ハム,0,3,伊藤敗：大関,大関,0
2024-09-19,巨人,DeNA,6,0,戸郷敗：ケイ,ケイ,0
2024-09-19,ヤクルト,広島,5,1,吉村敗：床田,床田,0
2024-09-20,ヤクルト,中日,6,7,勝野敗：田口,田口,0
2024-09-20,DeNA,阪神,9,6,伊勢敗：西勇,西勇,0
2024-09-20,広島,巨人,2,8,井上敗：大瀬良,大瀬良,0
2024-09-20,日本ハム,楽天,7,3,バーヘイゲン敗：早川,早川,0
2024-09-20,ソフトバンク,オリックス,4,0,有原敗：田嶋,田嶋,0
2024-09-21,ヤクルト,中日,6,7,福谷敗：山野,山野,0
2024-09-21,DeNA,阪神,5,6,岩崎敗：ウェンデルケン,ウェンデルケン,0
2024-09-21,広島,巨人,5,4,島内敗：高梨,高梨,0
2024-09-21,ロッテ,西武,7,1,小島敗：松本,松本,0
2024-09-21,オリックス,日本ハム,2,1,椋木敗：田中正,田中正,0
2024-09-21,ソフトバンク,楽天,3,2,尾形敗：則本,則本,0
2024-09-22,DeNA,ヤクルト,6,3,伊勢敗：高梨,高梨,0
2024-09-22,中日,広島,2,1,涌井敗：森下,森下,0
2024-09-22,阪神,巨人,1,0,才木敗：菅野,菅野,0
2024-09-22,ロッテ,西武,7,2,佐々木敗：羽田,羽田,0
2024-09-22,オリックス,日本ハム,2,3,加藤貴敗：宮城,宮城,0
2024-09-22,ソフトバンク,楽天,11,5,岩井敗：高田,高田,0
2024-09-23,DeNA,ヤクルト,3,4,丸山翔敗：東,東,0
2024-09-23,中日,広島,1,0,松木平敗：森,森,0
2024-09-23,阪神,巨人,0,1,ケラー敗：髙橋,髙橋,0
2024-09-23,西武,日本ハム,6,4,武内敗：山﨑福也,山﨑福也,0
2024-09-23,ロッテ,楽天,0,6,岸敗：唐川,唐川,0
2024-09-23,オリックス,ソフトバンク,4,9,石川敗：才木,才木,0
2024-09-24,オリックス,西武,2,9,今井敗：エスピノーザ,エスピノーザ,0
2024-09-25,DeNA,巨人,1,0,ジャクソン敗：戸郷,戸郷,0
2024-09-25,広島,ヤクルト,1,3,高橋敗：九里,九里,0
2024-09-25,日本ハム,楽天,1,3,藤井敗：金村,金村,0
2024-09-25,ソフトバンク,西武,2,0,スチュワート・ジュニア敗：隅田,隅田,0
2024-09-26,DeNA,巨人,4,12,横川敗：ケイ,ケイ,0
2024-09-26,広島,ヤクルト,4,6,吉村敗：床田,床田,0
2024-09-26,日本ハム,楽天,2,1,伊藤敗：古謝,古謝,0
2024-09-26,ロッテ,オリックス,2,4,曽谷敗：カイケル,カイケル,0
2024-09-26,ソフトバンク,西武,2,4,羽田敗：オスナ,オスナ,0
2024-09-27,巨人,中日,3,1,ケラー敗：梅津,梅津,0
2024-09-27,広島,阪神,3,2,島内敗：村上,村上,0
2024-09-28,ヤクルト,阪神,7,2,山野敗：ビーズリー,ビーズリー,0
2024-09-28,広島,巨人,1,8,菅野敗：森下,森下,0
2024-09-28,日本ハム,ソフトバンク,7,6,山本拓敗：岩井,岩井,0
2024-09-28,楽天,オリックス,2,5,髙島敗：田中将,田中将,0
2024-09-28,西武,ロッテ,1,5,西野敗：ボー・タカハシ,ボー・タカハシ,0
2024-09-29,ヤクルト,巨人,5,4,小澤敗：平内,平内,0
2024-09-29,阪神,DeNA,7,6,漆原敗：伊勢,伊勢,0
2024-09-29,広島,中日,3,4,清水敗：栗林,栗林,0
2024-09-29,日本ハム,ソフトバンク,2,6,前田純敗：加藤貴,加藤貴,0
2024-09-29,楽天,オリックス,1,8,宮城敗：瀧中,瀧中,0
2024-09-29,西武,ロッテ,0,2,小島敗：與座,與座,0
2024-09-30,阪神,DeNA,0,2,吉野敗：村上,村上,0
2024-09-30,楽天,ロッテ,1,2,菊地敗：則本,則本,0
2024-09-30,西武,日本ハム,8,0,武内敗：山﨑福也,山﨑福也,0
2024-09-30,ソフトバンク,オリックス,1,0,津森敗：山下,山下,0
2024-10-01,DeNA,広島,3,1,ジャクソン敗：森,森,0
2024-10-01,楽天,ロッテ,1,5,佐々木敗：岸,岸,0
2024-10-01,西武,日本ハム,4,0,今井敗：バーヘイゲン,バーヘイゲン,0
2024-10-01,ソフトバンク,オリックス,8,6,又吉敗：鈴木,鈴木,0
2024-10-02,巨人,DeNA,4,2,山﨑伊敗：石田裕,石田裕,0
2024-10-02,ヤクルト,広島,5,3,高橋敗：床田,床田,0
2024-10-03,ヤクルト,広島,2,5,島内敗：ロドリゲス,ロドリゲス,0
2024-10-03,DeNA,阪神,1,3,大竹敗：ケイ,ケイ,0
2024-10-03,ロッテ,日本ハム,0,3,達敗：カイケル,カイケル,0
2024-10-03,ソフトバンク,楽天,4,2,有原敗：古謝,古謝,0
2024-10-04,中日,DeNA,1,3,山﨑敗：梅津,梅津,0
2024-10-04,楽天,西武,,,,,1
2024-10-04,ソフトバンク,ロッテ,1,0,大津敗：唐川,唐川,0
2024-10-05,中日,DeNA,4,3,マルティネス敗：上茶谷,上茶谷,0
2024-10-05,広島,ヤクルト,3,1,滝田敗：奥川,奥川,0
2024-10-05,楽天,日本ハム,2,3,金村敗：藤平,藤平,0
2024-10-06,中日,DeNA,0,2,大貫敗：松木平,松木平,0
2024-10-06,楽天,オリックス,1,8,宮城敗：早川,早川,0
2024-10-07,楽天,日本ハム,,,,,1
2024-10-08,楽天,日本ハム,2,0,瀧中敗：伊藤,伊藤,0
2024-10-09,楽天,西武,2,2,,,0
2025-03-28,巨人,ヤクルト,6,5,マルティネス敗：清水,清水,0
2025-03-28,DeNA,中日,5,0,東敗：髙橋宏,髙橋宏,0
2025-03-28,広島,阪神,0,4,村上敗：森下,森下,0
2025-03-28,西武,日本ハム,0,2,金村敗：今井,今井,0
2025-03-28,オリックス,楽天,3,2,マチャド敗：鈴木翔,鈴木翔,0
2025-03-28,ソフトバンク,ロッテ,2,8,中森敗：有原,有原,0
2025-03-29,巨人,ヤクルト,12,0,赤星敗：吉村,吉村,0
2025-03-29,DeNA,中日,0,1,松葉敗：バウアー,バウアー,0
2025-03-29,広島,阪神,2,3,及川敗：床田,床田,0
2025-03-29,西武,日本ハム,2,3,福谷敗：ウィンゲンター,ウィンゲンター,0
2025-03-29,オリックス,楽天,4,5,則本敗：山田,山田,0
2025-03-29,ソフトバンク,ロッテ,4,5,ゲレーロ敗：藤井,藤井,0
2025-03-30,巨人,ヤクルト,3,0,石川敗：高橋,高橋,0
2025-03-30,DeNA,中日,2,1,平良敗：メヒア,メヒア,0
2025-03-30,広島,阪神,2,0,森敗：門別,門別,0
2025-03-30,西武,日本ハム,5,7,バーヘイゲン敗：髙橋光成,髙橋光成,0
2025-03-30,オリックス,楽天,6,1,髙島敗：辛島,辛島,0
2025-03-30,ソフトバンク,ロッテ,4,7,木村敗：杉山,杉山,0
2025-04-01,ヤクルト,広島,,,,,1
2025-04-01,中日,巨人,3,2,岩嵜敗：井上,井上,0
2025-04-01,阪神,DeNA,1,7,ジャクソン敗：才木,才木,0
2025-04-01,日本ハム,ソフトバンク,1,5,モイネロ敗：伊藤,伊藤,0
2025-04-01,楽天,西武,,,,,1
2025-04-01,ロッテ,オリックス,,,,,1
2025-04-02,ヤクルト,広島,5,4,木澤敗：塹江,塹江,0
2025-04-02,中日,巨人,0,2,山﨑敗：柳,柳,0
2025-04-02,阪神,DeNA,6,6,,,0
2025-04-02,日本ハム,ソフトバンク,3,1,北山敗：前田純,前田純,0
2025-04-02,楽天,西武,,,,,1
2025-04-02,ロッテ,オリックス,2,3,曽谷敗：中森,中森,0
2025-04-03,ヤクルト,広島,3,0,小川敗：玉村,玉村,0
2025-04-03,中日,巨人,3,5,田中将敗：大野,大野,0
2025-04-03,阪神,DeNA,2,5,坂本敗：ゲラ,ゲラ,0
2025-04-03,楽天,西武,4,1,岸敗：羽田,羽田,0
2025-04-03,ロッテ,オリックス,2,3,山田敗：ゲレーロ,ゲレーロ,0
2025-04-04,巨人,阪神,2,7,村上敗：戸郷,戸郷,0
2025-04-04,ヤクルト,中日,1,1,,,0
2025-04-04,広島,DeNA,8,2,森下敗：石田裕,石田裕,0
2025-04-04,日本ハム,オリックス,3,4,宮城敗：山﨑福也,山﨑福也,0
2025-04-04,ロッテ,楽天,1,3,早川敗：田中晴,田中晴,0
2025-04-04,ソフトバンク,西武,0,6,今井敗：有原,有原,0
2025-04-05,巨人,阪神,3,4,富田敗：赤星,赤星,0
2025-04-05,ヤクルト,中日,2,0,ランバート敗：松葉,松葉,0
2025-04-05,広島,DeNA,8,7,森浦敗：山﨑,山﨑,0
2025-04-05,日本ハム,オリックス,1,11,九里敗：金村,金村,0
2025-04-05,ロッテ,楽天,1,0,小島敗：江原,江原,0
2025-04-05,ソフトバンク,西武,3,6,隅田敗：ヘルナンデス,ヘルナンデス,0
2025-04-06,巨人,阪神,0,1,門別敗：石川,石川,0
2025-04-06,ヤクルト,中日,5,6,メヒア敗：小澤,小澤,0
2025-04-06,広島,DeNA,7,6,森敗：平良,平良,0
2025-04-06,日本ハム,オリックス,4,6,山﨑敗：バーヘイゲン,バーヘイゲン,0
2025-04-06,ロッテ,楽天,0,5,古謝敗：ボス,ボス,0
2025-04-06,ソフトバンク,西武,11,1,上沢敗：渡邉,渡邉,0
2025-04-08,DeNA,巨人,3,3,,,0
2025-04-08,中日,広島,1,1,,,0
2025-04-08,阪神,ヤクルト,0,1,高橋敗：才木,才木,0
2025-04-08,楽天,日本ハム,2,5,伊藤敗：則本,則本,0
2025-04-08,西武,ロッテ,3,7,種市敗：佐藤隼,佐藤隼,0
2025-04-08,オリックス,ソフトバンク,2,5,モイネロ敗：椋木,椋木,0
2025-04-09,DeNA,巨人,3,6,山﨑敗：大貫,大貫,0
2025-04-09,中日,広島,3,1,勝野敗：ハーン,ハーン,0
2025-04-09,阪神,ヤクルト,3,5,石川敗：工藤,工藤,0
2025-04-09,楽天,日本ハム,2,8,加藤貴敗：辛島,辛島,0
2025-04-09,西武,ロッテ,2,0,菅井敗：西野,西野,0
2025-04-09,オリックス,ソフトバンク,9,10,津森敗：平野,平野,0
2025-04-10,中日,広島,1,2,栗林敗：藤嶋,藤嶋,0
2025-04-10,阪神,ヤクルト,,,,,1
2025-04-10,楽天,日本ハム,0,10,北山敗：岸,岸,0
2025-04-10,オリックス,ソフトバンク,1,1,,,0
2025-04-11,DeNA,ヤクルト,,,,,1
2025-04-11,阪神,中日,6,3,村上敗：髙橋宏,髙橋宏,0
2025-04-11,広島,巨人,12,3,森下敗：戸郷,戸郷,0
2025-04-11,日本ハム,西武,2,0,杉浦敗：甲斐野,甲斐野,0
2025-04-11,楽天,オリックス,1,4,田嶋大敗：早川,早川,0
2025-04-11,ロッテ,ソフトバンク,4,5,オスナ敗：小野,小野,0
2025-04-12,DeNA,ヤクルト,5,4,ケイ敗：ランバート,ランバート,0
2025-04-12,阪神,中日,2,3,松葉敗：西勇,西勇,0
2025-04-12,広島,巨人,1,0,床田敗：赤星,赤星,0
2025-04-12,日本ハム,西武,1,2,隅田敗：池田,池田,0
2025-04-12,楽天,オリックス,2,4,九里敗：松井,松井,0
2025-04-12,ロッテ,ソフトバンク,0,8,大関敗：小島,小島,0
2025-04-13,DeNA,ヤクルト,,,,,1
2025-04-13,阪神,中日,,,,,1
2025-04-13,広島,巨人,5,3,森敗：石川,石川,0
2025-04-13,日本ハム,西武,2,7,渡邉敗：バーヘイゲン,バーヘイゲン,0
2025-04-13,楽天,オリックス,1,6,宮城敗：古謝,古謝,0
2025-04-13,ロッテ,ソフトバンク,,,,,1
2025-04-15,巨人,DeNA,1,0,井上敗：ジャクソン,ジャクソン,0
2025-04-15,ヤクルト,阪神,1,5,才木敗：奥川,奥川,0
2025-04-15,広島,中日,7,1,ドミンゲス敗：マラー,マラー,0
2025-04-15,ロッテ,日本ハム,3,9,伊藤敗：種市,種市,0
2025-04-15,オリックス,西武,2,0,髙島敗：髙橋光成,髙橋光成,0
2025-04-15,ソフトバンク,楽天,1,2,則本敗：ヘルナンデス,ヘルナンデス,0
2025-04-16,巨人,DeNA,5,0,山﨑敗：バウアー,バウアー,0
2025-04-16,広島,中日,0,2,柳敗：大瀬良,大瀬良,0
2025-04-16,ロッテ,日本ハム,4,0,田中晴敗：加藤貴,加藤貴,0
2025-04-16,オリックス,西武,0,5,菅井敗：曽谷,曽谷,0
2025-04-16,ソフトバンク,楽天,2,6,瀧中敗：上沢,上沢,0
2025-04-17,巨人,DeNA,1,9,東敗：田中将,田中将,0
2025-04-17,ヤクルト,阪神,5,7,及川敗：バウマン,バウマン,0
2025-04-17,オリックス,西武,2,3,黒木敗：古田島,古田島,0
2025-04-17,ソフトバンク,楽天,3,4,松井敗：オスナ,オスナ,0
2025-04-18,ヤクルト,巨人,2,7,赤星敗：小川,小川,0
2025-04-18,阪神,広島,2,5,森下敗：村上,村上,0
2025-04-18,楽天,ロッテ,1,4,ボス敗：早川,早川,0
2025-04-18,西武,ソフトバンク,2,1,今井敗：有原,有原,0
2025-04-18,オリックス,日本ハム,2,1,九里敗：田中,田中,0
2025-04-19,ヤクルト,巨人,4,6,中川敗：木澤,木澤,0
2025-04-19,中日,DeNA,3,2,髙橋宏敗：ケイ,ケイ,0
2025-04-19,阪神,広島,0,3,床田敗：デュプランティエ,デュプランティエ,0
2025-04-19,楽天,ロッテ,2,1,西垣敗：小島,小島,0
2025-04-19,西武,ソフトバンク,1,0,隅田敗：大関,大関,0
2025-04-19,オリックス,日本ハム,4,7,河野敗：ペルドモ,ペルドモ,0
2025-04-20,ヤクルト,巨人,3,2,木澤敗：戸田,戸田,0
2025-04-20,中日,DeNA,2,0,松葉敗：平良,平良,0
2025-04-20,阪神,広島,8,1,伊原敗：森,森,0
2025-04-20,楽天,ロッテ,4,1,古謝敗：西野,西野,0
2025-04-20,西武,ソフトバンク,1,3,東浜敗：渡邉,渡邉,0
2025-04-20,オリックス,日本ハム,0,2,金村敗：山田,山田,0
2025-04-22,巨人,中日,8,1,井上敗：マラー,マラー,0
2025-04-22,DeNA,阪神,2,4,才木敗：バウアー,バウアー,0
2025-04-22,広島,ヤクルト,,,,,1
2025-04-22,日本ハム,楽天,2,4,今野敗：杉浦,杉浦,0
2025-04-22,ロッテ,西武,2,1,益田敗：平良,平良,0
2025-04-22,ソフトバンク,オリックス,5,5,,,0
2025-04-23,巨人,中日,2,0,大勢敗：マルテ,マルテ,0
2025-04-23,DeNA,阪神,2,3,島本敗：山﨑,山﨑,0
2025-04-23,広島,ヤクルト,7,1,大瀬良敗：石川,石川,0
2025-04-23,日本ハム,楽天,3,8,瀧中敗：古林,古林,0
2025-04-23,ロッテ,西武,5,2,種市敗：菅井,菅井,0
2025-04-23,ソフトバンク,オリックス,6,2,上沢敗：曽谷,曽谷,0
2025-04-24,DeNA,阪神,2,4,岩貞敗：森原,森原,0
2025-04-25,DeNA,広島,2,1,東敗：森下,森下,0
2025-04-25,中日,ヤクルト,4,6,吉村敗：髙橋宏,髙橋宏,0
2025-04-25,阪神,巨人,4,1,村上敗：赤星,赤星,0
2025-04-25,日本ハム,ロッテ,1,2,ボス敗：北山,北山,0
2025-04-25,楽天,ソフトバンク,0,1,有原敗：則本,則本,0
2025-04-25,西武,オリックス,2,6,山田敗：佐藤隼,佐藤隼,0
2025-04-26,DeNA,広島,2,0,ケイ敗：床田,床田,0
2025-04-26,中日,ヤクルト,5,2,松葉敗：奥川,奥川,0
2025-04-26,阪神,巨人,6,2,及川敗：田中瑛,田中瑛,0
2025-04-26,日本ハム,ロッテ,2,1,加藤貴敗：小島,小島,0
2025-04-26,楽天,ソフトバンク,6,3,内敗：大関,大関,0
2025-04-26,西武,オリックス,3,0,隅田敗：エスピノーザ,エスピノーザ,0
2025-04-27,DeNA,広島,2,1,バウアー敗：玉村,玉村,0
2025-04-27,中日,ヤクルト,2,6,小川敗：メヒア,メヒア,0
2025-04-27,阪神,巨人,1,2,大勢敗：岩崎,岩崎,0
2025-04-27,日本ハム,ロッテ,3,5,田中晴敗：金村,金村,0
2025-04-27,楽天,ソフトバンク,3,2,則本敗：津森,津森,0
2025-04-27,西武,オリックス,3,2,甲斐野敗：マチャド,マチャド,0
2025-04-29,巨人,広島,4,3,大勢敗：中﨑,中﨑,0
2025-04-29,ヤクルト,DeNA,1,6,ジャクソン敗：ランバート,ランバート,0
2025-04-29,中日,阪神,4,1,涌井敗：才木,才木,0
2025-04-29,西武,楽天,7,1,髙橋光成敗：古謝,古謝,0
2025-04-29,オリックス,ロッテ,3,2,ペルドモ敗：横山,横山,0
2025-04-29,ソフトバンク,日本ハム,1,2,伊藤敗：杉山,杉山,0
2025-04-30,巨人,広島,2,0,山﨑敗：大瀬良,大瀬良,0
2025-04-30,ヤクルト,DeNA,4,1,山野敗：坂本,坂本,0
2025-04-30,中日,阪神,5,4,清水敗：ビーズリー,ビーズリー,0
2025-04-30,西武,楽天,3,1,菅井敗：藤井,藤井,0
2025-04-30,オリックス,ロッテ,5,0,田嶋大敗：種市,種市,0
2025-04-30,ソフトバンク,日本ハム,1,6,山﨑福也敗：東浜,東浜,0
2025-05-01,巨人,広島,4,3,ケラー敗：岡本,岡本,0
2025-05-01,ヤクルト,DeNA,0,3,ウィック敗：小澤,小澤,0
2025-05-01,中日,阪神,3,2,三浦敗：大竹,大竹,0
2025-05-01,西武,楽天,2,1,羽田敗：藤平,藤平,0
2025-05-01,ソフトバンク,日本ハム,2,3,古林敗：上沢,上沢,0
2025-05-02,DeNA,巨人,,,,,1
2025-05-02,阪神,ヤクルト,4,0,村上敗：吉村,吉村,0
2025-05-02,広島,中日,2,4,髙橋宏敗：森下,森下,0
2025-05-02,楽天,オリックス,,,,,1
2025-05-02,ソフトバンク,ロッテ,4,3,大山敗：益田,益田,0
2025-05-03,DeNA,巨人,1,0,バウアー敗：高梨,高梨,0
2025-05-03,阪神,ヤクルト,7,1,デュプランティエ敗：奥川,奥川,0
2025-05-03,広島,中日,2,0,床田敗：松葉,松葉,0
2025-05-03,日本ハム,西武,3,4,今井敗：加藤貴,加藤貴,0
2025-05-03,楽天,オリックス,0,7,曽谷敗：早川,早川,0
2025-05-03,ソフトバンク,ロッテ,5,0,大関敗：石川柊,石川柊,0
2025-05-04,DeNA,巨人,1,3,グリフィン敗：東,東,0
2025-05-04,阪神,ヤクルト,2,5,石川敗：伊原,伊原,0
2025-05-04,広島,中日,9,4,玉村敗：岡田,岡田,0
2025-05-04,日本ハム,西武,3,2,達敗：隅田,隅田,0
2025-05-04,楽天,オリックス,14,3,岸敗：髙島,髙島,0
2025-05-04,ソフトバンク,ロッテ,5,3,藤井敗：小野,小野,0
2025-05-05,巨人,阪神,1,10,ビーズリー敗：戸郷,戸郷,0
2025-05-05,ヤクルト,広島,0,4,鈴木敗：小川,小川,0
2025-05-05,中日,DeNA,1,2,ケイ敗：金丸,金丸,0
2025-05-05,西武,ソフトバンク,0,2,松本晴敗：渡邉,渡邉,0
2025-05-05,ロッテ,楽天,1,2,西垣敗：田中晴,田中晴,0
2025-05-05,オリックス,日本ハム,1,0,九里敗：北山,北山,0
2025-05-06,巨人,阪神,1,7,才木敗：井上,井上,0
2025-05-06,ヤクルト,広島,,,,,1
2025-05-06,中日,DeNA,0,3,ジャクソン敗：涌井,涌井,0
2025-05-06,西武,ソフトバンク,0,10,モイネロ敗：上田,上田,0
2025-05-06,ロッテ,楽天,,,,,1
2025-05-06,オリックス,日本ハム,3,7,伊藤敗：東,東,0
2025-05-07,巨人,阪神,6,4,山﨑敗：門別,門別,0
2025-05-07,ヤクルト,広島,3,5,島内敗：石山,石山,0
2025-05-07,中日,DeNA,2,1,大野敗：大貫,大貫,0
2025-05-07,西武,ソフトバンク,7,1,髙橋光成敗：東浜,東浜,0
2025-05-07,ロッテ,楽天,7,3,高野脩敗：藤井,藤井,0
2025-05-07,オリックス,日本ハム,2,2,,,0
2025-05-09,ヤクルト,巨人,5,2,高梨敗：船迫,船迫,0
2025-05-09,DeNA,広島,4,3,入江敗：森浦,森浦,0
2025-05-09,阪神,中日,,,,,1
2025-05-09,日本ハム,楽天,2,1,金村敗：瀧中,瀧中,0
2025-05-09,西武,ロッテ,1,0,與座敗：ボス,ボス,0
2025-05-09,オリックス,ソフトバンク,1,11,有原敗：エスピノーザ,エスピノーザ,0
2025-05-10,ヤクルト,巨人,2,3,グリフィン敗：ランバート,ランバート,0
2025-05-10,DeNA,広島,3,5,床田敗：森原,森原,0
2025-05-10,阪神,中日,2,0,村上敗：髙橋宏,髙橋宏,0
2025-05-10,日本ハム,楽天,8,7,山本拓敗：松井,松井,0
2025-05-10,西武,ロッテ,7,0,今井敗：西野,西野,0
2025-05-10,オリックス,ソフトバンク,6,1,曽谷敗：大関,大関,0
2025-05-11,ヤクルト,巨人,2,1,吉村敗：堀田,堀田,0
2025-05-11,DeNA,広島,4,2,東敗：玉村,玉村,0
2025-05-11,阪神,中日,1,0,伊原敗：松葉,松葉,0
2025-05-11,日本ハム,楽天,4,0,古林敗：岸,岸,0
2025-05-11,西武,ロッテ,10,0,隅田敗：石川柊,石川柊,0
2025-05-11,オリックス,ソフトバンク,1,7,上沢敗：田嶋大,田嶋大,0
2025-05-13,DeNA,阪神,1,1,,,0
2025-05-13,中日,ヤクルト,5,4,勝野敗：小川,小川,0
2025-05-13,広島,巨人,5,4,岡本敗：石川,石川,0
2025-05-13,日本ハム,オリックス,7,0,伊藤敗：九里,九里,0
2025-05-13,楽天,ロッテ,4,3,西口敗：ゲレーロ,ゲレーロ,0
2025-05-13,ソフトバンク,西武,6,1,モイネロ敗：菅井,菅井,0
2025-05-14,中日,ヤクルト,2,0,涌井敗：アビラ,アビラ,0
2025-05-14,広島,巨人,3,0,大瀬良敗：井上,井上,0
2025-05-14,日本ハム,オリックス,5,9,古田島敗：福谷,福谷,0
2025-05-14,楽天,ロッテ,4,0,ハワード敗：種市,種市,0
2025-05-14,ソフトバンク,西武,1,3,武内敗：大津,大津,0
2025-05-15,DeNA,阪神,1,0,ウィック敗：及川,及川,0
2025-05-15,広島,巨人,5,1,鈴木敗：山﨑,山﨑,0
2025-05-15,日本ハム,オリックス,7,0,宮西敗：山岡,山岡,0
2025-05-15,楽天,ロッテ,2,5,サモンズ敗：早川,早川,0
2025-05-15,ソフトバンク,西武,5,0,前田純敗：髙橋光成,髙橋光成,0
2025-05-16,巨人,中日,4,2,大勢敗：マルテ,マルテ,0
2025-05-16,ヤクルト,DeNA,6,8,宮城敗：金久保,金久保,0
2025-05-16,阪神,広島,2,4,ハーン敗：岩崎,岩崎,0
2025-05-16,西武,オリックス,3,0,渡邉敗：エスピノーザ,エスピノーザ,0
2025-05-16,ロッテ,日本ハム,0,8,山﨑福也敗：田中晴,田中晴,0
2025-05-16,ソフトバンク,楽天,1,5,藤井敗：有原,有原,0
2025-05-17,巨人,中日,1,0,グリフィン敗：髙橋宏,髙橋宏,0
2025-05-17,ヤクルト,DeNA,7,6,大西敗：宮城,宮城,0
2025-05-17,阪神,広島,5,2,大竹敗：床田,床田,0
2025-05-17,西武,オリックス,3,2,山田敗：マチャド,マチャド,0
2025-05-17,ロッテ,日本ハム,,,,,1
2025-05-17,ソフトバンク,楽天,2,1,大関敗：松井,松井,0
2025-05-18,巨人,中日,4,7,松葉敗：船迫,船迫,0
2025-05-18,ヤクルト,DeNA,2,10,東敗：石川,石川,0
2025-05-18,阪神,広島,3,1,伊原敗：玉村,玉村,0
2025-05-18,西武,オリックス,1,3,曽谷敗：隅田,隅田,0
2025-05-18,ロッテ,日本ハム,2,1,小野敗：山本拓,山本拓,0
2025-05-18,ソフトバンク,楽天,2,1,藤井敗：今野,今野,0
2025-05-20,DeNA,中日,10,2,ケイ敗：大野,大野,0
2025-05-20,阪神,巨人,4,0,才木敗：戸郷,戸郷,0
2025-05-20,広島,ヤクルト,3,2,中﨑敗：ランバート,ランバート,0
2025-05-20,日本ハム,ソフトバンク,2,5,モイネロ敗：伊藤,伊藤,0
2025-05-20,楽天,西武,0,1,菅井敗：瀧中,瀧中,0
2025-05-20,オリックス,ロッテ,2,1,マチャド敗：菊地,菊地,0
2025-05-21,DeNA,中日,5,6,マルテ敗：入江,入江,0
2025-05-21,阪神,巨人,4,5,井上敗：ビーズリー,ビーズリー,0
2025-05-21,広島,ヤクルト,,,,,1
2025-05-21,日本ハム,ソフトバンク,2,1,北山敗：大山,大山,0
2025-05-21,オリックス,ロッテ,6,1,宮城敗：西野,西野,0
2025-05-22,DeNA,中日,4,0,石田裕敗：マラー,マラー,0
2025-05-22,阪神,巨人,2,3,船迫敗：ネルソン,ネルソン,0
2025-05-22,広島,ヤクルト,2,2,,,0
2025-05-22,日本ハム,ソフトバンク,3,4,オスナ敗：池田,池田,0
2025-05-22,楽天,西武,2,1,西口敗：ウィンゲンター,ウィンゲンター,0
2025-05-22,オリックス,ロッテ,1,9,横山敗：田嶋大,田嶋大,0
2025-05-23,巨人,ヤクルト,5,0,赤星敗：山野,山野,0
2025-05-23,中日,阪神,0,3,湯浅敗：藤嶋,藤嶋,0
2025-05-23,広島,DeNA,1,2,ジャクソン敗：森下,森下,0
2025-05-23,楽天,日本ハム,0,1,金村敗：早川,早川,0
2025-05-23,ロッテ,西武,9,3,小島敗：與座,與座,0
2025-05-24,巨人,ヤクルト,4,2,大勢敗：田口,田口,0
2025-05-24,中日,阪神,5,4,清水敗：工藤,工藤,0
2025-05-24,広島,DeNA,,,,,1
2025-05-24,楽天,日本ハム,2,1,荘司敗：山﨑福也,山﨑福也,0
2025-05-24,ロッテ,西武,1,6,今井敗：サモンズ,サモンズ,0
2025-05-24,ソフトバンク,オリックス,,,,,1
2025-05-25,巨人,ヤクルト,5,2,戸郷敗：アビラ,アビラ,0
2025-05-25,中日,阪神,1,5,湯浅敗：マルテ,マルテ,0
2025-05-25,広島,DeNA,3,0,床田敗：東,東,0
2025-05-25,楽天,日本ハム,1,1,,,0
2025-05-25,ロッテ,西武,0,8,隅田敗：ボス,ボス,0
2025-05-25,ソフトバンク,オリックス,5,13,山岡敗：上沢,上沢,0
2025-05-27,巨人,広島,1,2,玉村敗：井上,井上,0
2025-05-27,ヤクルト,中日,2,1,田口敗：勝野,勝野,0
2025-05-27,阪神,DeNA,1,0,岩貞敗：山﨑,山﨑,0
2025-05-27,西武,楽天,1,3,加治屋敗：ウィンゲンター,ウィンゲンター,0
2025-05-27,ロッテ,オリックス,6,4,田中晴敗：九里,九里,0
2025-05-27,ソフトバンク,日本ハム,2,5,伊藤敗：有原,有原,0
2025-05-28,巨人,広島,4,1,山﨑敗：大瀬良,大瀬良,0
2025-05-28,ヤクルト,中日,1,4,三浦敗：高梨,高梨,0
2025-05-28,阪神,DeNA,1,0,門別敗：ケイ,ケイ,0
2025-05-28,西武,楽天,6,0,渡邉敗：瀧中,瀧中,0
2025-05-28,ロッテ,オリックス,1,2,ペルドモ敗：中森,中森,0
2025-05-28,ソフトバンク,日本ハム,2,1,オスナ敗：柳川,柳川,0
2025-05-29,ヤクルト,中日,0,6,マラー敗：小川,小川,0
2025-05-29,阪神,DeNA,1,5,ジャクソン敗：デュプランティエ,デュプランティエ,0
2025-05-29,西武,楽天,3,6,西垣敗：武内,武内,0
2025-05-30,DeNA,ヤクルト,6,2,大貫敗：山野,山野,0
2025-05-30,中日,巨人,1,4,赤星敗：勝野,勝野,0
2025-05-30,広島,阪神,2,5,村上敗：森下,森下,0
2025-05-30,日本ハム,ロッテ,4,1,達敗：小島,小島,0
2025-05-30,楽天,ソフトバンク,2,4,杉山敗：鈴木翔,鈴木翔,0
2025-05-31,DeNA,ヤクルト,5,2,ウィック敗：小澤,小澤,0
2025-05-31,中日,巨人,4,2,清水敗：ケラー,ケラー,0
2025-05-31,広島,阪神,0,2,大竹敗：床田,床田,0
2025-05-31,日本ハム,ロッテ,4,3,山本拓敗：鈴木,鈴木,0
2025-05-31,楽天,ソフトバンク,,,,,1
2025-05-31,オリックス,西武,3,2,古田島敗：山田,山田,0
2025-06-01,DeNA,ヤクルト,3,2,バウアー敗：星,星,0
2025-06-01,中日,巨人,4,1,清水敗：大勢,大勢,0
2025-06-01,広島,阪神,0,8,伊原敗：森,森,0
2025-06-01,日本ハム,ロッテ,1,0,河野敗：ゲレーロ,ゲレーロ,0
2025-06-01,楽天,ソフトバンク,3,0,藤井敗：松本晴,松本晴,0
2025-06-01,オリックス,西武,2,3,甲斐野敗：マチャド,マチャド,0
2025-06-03,日本ハム,阪神,0,1,才木敗：玉井,玉井,0
2025-06-03,楽天,DeNA,3,6,東敗：ヤフーレ,ヤフーレ,0
2025-06-03,西武,ヤクルト,1,0,平良敗：小澤,小澤,0
2025-06-03,ロッテ,巨人,,,,,1
2025-06-03,オリックス,広島,2,5,玉村敗：九里,九里,0
2025-06-03,ソフトバンク,中日,4,0,有原敗：涌井,涌井,0
2025-06-04,日本ハム,阪神,5,4,加藤貴敗：門別,門別,0
2025-06-04,楽天,DeNA,3,1,内敗：ジャクソン,ジャクソン,0
2025-06-04,西武,ヤクルト,4,2,渡邉敗：高梨,高梨,0
2025-06-04,ロッテ,巨人,5,3,石川柊敗：井上,井上,0
2025-06-04,オリックス,広島,6,1,田嶋大敗：大瀬良,大瀬良,0
2025-06-04,ソフトバンク,中日,8,2,前田純敗：三浦,三浦,0
2025-06-05,日本ハム,阪神,1,7,デュプランティエ敗：細野,細野,0
2025-06-05,楽天,DeNA,0,5,ケイ敗：瀧中,瀧中,0
2025-06-05,西武,ヤクルト,1,4,アビラ敗：菅井,菅井,0
2025-06-05,ロッテ,巨人,2,1,坂本敗：大勢,大勢,0
2025-06-05,オリックス,広島,4,3,エスピノーザ敗：アドゥワ,アドゥワ,0
2025-06-05,ソフトバンク,中日,8,4,大関敗：金丸,金丸,0
2025-06-06,巨人,楽天,0,2,ハワード敗：赤星,赤星,0
2025-06-06,ヤクルト,ソフトバンク,3,2,石山敗：松本裕,松本裕,0
2025-06-06,DeNA,日本ハム,2,1,バウアー敗：伊藤,伊藤,0
2025-06-06,中日,ロッテ,3,2,大野敗：坂本,坂本,0
2025-06-06,阪神,オリックス,1,0,桐敷敗：川瀬,川瀬,0
2025-06-06,広島,西武,3,2,森下敗：ウィンゲンター,ウィンゲンター,0
2025-06-07,巨人,楽天,2,0,グリフィン敗：藤平,藤平,0
2025-06-07,ヤクルト,ソフトバンク,1,8,上沢敗：吉村,吉村,0
2025-06-07,DeNA,日本ハム,4,7,山﨑福也敗：大貫,大貫,0
2025-06-07,中日,ロッテ,4,3,藤嶋敗：鈴木,鈴木,0
2025-06-07,阪神,オリックス,8,2,岡留敗：宮城,宮城,0
2025-06-07,広島,西武,5,2,床田敗：今井,今井,0
2025-06-08,巨人,楽天,5,0,戸郷敗：藤井,藤井,0
2025-06-08,ヤクルト,ソフトバンク,4,2,高橋敗：松本晴,松本晴,0
2025-06-08,DeNA,日本ハム,5,4,入江敗：宮西,宮西,0
2025-06-08,中日,ロッテ,3,0,松葉敗：坂本,坂本,0
2025-06-08,阪神,オリックス,8,1,伊原敗：曽谷,曽谷,0
2025-06-08,広島,西武,10,0,森敗：武内,武内,0
2025-06-10,日本ハム,ヤクルト,3,1,達敗：ランバート,ランバート,0
2025-06-10,楽天,中日,1,3,マラー敗：ヤフーレ,ヤフーレ,0
2025-06-10,西武,阪神,4,2,E.ラミレス敗：桐敷,桐敷,0
2025-06-10,ロッテ,広島,6,1,サモンズ敗：玉村,玉村,0
2025-06-10,オリックス,DeNA,2,0,九里敗：東,東,0
2025-06-10,ソフトバンク,巨人,5,2,松本裕敗：田中瑛,田中瑛,0
2025-06-11,日本ハム,ヤクルト,8,2,加藤貴敗：高梨,高梨,0
2025-06-11,楽天,中日,5,8,涌井敗：内,内,0
2025-06-11,西武,阪神,3,2,ウィンゲンター敗：湯浅,湯浅,0
2025-06-11,ロッテ,広島,2,6,島内敗：唐川,唐川,0
2025-06-11,オリックス,DeNA,0,4,ジャクソン敗：田嶋大,田嶋大,0
2025-06-11,ソフトバンク,巨人,3,7,西舘敗：前田純,前田純,0
2025-06-12,日本ハム,ヤクルト,6,1,北山敗：アビラ,アビラ,0
2025-06-12,楽天,中日,4,0,岸敗：三浦,三浦,0
2025-06-12,西武,阪神,4,1,菅井敗：デュプランティエ,デュプランティエ,0
2025-06-12,ロッテ,広島,5,4,高野脩敗：森浦,森浦,0
2025-06-12,オリックス,DeNA,4,2,エスピノーザ敗：バウアー,バウアー,0
2025-06-12,ソフトバンク,巨人,0,0,,,0
2025-06-13,日本ハム,広島,2,6,森下敗：伊藤,伊藤,0
2025-06-13,楽天,阪神,3,2,ハワード敗：村上,村上,0
2025-06-13,西武,中日,1,2,勝野敗：佐々木,佐々木,0
2025-06-13,ロッテ,ヤクルト,5,4,鈴木敗：バウマン,バウマン,0
2025-06-13,オリックス,巨人,7,3,寺西敗：赤星,赤星,0
2025-06-13,ソフトバンク,DeNA,4,1,モイネロ敗：ケイ,ケイ,0
2025-06-14,日本ハム,広島,5,0,細野敗：床田,床田,0
2025-06-14,楽天,阪神,5,4,渡辺翔敗：岩貞,岩貞,0
2025-06-14,西武,中日,2,1,與座敗：髙橋宏,髙橋宏,0
2025-06-14,ロッテ,ヤクルト,0,5,吉村敗：小島,小島,0
2025-06-14,オリックス,巨人,2,1,山岡敗：中川,中川,0
2025-06-14,ソフトバンク,DeNA,4,0,上沢敗：大貫,大貫,0
2025-06-15,日本ハム,広島,8,7,柳川敗：栗林,栗林,0
2025-06-15,楽天,阪神,3,2,内敗：湯浅,湯浅,0
2025-06-15,西武,中日,1,0,武内敗：松葉,松葉,0
2025-06-15,ロッテ,ヤクルト,5,4,中森敗：清水,清水,0
2025-06-15,オリックス,巨人,8,3,曽谷敗：戸郷,戸郷,0
2025-06-15,ソフトバンク,DeNA,4,3,松本裕敗：ウィック,ウィック,0
2025-06-17,巨人,日本ハム,1,4,達敗：井上,井上,0
2025-06-17,ヤクルト,楽天,4,4,,,0
2025-06-17,DeNA,西武,0,3,今井敗：バウアー,バウアー,0
2025-06-17,中日,オリックス,3,5,東敗：マラー,マラー,0
2025-06-17,阪神,ロッテ,1,3,高野脩敗：才木,才木,0
2025-06-17,広島,ソフトバンク,0,2,有原敗：玉村,玉村,0
2025-06-18,巨人,日本ハム,2,1,西舘敗：池田,池田,0
2025-06-18,ヤクルト,楽天,2,6,瀧中敗：ランバート,ランバート,0
2025-06-18,DeNA,西武,4,2,ジャクソン敗：隅田,隅田,0
2025-06-18,中日,オリックス,6,3,涌井敗：九里,九里,0
2025-06-18,阪神,ロッテ,8,1,伊藤将敗：田中晴,田中晴,0
2025-06-18,広島,ソフトバンク,8,4,高橋敗：尾形,尾形,0
2025-06-19,巨人,日本ハム,1,4,北山敗：山﨑,山﨑,0
2025-06-19,ヤクルト,楽天,1,3,岸敗：アビラ,アビラ,0
2025-06-19,DeNA,西武,1,2,渡邉敗：東,東,0
2025-06-19,中日,オリックス,1,6,田嶋大敗：三浦,三浦,0
2025-06-19,阪神,ロッテ,2,0,デュプランティエ敗：種市,種市,0
2025-06-19,広島,ソフトバンク,2,16,大関敗：ドミンゲス,ドミンゲス,0
2025-06-20,巨人,西武,2,1,赤星敗：髙橋光成,髙橋光成,0
2025-06-20,ヤクルト,オリックス,8,10,岩嵜敗：星,星,0
2025-06-20,DeNA,ロッテ,1,6,石川柊敗：ケイ,ケイ,0
2025-06-20,中日,日本ハム,0,1,伊藤敗：大野,大野,0
2025-06-20,阪神,ソフトバンク,1,2,杉山敗：及川,及川,0
2025-06-20,広島,楽天,0,4,早川敗：森下,森下,0
2025-06-21,巨人,西武,5,2,石川敗：甲斐野,甲斐野,0
2025-06-21,ヤクルト,オリックス,5,2,吉村敗：宮城,宮城,0
2025-06-21,DeNA,ロッテ,5,0,大貫敗：廣池,廣池,0
2025-06-21,中日,日本ハム,2,3,加藤貴敗：髙橋宏,髙橋宏,0
2025-06-21,阪神,ソフトバンク,3,0,大竹敗：上沢,上沢,0
2025-06-21,広島,楽天,8,3,床田敗：内,内,0
2025-06-22,巨人,西武,0,5,武内敗：戸郷,戸郷,0
2025-06-22,ヤクルト,オリックス,2,4,曽谷敗：中村優,中村優,0
2025-06-22,DeNA,ロッテ,9,10,横山敗：バウアー,バウアー,0
2025-06-22,中日,日本ハム,4,1,松葉敗：金村,金村,0
2025-06-22,阪神,ソフトバンク,1,3,松本晴敗：伊原,伊原,0
2025-06-22,広島,楽天,5,2,中﨑敗：藤井,藤井,0
2025-06-24,ロッテ,巨人,6,4,サモンズ敗：西舘,西舘,0
2025-06-27,巨人,DeNA,4,0,山﨑敗：ケイ,ケイ,0
2025-06-27,ヤクルト,阪神,4,3,石山敗：及川,及川,0
2025-06-27,中日,広島,3,2,大野敗：森下,森下,0
2025-06-27,西武,日本ハム,2,5,伊藤敗：甲斐野,甲斐野,0
2025-06-27,ロッテ,ソフトバンク,3,6,モイネロ敗：横山,横山,0
2025-06-27,オリックス,楽天,10,2,九里敗：早川,早川,0
2025-06-28,巨人,DeNA,5,0,グリフィン敗：バウアー,バウアー,0
2025-06-28,ヤクルト,阪神,0,2,デュプランティエ敗：高橋,高橋,0
2025-06-28,中日,広島,1,2,玉村敗：涌井,涌井,0
2025-06-28,西武,日本ハム,3,2,隅田敗：玉井,玉井,0
2025-06-28,ロッテ,ソフトバンク,5,0,石川柊敗：上沢,上沢,0
2025-06-28,オリックス,楽天,7,3,才木敗：ヤフーレ,ヤフーレ,0
2025-06-29,巨人,DeNA,1,0,赤星敗：ジャクソン,ジャクソン,0
2025-06-29,ヤクルト,阪神,0,6,伊藤将敗：アビラ,アビラ,0
2025-06-29,中日,広島,1,2,佐藤柳敗：松葉,松葉,0
2025-06-29,西武,日本ハム,1,2,達敗：渡邉,渡邉,0
2025-06-29,ロッテ,ソフトバンク,1,2,東浜敗：田中晴,田中晴,0
2025-06-29,オリックス,楽天,2,4,藤井敗：東,東,0
2025-07-01,DeNA,中日,3,2,東敗：金丸,金丸,0
2025-07-01,阪神,巨人,2,1,才木敗：西舘,西舘,0
2025-07-01,広島,ヤクルト,2,2,,,0
2025-07-01,楽天,ロッテ,6,0,ハワード敗：ボス,ボス,0
2025-07-01,西武,オリックス,0,3,エスピノーザ敗：與座,與座,0
2025-07-01,ソフトバンク,日本ハム,1,0,有原敗：北山,北山,0
2025-07-02,DeNA,中日,4,3,石田裕敗：髙橋宏,髙橋宏,0
2025-07-02,阪神,巨人,1,0,大竹敗：中川,中川,0
2025-07-02,広島,ヤクルト,2,1,大瀬良敗：奥川,奥川,0
2025-07-02,楽天,ロッテ,3,6,木村敗：岸,岸,0
2025-07-02,西武,オリックス,2,6,岩嵜敗：佐々木,佐々木,0
2025-07-02,ソフトバンク,日本ハム,2,1,ヘルナンデス敗：加藤貴,加藤貴,0
2025-07-03,DeNA,中日,8,5,小園敗：マラー,マラー,0
2025-07-03,阪神,巨人,3,2,石井敗：マルティネス,マルティネス,0
2025-07-03,広島,ヤクルト,0,5,中村優敗：森,森,0
2025-07-03,ソフトバンク,日本ハム,4,1,松本晴敗：金村,金村,0
2025-07-04,巨人,広島,1,0,山﨑敗：森下,森下,0
2025-07-04,DeNA,阪神,1,7,村上敗：伊勢,伊勢,0
2025-07-04,中日,ヤクルト,2,1,大野敗：ランバート,ランバート,0
2025-07-04,日本ハム,楽天,7,1,伊藤敗：早川,早川,0
2025-07-04,オリックス,ロッテ,8,6,曽谷敗：種市,種市,0
2025-07-04,ソフトバンク,西武,0,1,武内敗：モイネロ,モイネロ,0
2025-07-05,巨人,広島,0,0,,,0
2025-07-05,DeNA,阪神,0,3,デュプランティエ敗：大貫,大貫,0
2025-07-05,中日,ヤクルト,4,6,石山敗：勝野,勝野,0
2025-07-05,日本ハム,楽天,12,1,細野敗：瀧中,瀧中,0
2025-07-05,オリックス,ロッテ,2,8,サモンズ敗：田嶋大,田嶋大,0
2025-07-05,ソフトバンク,西武,4,3,上沢敗：田村,田村,0
2025-07-06,巨人,広島,2,3,森浦敗：大勢,大勢,0
2025-07-06,DeNA,阪神,1,5,伊藤将敗：ジャクソン,ジャクソン,0
2025-07-06,中日,ヤクルト,4,5,アビラ敗：松葉,松葉,0
2025-07-06,日本ハム,楽天,8,6,玉井敗：加治屋,加治屋,0
2025-07-06,オリックス,ロッテ,4,1,九里敗：小島,小島,0
2025-07-06,ソフトバンク,西武,3,1,東浜敗：隅田,隅田,0
2025-07-08,巨人,中日,5,4,バルドナード敗：清水,清水,0
2025-07-08,ヤクルト,DeNA,0,4,東敗：吉村,吉村,0
2025-07-08,広島,阪神,1,6,才木敗：床田,床田,0
2025-07-08,西武,楽天,2,7,ヤフーレ敗：渡邉,渡邉,0
2025-07-08,ロッテ,日本ハム,4,5,玉井敗：益田,益田,0
2025-07-08,オリックス,ソフトバンク,1,9,有原敗：エスピノーザ,エスピノーザ,0
2025-07-09,巨人,中日,2,3,伊藤敗：マルティネス,マルティネス,0
2025-07-09,ヤクルト,DeNA,4,4,,,0
2025-07-09,広島,阪神,1,3,大竹敗：大瀬良,大瀬良,0
2025-07-09,西武,楽天,0,2,柴田敗：菅井,菅井,0
2025-07-09,ロッテ,日本ハム,1,13,山﨑福也敗：石川柊,石川柊,0
2025-07-09,オリックス,ソフトバンク,0,1,大関敗：宮城,宮城,0
2025-07-10,広島,阪神,3,6,及川敗：島内,島内,0
2025-07-10,西武,楽天,5,1,髙橋光成敗：岸,岸,0
2025-07-10,オリックス,ソフトバンク,4,0,山岡敗：松本晴,松本晴,0
2025-07-11,DeNA,巨人,1,2,石川敗：颯,颯,0
2025-07-11,中日,広島,2,1,齋藤敗：森下,森下,0
2025-07-11,阪神,ヤクルト,3,6,ランバート敗：村上,村上,0
2025-07-11,日本ハム,オリックス,0,6,曽谷敗：伊藤,伊藤,0
2025-07-11,楽天,ソフトバンク,3,0,古謝敗：モイネロ,モイネロ,0
2025-07-11,ロッテ,西武,2,2,,,0
2025-07-12,DeNA,巨人,0,3,グリフィン敗：大貫,大貫,0
2025-07-12,中日,広島,7,1,大野敗：玉村,玉村,0
2025-07-12,阪神,ヤクルト,5,2,デュプランティエ敗：石川,石川,0
2025-07-12,日本ハム,オリックス,7,3,加藤貴敗：九里,九里,0
2025-07-12,楽天,ソフトバンク,7,0,瀧中敗：上沢,上沢,0
2025-07-12,ロッテ,西武,1,5,與座敗：種市,種市,0
2025-07-13,DeNA,巨人,4,3,ジャクソン敗：赤星,赤星,0
2025-07-13,中日,広島,3,2,橋本敗：遠藤,遠藤,0
2025-07-13,阪神,ヤクルト,2,1,伊藤将敗：アビラ,アビラ,0
2025-07-13,日本ハム,オリックス,4,0,福島敗：寺西,寺西,0
2025-07-13,楽天,ソフトバンク,3,5,前田悠敗：内,内,0
2025-07-13,ロッテ,西武,5,1,小島敗：上田,上田,0
2025-07-14,西武,日本ハム,1,2,達敗：隅田,隅田,0
2025-07-15,ヤクルト,巨人,,,,,1
2025-07-15,阪神,中日,2,3,勝野敗：島本,島本,0
2025-07-15,広島,DeNA,0,1,東敗：床田,床田,0
2025-07-15,オリックス,楽天,6,7,西垣敗：ペルドモ,ペルドモ,0
2025-07-15,ソフトバンク,ロッテ,10,2,有原敗：ボス,ボス,0
2025-07-16,阪神,中日,0,6,髙橋宏敗：才木,才木,0
2025-07-16,広島,DeNA,4,3,大瀬良敗：バウアー,バウアー,0
2025-07-16,西武,日本ハム,1,10,北山敗：渡邉,渡邉,0
2025-07-16,オリックス,楽天,1,0,田嶋大敗：則本,則本,0
2025-07-16,ソフトバンク,ロッテ,6,0,大関敗：サモンズ,サモンズ,0
2025-07-17,ヤクルト,巨人,3,2,星敗：大勢,大勢,0
2025-07-17,阪神,中日,,,,,1
2025-07-17,広島,DeNA,1,1,,,0
2025-07-17,西武,日本ハム,4,3,髙橋光成敗：山﨑福也,山﨑福也,0
2025-07-17,オリックス,楽天,,,,,1
2025-07-17,ソフトバンク,ロッテ,2,2,,,0
2025-07-18,ロッテ,オリックス,3,8,才木敗：鈴木,鈴木,0
2025-07-19,巨人,阪神,0,4,ネルソン敗：船迫,船迫,0
2025-07-19,ヤクルト,広島,3,1,奥川敗：森下,森下,0
2025-07-19,中日,DeNA,7,2,マラー敗：石田裕,石田裕,0
2025-07-19,楽天,日本ハム,2,5,伊藤敗：古謝,古謝,0
2025-07-19,西武,ソフトバンク,0,4,モイネロ敗：今井,今井,0
2025-07-19,ロッテ,オリックス,8,0,種市敗：九里,九里,0
2025-07-20,巨人,阪神,1,2,湯浅敗：赤星,赤星,0
2025-07-20,ヤクルト,広島,8,7,アビラ敗：玉村,玉村,0
2025-07-20,中日,DeNA,3,5,宮城敗：勝野,勝野,0
2025-07-20,楽天,日本ハム,2,4,加藤貴敗：内,内,0
2025-07-20,西武,ソフトバンク,3,7,尾形敗：武内,武内,0
2025-07-20,ロッテ,オリックス,8,2,小島敗：曽谷,曽谷,0
2025-07-21,巨人,阪神,6,5,マルティネス敗：伊原,伊原,0
2025-07-21,ヤクルト,広島,7,6,矢崎敗：ハーン,ハーン,0
2025-07-21,中日,DeNA,0,1,東敗：金丸,金丸,0
2025-07-21,楽天,日本ハム,0,2,細野敗：瀧中,瀧中,0
2025-07-21,西武,ソフトバンク,1,4,大津敗：隅田,隅田,0
2025-07-21,ロッテ,オリックス,2,0,石川柊敗：エスピノーザ,エスピノーザ,0
2025-07-23,パ・リーグ,セ・リーグ,5,1,宮城敗：松葉,松葉,0
2025-07-24,セ・リーグ,パ・リーグ,7,10,今井敗：村上,村上,0
2025-07-26,ヤクルト,中日,2,1,荘司敗：藤嶋,藤嶋,0
2025-07-26,阪神,DeNA,2,0,才木敗：ケイ,ケイ,0
2025-07-26,広島,巨人,1,5,石川敗：森下,森下,0
2025-07-26,日本ハム,ロッテ,5,0,バーヘイゲン敗：ボス,ボス,0
2025-07-26,楽天,西武,3,2,ヤフーレ敗：與座,與座,0
2025-07-26,ソフトバンク,オリックス,11,3,有原敗：田嶋大,田嶋大,0
2025-07-27,ヤクルト,中日,3,2,奥川敗：松葉,松葉,0
2025-07-27,阪神,DeNA,7,1,髙橋敗：石田裕,石田裕,0
2025-07-27,広島,巨人,5,6,石川敗：佐藤柳,佐藤柳,0
2025-07-27,日本ハム,ロッテ,4,5,高野脩敗：山本拓,山本拓,0
2025-07-27,楽天,西武,4,1,藤井敗：渡邉,渡邉,0
2025-07-27,ソフトバンク,オリックス,3,1,大関敗：東松,東松,0
2025-07-29,DeNA,ヤクルト,1,5,ランバート敗：東,東,0
2025-07-29,中日,巨人,8,5,大野敗：西舘,西舘,0
2025-07-29,阪神,広島,1,0,大竹敗：床田,床田,0
2025-07-29,日本ハム,ソフトバンク,2,5,モイネロ敗：山﨑福也,山﨑福也,0
2025-07-29,ロッテ,楽天,1,2,古謝敗：種市,種市,0
2025-07-29,オリックス,西武,2,3,平良敗：才木,才木,0
2025-07-30,DeNA,ヤクルト,1,2,アビラ敗：バウアー,バウアー,0
2025-07-30,中日,巨人,0,2,戸郷敗：柳,柳,0
2025-07-30,阪神,広島,5,0,村上敗：大瀬良,大瀬良,0
2025-07-30,日本ハム,ソフトバンク,5,4,上原敗：藤井,藤井,0
2025-07-30,ロッテ,楽天,5,8,岸敗：石川柊,石川柊,0
2025-07-30,オリックス,西武,6,4,宮城敗：髙橋光成,髙橋光成,0
2025-07-31,DeNA,ヤクルト,14,1,平良敗：中村優,中村優,0
2025-07-31,中日,巨人,7,6,橋本敗：森田,森田,0
2025-07-31,阪神,広島,3,6,森敗：伊原,伊原,0
2025-07-31,日本ハム,ソフトバンク,4,5,松本晴敗：達,達,0
2025-07-31,ロッテ,楽天,5,6,西口敗：益田,益田,0
2025-07-31,オリックス,西武,6,2,寺西敗：今井,今井,0
2025-08-01,巨人,DeNA,2,7,ジャクソン敗：山﨑,山﨑,0
2025-08-01,ヤクルト,阪神,2,3,岩崎敗：大西,大西,0
2025-08-01,広島,中日,3,1,髙敗：マラー,マラー,0
2025-08-01,西武,ロッテ,11,2,隅田敗：小島,小島,0
2025-08-01,オリックス,日本ハム,4,2,片山敗：加藤貴,加藤貴,0
2025-08-01,ソフトバンク,楽天,3,1,上沢敗：瀧中,瀧中,0
2025-08-02,巨人,DeNA,4,7,ケイ敗：グリフィン,グリフィン,0
2025-08-02,ヤクルト,阪神,1,5,才木敗：吉村,吉村,0
2025-08-02,広島,中日,0,6,髙橋宏敗：森下,森下,0
2025-08-02,西武,ロッテ,5,5,,,0
2025-08-02,オリックス,日本ハム,1,7,バーヘイゲン敗：曽谷,曽谷,0
2025-08-02,ソフトバンク,楽天,5,2,有原敗：ヤフーレ,ヤフーレ,0
2025-08-03,巨人,DeNA,4,3,マルティネス敗：伊勢,伊勢,0
2025-08-03,ヤクルト,阪神,8,1,奥川敗：ビーズリー,ビーズリー,0
2025-08-03,広島,中日,2,1,遠藤敗：松葉,松葉,0
2025-08-03,西武,ロッテ,1,2,高野脩敗：佐々木,佐々木,0
2025-08-03,オリックス,日本ハム,0,9,伊藤敗：椋木,椋木,0
2025-08-03,ソフトバンク,楽天,8,1,大関敗：藤井,藤井,0
2025-08-05,巨人,ヤクルト,5,2,大勢敗：荘司,荘司,0
2025-08-05,DeNA,広島,5,4,入江敗：森浦,森浦,0
2025-08-05,中日,阪神,2,6,ハートウィグ敗：橋本,橋本,0
2025-08-05,日本ハム,西武,6,1,山﨑福也敗：武内,武内,0
2025-08-05,楽天,オリックス,1,0,宮森敗：山﨑,山﨑,0
2025-08-05,ロッテ,ソフトバンク,6,3,種市敗：前田悠,前田悠,0
2025-08-06,巨人,ヤクルト,2,0,森田敗：アビラ,アビラ,0
2025-08-06,DeNA,広島,5,8,大瀬良敗：東,東,0
2025-08-06,中日,阪神,2,3,及川敗：橋本,橋本,0
2025-08-06,日本ハム,西武,4,0,北山敗：髙橋光成,髙橋光成,0
2025-08-06,楽天,オリックス,2,1,鈴木翔敗：九里,九里,0
2025-08-06,ロッテ,ソフトバンク,3,12,大津敗：石川柊,石川柊,0
2025-08-07,巨人,ヤクルト,2,3,大西敗：田中瑛,田中瑛,0
2025-08-07,DeNA,広島,9,5,坂本敗：森,森,0
2025-08-07,中日,阪神,8,3,金丸敗：伊原,伊原,0
2025-08-07,日本ハム,西武,0,2,今井敗：金村,金村,0
2025-08-07,楽天,オリックス,7,3,藤平敗：ペルドモ,ペルドモ,0
2025-08-07,ロッテ,ソフトバンク,1,2,松本晴敗：サモンズ,サモンズ,0
2025-08-08,DeNA,巨人,2,12,山﨑敗：ジャクソン,ジャクソン,0
2025-08-08,中日,広島,2,3,中﨑敗：マルテ,マルテ,0
2025-08-08,阪神,ヤクルト,1,3,矢崎敗：湯浅,湯浅,0
2025-08-09,DeNA,巨人,3,4,菊地敗：伊勢,伊勢,0
2025-08-09,中日,広島,2,0,髙橋宏敗：森下,森下,0
2025-08-09,阪神,ヤクルト,6,2,及川敗：小澤,小澤,0
2025-08-09,西武,楽天,9,4,隅田敗：瀧中,瀧中,0
2025-08-09,ロッテ,オリックス,2,3,岩嵜敗：横山,横山,0
2025-08-09,ソフトバンク,日本ハム,4,1,有原敗：加藤貴,加藤貴,0
2025-08-10,DeNA,巨人,,,,,1
2025-08-10,中日,広島,5,6,高橋敗：橋本,橋本,0
2025-08-10,阪神,ヤクルト,5,2,才木敗：奥川,奥川,0
2025-08-10,西武,楽天,4,9,鈴木翔敗：中村祐,中村祐,0
2025-08-10,ロッテ,オリックス,,,,,1
2025-08-10,ソフトバンク,日本ハム,1,0,モイネロ敗：伊藤,伊藤,0
2025-08-11,巨人,中日,0,2,メヒア敗：戸郷,戸郷,0
2025-08-11,ヤクルト,DeNA,9,4,小川敗：平良,平良,0
2025-08-11,広島,阪神,,,,,1
2025-08-11,西武,楽天,5,4,平良敗：鈴木翔,鈴木翔,0
2025-08-11,ロッテ,オリックス,3,5,マチャド敗：高野脩,高野脩,0
2025-08-11,ソフトバンク,日本ハム,3,1,大関敗：孫,孫,0
2025-08-12,巨人,中日,5,0,森田敗：大野,大野,0
2025-08-12,ヤクルト,DeNA,3,1,大西敗：中川,中川,0
2025-08-12,広島,阪神,9,2,床田敗：大竹,大竹,0
2025-08-13,巨人,中日,3,4,柳敗：菊地,菊地,0
2025-08-13,ヤクルト,DeNA,2,10,東敗：アビラ,アビラ,0
2025-08-13,広島,阪神,0,2,髙橋敗：大瀬良,大瀬良,0
2025-08-13,日本ハム,ロッテ,3,2,柳川敗：高野脩,高野脩,0
2025-08-13,西武,ソフトバンク,3,5,上沢敗：松本,松本,0
2025-08-13,オリックス,楽天,4,7,古謝敗：曽谷,曽谷,0
2025-08-14,日本ハム,ロッテ,9,4,福島敗：河村,河村,0
2025-08-14,西武,ソフトバンク,3,2,山田敗：大津,大津,0
2025-08-14,オリックス,楽天,1,5,藤井敗：田嶋大,田嶋大,0
2025-08-15,巨人,阪神,6,5,大勢敗：湯浅,湯浅,0
2025-08-15,中日,DeNA,3,4,宮城敗：福,福,0
2025-08-15,広島,ヤクルト,1,2,高梨敗：森,森,0
2025-08-15,楽天,日本ハム,3,1,荘司敗：北山,北山,0
2025-08-15,オリックス,西武,1,0,九里敗：今井,今井,0
2025-08-15,ソフトバンク,ロッテ,6,1,松本晴敗：廣池,廣池,0
2025-08-16,巨人,阪神,0,3,村上敗：井上,井上,0
2025-08-16,中日,DeNA,0,6,竹田敗：髙橋宏,髙橋宏,0
2025-08-16,広島,ヤクルト,5,3,森下敗：吉村,吉村,0
2025-08-16,楽天,日本ハム,5,9,加藤貴敗：内,内,0
2025-08-16,オリックス,西武,0,1,與座敗：エスピノーザ,エスピノーザ,0
2025-08-16,ソフトバンク,ロッテ,2,7,小島敗：有原,有原,0
2025-08-17,巨人,阪神,1,3,才木敗：赤星,赤星,0
2025-08-17,中日,DeNA,4,5,坂本敗：梅野,梅野,0
2025-08-17,広島,ヤクルト,2,7,奥川敗：遠藤,遠藤,0
2025-08-17,楽天,日本ハム,5,7,伊藤敗：ヤフーレ,ヤフーレ,0
2025-08-17,オリックス,西武,7,6,横山楓敗：中村祐,中村祐,0
2025-08-17,ソフトバンク,ロッテ,1,0,杉山敗：益田,益田,0
2025-08-19,ヤクルト,巨人,2,15,戸郷敗：ランバート,ランバート,0
2025-08-19,DeNA,広島,1,3,島内敗：入江,入江,0
2025-08-19,阪神,中日,5,4,ドリス敗：藤嶋,藤嶋,0
2025-08-19,日本ハム,オリックス,6,5,田中敗：マチャド,マチャド,0
2025-08-19,ロッテ,楽天,3,4,藤平敗：廣池,廣池,0
2025-08-19,ソフトバンク,西武,5,2,大関敗：渡邉,渡邉,0
2025-08-20,ヤクルト,巨人,7,2,アビラ敗：森田,森田,0
2025-08-20,DeNA,広島,7,4,東敗：大瀬良,大瀬良,0
2025-08-20,阪神,中日,1,2,大野敗：伊原,伊原,0
2025-08-20,日本ハム,オリックス,6,5,玉井敗：山岡,山岡,0
2025-08-20,ロッテ,楽天,5,3,澤田敗：古謝,古謝,0
2025-08-20,ソフトバンク,西武,5,4,上沢敗：山田,山田,0
2025-08-21,ヤクルト,巨人,1,7,田中将敗：石川,石川,0
2025-08-21,DeNA,広島,2,5,髙敗：バウアー,バウアー,0
2025-08-21,日本ハム,オリックス,0,10,宮城敗：バーヘイゲン,バーヘイゲン,0
2025-08-21,ロッテ,楽天,12,10,吉川敗：瀧中,瀧中,0
2025-08-22,巨人,DeNA,8,1,横川敗：ジャクソン,ジャクソン,0
2025-08-22,ヤクルト,阪神,1,3,桐敷敗：石山,石山,0
2025-08-22,広島,中日,4,6,梅野敗：中﨑,中﨑,0
2025-08-22,日本ハム,ソフトバンク,4,3,上原敗：藤井,藤井,0
2025-08-22,楽天,オリックス,3,2,荘司敗：九里,九里,0
2025-08-22,ロッテ,西武,0,3,髙橋光成敗：ボス,ボス,0
2025-08-23,巨人,DeNA,4,1,井上敗：石田裕,石田裕,0
2025-08-23,ヤクルト,阪神,2,2,,,0
2025-08-23,広島,中日,2,5,髙橋宏敗：森下,森下,0
2025-08-23,日本ハム,ソフトバンク,8,3,福島敗：有原,有原,0
2025-08-23,楽天,オリックス,6,8,川瀬敗：今野,今野,0
2025-08-23,ロッテ,西武,0,2,今井敗：サモンズ,サモンズ,0
2025-08-24,巨人,DeNA,2,4,竹田敗：赤星,赤星,0
2025-08-24,ヤクルト,阪神,1,8,才木敗：奥川,奥川,0
2025-08-24,広島,中日,5,4,常廣敗：金丸,金丸,0
2025-08-24,日本ハム,ソフトバンク,1,0,上原敗：杉山,杉山,0
2025-08-24,楽天,オリックス,2,3,エスピノーザ敗：則本,則本,0
2025-08-24,ロッテ,西武,2,0,小島敗：隅田,隅田,0
2025-08-26,DeNA,阪神,2,3,ハートウィグ敗：入江,入江,0
2025-08-26,中日,ヤクルト,0,2,小川敗：マラー,マラー,0
2025-08-26,広島,巨人,4,1,床田敗：戸郷,戸郷,0
2025-08-26,楽天,ソフトバンク,10,3,岸敗：大関,大関,0
2025-08-26,西武,日本ハム,2,2,,,0
2025-08-26,オリックス,ロッテ,6,5,入山敗：八木,八木,0
2025-08-27,DeNA,阪神,1,2,早川敗：東,東,0
2025-08-27,中日,ヤクルト,3,0,大野敗：ランバート,ランバート,0
2025-08-27,広島,巨人,3,2,大瀬良敗：森田,森田,0
2025-08-27,楽天,ソフトバンク,1,3,大津敗：古謝,古謝,0
2025-08-27,西武,日本ハム,3,2,與座敗：山﨑福也,山﨑福也,0
2025-08-27,オリックス,ロッテ,1,6,種市敗：寺西,寺西,0
2025-08-28,DeNA,阪神,5,4,森唯敗：伊原,伊原,0
2025-08-28,中日,ヤクルト,4,3,齋藤敗：大西,大西,0
2025-08-28,広島,巨人,8,3,髙敗：田中将,田中将,0
2025-08-29,ヤクルト,広島,2,4,森敗：高梨,高梨,0
2025-08-29,DeNA,中日,8,9,梅野敗：伊勢,伊勢,0
2025-08-29,阪神,巨人,3,4,山﨑敗：大竹,大竹,0
2025-08-29,日本ハム,楽天,5,0,北山敗：荘司,荘司,0
2025-08-29,西武,オリックス,1,8,九里敗：髙橋光成,髙橋光成,0
2025-08-29,ロッテ,ソフトバンク,1,3,上沢敗：ボス,ボス,0
2025-08-30,ヤクルト,広島,5,4,山野敗：高橋,高橋,0
2025-08-30,DeNA,中日,7,9,齋藤敗：佐々木,佐々木,0
2025-08-30,阪神,巨人,3,2,髙橋敗：井上,井上,0
2025-08-30,日本ハム,楽天,2,6,加治屋敗：加藤貴,加藤貴,0
2025-08-30,西武,オリックス,1,7,横山楓敗：松本,松本,0
2025-08-30,ロッテ,ソフトバンク,6,4,小野敗：有原,有原,0
2025-08-31,ヤクルト,広島,7,4,下川敗：常廣,常廣,0
2025-08-31,DeNA,中日,2,0,藤浪敗：松葉,松葉,0
2025-08-31,阪神,巨人,5,4,島本敗：中川,中川,0
2025-08-31,日本ハム,楽天,0,1,西垣敗：杉浦,杉浦,0
2025-08-31,西武,オリックス,1,4,エスピノーザ敗：隅田,隅田,0
2025-08-31,ロッテ,ソフトバンク,4,3,小島敗：松本晴,松本晴,0
2025-09-02,巨人,ヤクルト,4,1,戸郷敗：奥川,奥川,0
2025-09-02,中日,阪神,3,5,村上敗：マラー,マラー,0
2025-09-02,広島,DeNA,5,8,ケイ敗：床田,床田,0
2025-09-02,楽天,西武,0,2,今井敗：岸,岸,0
2025-09-02,ロッテ,日本ハム,6,8,伊藤敗：石川柊,石川柊,0
2025-09-02,ソフトバンク,オリックス,2,1,松本裕敗：ペルドモ,ペルドモ,0
2025-09-03,巨人,ヤクルト,5,3,森田敗：ランバート,ランバート,0
2025-09-03,中日,阪神,5,2,大野敗：伊藤将,伊藤将,0
2025-09-03,広島,DeNA,2,1,大瀬良敗：東,東,0
2025-09-03,楽天,西武,6,11,與座敗：早川,早川,0
2025-09-03,ロッテ,日本ハム,2,1,種市敗：金村,金村,0
2025-09-03,ソフトバンク,オリックス,7,1,大関敗：寺西,寺西,0
2025-09-04,巨人,ヤクルト,1,12,吉村敗：又木,又木,0
2025-09-04,中日,阪神,5,7,岩貞敗：涌井,涌井,0
2025-09-04,広島,DeNA,0,1,平良敗：髙,髙,0
2025-09-04,ロッテ,日本ハム,2,9,達敗：木村,木村,0
2025-09-04,ソフトバンク,オリックス,8,0,上沢敗：田嶋大,田嶋大,0
2025-09-05,DeNA,ヤクルト,7,6,佐々木敗：高梨,高梨,0
2025-09-05,中日,巨人,1,0,柳敗：山﨑,山﨑,0
2025-09-05,阪神,広島,6,1,大竹敗：森,森,0
2025-09-05,西武,ロッテ,5,3,髙橋光成敗：澤田,澤田,0
2025-09-05,オリックス,日本ハム,2,0,九里敗：北山,北山,0
2025-09-05,ソフトバンク,楽天,11,0,大津敗：古謝,古謝,0
2025-09-06,DeNA,ヤクルト,2,3,山野敗：竹田,竹田,0
2025-09-06,中日,巨人,4,5,田中瑛敗：松山,松山,0
2025-09-06,阪神,広島,4,1,ドリス敗：常廣,常廣,0
2025-09-06,西武,ロッテ,4,0,渡邉敗：サモンズ,サモンズ,0
2025-09-06,オリックス,日本ハム,3,1,山岡敗：金村,金村,0
2025-09-06,ソフトバンク,楽天,2,1,有原敗：荘司,荘司,0
2025-09-07,DeNA,ヤクルト,3,2,ウィック敗：大西,大西,0
2025-09-07,中日,巨人,3,6,船迫敗：松葉,松葉,0
2025-09-07,阪神,広島,2,0,湯浅敗：アドゥワ,アドゥワ,0
2025-09-07,西武,ロッテ,2,4,小島敗：篠原,篠原,0
2025-09-07,オリックス,日本ハム,3,2,岩嵜敗：齋藤,齋藤,0
2025-09-07,ソフトバンク,楽天,2,4,藤井敗：松本晴,松本晴,0
2025-09-08,ロッテ,オリックス,4,2,河村敗：エスピノーザ,エスピノーザ,0
2025-09-09,巨人,広島,6,4,戸郷敗：床田,床田,0
2025-09-09,ヤクルト,中日,3,2,松本健敗：吉田,吉田,0
2025-09-09,阪神,DeNA,0,3,ケイ敗：村上,村上,0
2025-09-09,日本ハム,ソフトバンク,7,4,伊藤敗：モイネロ,モイネロ,0
2025-09-09,楽天,西武,6,5,西垣敗：黒木,黒木,0
2025-09-09,ロッテ,オリックス,3,7,宮城敗：澤村,澤村,0
2025-09-10,巨人,広島,4,3,大勢敗：島内,島内,0
2025-09-10,ヤクルト,中日,3,6,金丸敗：ランバート,ランバート,0
2025-09-10,阪神,DeNA,1,6,東敗：伊藤将,伊藤将,0
2025-09-10,楽天,西武,,,,,1
2025-09-11,巨人,広島,2,3,島内敗：石川,石川,0
2025-09-11,ヤクルト,中日,6,5,吉村敗：涌井,涌井,0
2025-09-11,阪神,DeNA,2,0,大竹敗：石田裕,石田裕,0
2025-09-11,日本ハム,オリックス,10,4,北山敗：東松,東松,0
2025-09-11,ロッテ,ソフトバンク,9,1,種市敗：大関,大関,0
2025-09-12,ヤクルト,DeNA,2,10,ジャクソン敗：高梨,高梨,0
2025-09-12,広島,中日,9,0,森敗：柳,柳,0
2025-09-12,日本ハム,西武,3,7,髙橋光成敗：達,達,0
2025-09-12,楽天,ロッテ,6,3,古謝敗：ボス,ボス,0
2025-09-13,巨人,阪神,11,10,中川敗：ドリス,ドリス,0
2025-09-13,ヤクルト,DeNA,2,6,竹田敗：山野,山野,0
2025-09-13,広島,中日,5,0,常廣敗：髙橋宏,髙橋宏,0
2025-09-13,日本ハム,西武,5,4,杉浦敗：山田,山田,0
2025-09-13,楽天,ロッテ,4,6,サモンズ敗：荘司,荘司,0
2025-09-13,オリックス,ソフトバンク,1,2,松本裕敗：マチャド,マチャド,0
2025-09-14,DeNA,巨人,9,7,佐々木敗：平内,平内,0
2025-09-14,阪神,中日,0,1,大野敗：才木,才木,0
2025-09-14,広島,ヤクルト,6,8,アビラ敗：アドゥワ,アドゥワ,0
2025-09-14,日本ハム,西武,4,3,福島敗：隅田,隅田,0
2025-09-14,楽天,ロッテ,5,1,宋家豪敗：小島,小島,0
2025-09-14,オリックス,ソフトバンク,3,4,有原敗：山岡,山岡,0
2025-09-15,DeNA,巨人,3,0,ケイ敗：田中将,田中将,0
2025-09-15,阪神,中日,6,2,ネルソン敗：松葉,松葉,0
2025-09-15,広島,ヤクルト,6,2,玉村敗：青柳,青柳,0
2025-09-15,日本ハム,西武,12,5,金村敗：與座,與座,0
2025-09-15,楽天,ロッテ,5,4,江原敗：廣畑,廣畑,0
2025-09-15,オリックス,ソフトバンク,0,5,大津敗：エスピノーザ,エスピノーザ,0
2025-09-16,オリックス,ロッテ,7,3,田嶋大敗：木村,木村,0
2025-09-17,ヤクルト,巨人,2,4,戸郷敗：奥川,奥川,0
2025-09-17,中日,DeNA,0,1,東敗：金丸,金丸,0
2025-09-17,広島,阪神,1,6,村上敗：床田,床田,0
2025-09-17,楽天,日本ハム,3,2,西垣敗：齋藤,齋藤,0
2025-09-17,オリックス,ロッテ,1,2,廣池敗：マチャド,マチャド,0
2025-09-17,ソフトバンク,西武,11,8,モイネロ敗：武内,武内,0
2025-09-18,ヤクルト,巨人,5,0,高橋敗：森田,森田,0
2025-09-18,中日,DeNA,4,7,石田裕敗：涌井,涌井,0
2025-09-18,広島,阪神,2,7,大竹敗：髙,髙,0
2025-09-18,西武,オリックス,2,1,平良敗：岩嵜,岩嵜,0
2025-09-18,ロッテ,楽天,7,0,種市敗：岸,岸,0
2025-09-18,ソフトバンク,日本ハム,3,2,松本裕敗：古林,古林,0
2025-09-19,巨人,広島,5,4,山﨑敗：大瀬良,大瀬良,0
2025-09-19,中日,ヤクルト,2,6,吉村敗：柳,柳,0
2025-09-19,阪神,DeNA,4,0,早川敗：ジャクソン,ジャクソン,0
2025-09-19,楽天,西武,1,4,髙橋光成敗：古謝,古謝,0
2025-09-20,巨人,広島,3,1,横川敗：森,森,0
2025-09-20,中日,ヤクルト,3,0,髙橋宏敗：小川,小川,0
2025-09-20,阪神,DeNA,1,4,竹田敗：髙橋,髙橋,0
2025-09-20,日本ハム,ロッテ,8,7,齋藤敗：横山,横山,0
2025-09-20,楽天,西武,2,1,荘司敗：渡邉,渡邉,0
2025-09-20,ソフトバンク,オリックス,4,5,山﨑敗：杉山,杉山,0
2025-09-21,ヤクルト,阪神,8,1,山野敗：伊藤将,伊藤将,0
2025-09-21,DeNA,広島,7,2,平良敗：常廣,常廣,0
2025-09-21,中日,巨人,5,2,大野敗：田中将,田中将,0
2025-09-21,日本ハム,ロッテ,7,2,福島敗：小島,小島,0
2025-09-21,楽天,西武,2,8,隅田敗：藤井,藤井,0
2025-09-21,ソフトバンク,オリックス,1,2,佐藤敗：有原,有原,0
2025-09-22,ヤクルト,阪神,3,2,荘司敗：ドリス,ドリス,0
2025-09-22,日本ハム,ロッテ,0,2,河村敗：伊藤,伊藤,0
2025-09-22,ソフトバンク,オリックス,0,1,入山敗：松本裕,松本裕,0
2025-09-23,ヤクルト,中日,0,3,マラー敗：下川,下川,0
2025-09-23,DeNA,阪神,2,2,,,0
2025-09-23,広島,巨人,5,0,玉村敗：戸郷,戸郷,0
2025-09-23,日本ハム,楽天,0,7,ハワード敗：孫,孫,0
2025-09-23,ロッテ,西武,1,0,唐川敗：與座,與座,0
2025-09-23,ソフトバンク,オリックス,0,1,田嶋大敗：松本晴,松本晴,0
2025-09-24,楽天,ソフトバンク,3,8,モイネロ敗：ヤフーレ,ヤフーレ,0
2025-09-24,ロッテ,西武,5,0,木村敗：菅井,菅井,0
2025-09-25,楽天,ソフトバンク,0,6,大関敗：鈴木翔,鈴木翔,0
2025-09-25,西武,日本ハム,5,4,山田敗：上原,上原,0
2025-09-25,オリックス,ロッテ,4,6,ボス敗：曽谷,曽谷,0
2025-09-26,ヤクルト,広島,11,1,アビラ敗：床田,床田,0
2025-09-26,DeNA,巨人,5,4,宮城敗：中川,中川,0
2025-09-26,阪神,中日,6,2,村上敗：柳,柳,0
2025-09-26,楽天,ソフトバンク,3,4,上沢敗：西垣,西垣,0
2025-09-26,西武,日本ハム,5,8,加藤貴敗：糸川,糸川,0
2025-09-27,ヤクルト,広島,3,1,吉村敗：森,森,0
2025-09-27,DeNA,巨人,8,9,平内敗：伊勢,伊勢,0
2025-09-27,阪神,中日,3,5,髙橋宏敗：大竹,大竹,0
2025-09-27,西武,ソフトバンク,1,4,有原敗：髙橋光成,髙橋光成,0
2025-09-27,ロッテ,日本ハム,0,2,達敗：種市,種市,0
2025-09-27,オリックス,楽天,2,0,山下敗：荘司,荘司,0
2025-09-28,ヤクルト,巨人,4,4,,,0
2025-09-28,広島,DeNA,2,10,坂本敗：常廣,常廣,0
2025-09-28,阪神,中日,2,4,齋藤敗：岩崎,岩崎,0
2025-09-28,西武,ソフトバンク,1,4,大津敗：隅田,隅田,0
2025-09-28,ロッテ,日本ハム,3,4,山﨑福也敗：小島,小島,0
2025-09-28,オリックス,楽天,10,5,宮城敗：藤井,藤井,0
2025-09-29,西武,ロッテ,2,0,渡邉敗：石川柊,石川柊,0
2025-09-29,オリックス,楽天,4,0,九里敗：ハワード,ハワード,0
2025-09-30,巨人,中日,4,2,田中将敗：マラー,マラー,0
2025-09-30,DeNA,ヤクルト,4,5,山野敗：篠木,篠木,0
2025-09-30,ロッテ,楽天,1,2,泰敗：高野脩,高野脩,0
2025-09-30,ソフトバンク,日本ハム,1,2,山﨑福也敗：大江,大江,0
2025-10-01,巨人,中日,5,2,戸郷敗：草加,草加,0
2025-10-01,DeNA,ヤクルト,9,6,武田敗：石山,石山,0
2025-10-01,オリックス,西武,10,5,権田敗：杉山,杉山,0
2025-10-02,阪神,ヤクルト,6,2,村上敗：青柳,青柳,0
2025-10-02,オリックス,西武,5,6,今井敗：曽谷,曽谷,0
2025-10-03,広島,ヤクルト,1,6,高梨敗：斉藤,斉藤,0
2025-10-03,楽天,西武,7,6,日當敗：平良,平良,0
2025-10-03,ソフトバンク,オリックス,10,2,東浜敗：佐藤,佐藤,0
2025-10-04,広島,ヤクルト,1,3,下川敗：佐藤柳,佐藤柳,0
2025-10-04,楽天,西武,3,2,古謝敗：髙橋光成,髙橋光成,0
2025-10-04,ロッテ,日本ハム,3,0,種市敗：伊藤,伊藤,0
2025-10-05,楽天,オリックス,1,2,山岡敗：西口,西口,0
2025-10-05,ロッテ,ソフトバンク,2,5,有原敗：二木,二木,0
2026-03-27,巨人,阪神,3,1,竹丸敗：村上,村上,0
2026-03-27,DeNA,ヤクルト,2,3,吉村敗：東,東,0
2026-03-27,広島,中日,6,5,森浦敗：勝野,勝野,0
2026-03-27,ロッテ,西武,3,1,毛利敗：渡邉,渡邉,0
2026-03-27,オリックス,楽天,0,10,荘司敗：宮城,宮城,0
2026-03-27,ソフトバンク,日本ハム,6,5,松本裕敗：古林,古林,0
2026-03-28,巨人,阪神,0,2,髙橋敗：ハワード,ハワード,0
2026-03-28,DeNA,ヤクルト,2,5,山野敗：入江,入江,0
2026-03-28,広島,中日,2,1,ハーン敗：牧野,牧野,0
2026-03-28,ロッテ,西武,11,0,田中敗：武内,武内,0
2026-03-28,オリックス,楽天,6,0,九里敗：瀧中,瀧中,0
2026-03-28,ソフトバンク,日本ハム,6,4,松本晴敗：達,達,0
2026-03-29,巨人,阪神,6,12,及川敗：船迫,船迫,0
2026-03-29,DeNA,ヤクルト,3,5,荘司敗：石田裕,石田裕,0
2026-03-29,広島,中日,1,0,栗林敗：髙橋宏,髙橋宏,0
2026-03-29,ロッテ,西武,0,4,平良敗：小島,小島,0
2026-03-29,オリックス,楽天,5,4,山﨑敗：藤原,藤原,0
2026-03-29,ソフトバンク,日本ハム,8,4,スチュワート・ジュニア敗：有原,有原,0
2026-03-31,ヤクルト,広島,8,3,小川敗：森下,森下,0
2026-03-31,中日,巨人,2,5,田中瑛敗：藤嶋,藤嶋,0
2026-03-31,阪神,DeNA,4,1,才木敗：デュプランティエ,デュプランティエ,0
2026-03-31,日本ハム,ロッテ,9,0,細野敗：木村,木村,0
2026-03-31,楽天,ソフトバンク,2,4,大関敗：前田健,前田健,0
2026-03-31,西武,オリックス,5,3,E.ラミレス敗：ペルドモ,ペルドモ,0
2026-04-01,ヤクルト,広島,,,,,1
2026-04-01,中日,巨人,5,6,田中将敗：中西,中西,0
2026-04-01,阪神,DeNA,1,4,コックス敗：ルーカス,ルーカス,0
2026-04-01,日本ハム,ロッテ,2,4,ジャクソン敗：北山,北山,0
2026-04-01,楽天,ソフトバンク,1,6,徐敗：古謝,古謝,0
2026-04-01,西武,オリックス,0,4,エスピノーザ敗：髙橋光成,髙橋光成,0
2026-04-02,ヤクルト,広島,2,1,松本健敗：森浦,森浦,0
2026-04-02,中日,巨人,2,1,大野敗：則本,則本,0
2026-04-02,阪神,DeNA,4,3,伊原敗：竹田,竹田,0
2026-04-02,日本ハム,ロッテ,7,1,加藤貴敗：西野,西野,0
2026-04-02,楽天,ソフトバンク,5,4,西垣敗：松本裕,松本裕,0
2026-04-02,西武,オリックス,3,7,宮城敗：菅井,菅井,0
2026-04-03,巨人,DeNA,1,3,東敗：竹丸,竹丸,0
2026-04-03,ヤクルト,中日,0,1,柳敗：吉村,吉村,0
2026-04-03,広島,阪神,2,4,村上敗：床田,床田,0
2026-04-03,日本ハム,オリックス,12,3,伊藤敗：寺西,寺西,0
2026-04-03,西武,楽天,3,6,荘司敗：渡邉,渡邉,0
2026-04-03,ロッテ,ソフトバンク,3,2,澤田敗：杉山,杉山,0
2026-04-04,巨人,DeNA,8,4,赤星敗：吉野,吉野,0
2026-04-04,ヤクルト,中日,11,6,山野敗：櫻井,櫻井,0
2026-04-04,広島,阪神,5,7,モレッタ敗：辻,辻,0
2026-04-04,日本ハム,オリックス,6,3,上原敗：山﨑,山﨑,0
2026-04-04,西武,楽天,1,2,宋家豪敗：甲斐野,甲斐野,0
2026-04-04,ロッテ,ソフトバンク,2,5,松本晴敗：高野脩,高野脩,0
2026-04-05,巨人,DeNA,3,2,井上敗：石田裕,石田裕,0
2026-04-05,ヤクルト,中日,7,5,廣澤敗：齋藤,齋藤,0
2026-04-05,広島,阪神,2,1,中﨑敗：桐敷,桐敷,0
2026-04-05,日本ハム,オリックス,8,2,有原敗：ペルドモ,ペルドモ,0
2026-04-05,西武,楽天,1,1,,,0
2026-04-05,ロッテ,ソフトバンク,3,4,スチュワート・ジュニア敗：小島,小島,0
2026-04-07,DeNA,中日,5,3,橋本敗：金丸,金丸,0
2026-04-07,阪神,ヤクルト,9,3,才木敗：小川,小川,0
2026-04-07,広島,巨人,5,2,森下敗：ウィットリー,ウィットリー,0
2026-04-07,楽天,日本ハム,3,0,加治屋敗：細野,細野,0
2026-04-07,オリックス,ロッテ,3,1,ペルドモ敗：澤田,澤田,0
2026-04-07,ソフトバンク,西武,6,8,隅田敗：大関,大関,0
2026-04-08,DeNA,中日,4,6,根尾敗：坂本,坂本,0
2026-04-08,阪神,ヤクルト,2,3,廣澤敗：早川,早川,0
2026-04-08,広島,巨人,1,2,赤星敗：中﨑,中﨑,0
2026-04-08,楽天,日本ハム,0,1,北山敗：古謝,古謝,0
2026-04-08,オリックス,ロッテ,9,1,エスピノーザ敗：ジャクソン,ジャクソン,0
2026-04-08,ソフトバンク,西武,1,2,髙橋光成敗：徐,徐,0
2026-04-09,阪神,ヤクルト,2,0,茨木敗：奥川,奥川,0
2026-04-09,広島,巨人,,,,,1
2026-04-09,楽天,日本ハム,2,4,加藤貴敗：内,内,0
2026-04-09,オリックス,ロッテ,2,1,横山楓敗：高野脩,高野脩,0
2026-04-09,ソフトバンク,西武,2,0,大津敗：E.ラミレス,E.ラミレス,0
2026-04-10,巨人,ヤクルト,3,2,竹丸敗：吉村,吉村,0
2026-04-10,DeNA,広島,,,,,1
2026-04-10,中日,阪神,3,5,湯浅敗：松山,松山,0
2026-04-10,楽天,オリックス,,,,,1
2026-04-10,西武,ロッテ,3,6,鈴木敗：篠原,篠原,0
2026-04-11,巨人,ヤクルト,2,3,山野敗：マタ,マタ,0
2026-04-11,DeNA,広島,4,3,東敗：ターノック,ターノック,0
2026-04-11,中日,阪神,3,9,伊原敗：大野,大野,0
2026-04-11,日本ハム,ソフトバンク,3,6,上沢敗：伊藤,伊藤,0
2026-04-11,楽天,オリックス,11,4,早川敗：九里,九里,0
2026-04-11,西武,ロッテ,5,2,武内敗：田中,田中,0
2026-04-12,巨人,ヤクルト,0,2,高梨敗：井上,井上,0
2026-04-12,DeNA,広島,6,5,中川虎敗：森浦,森浦,0
2026-04-12,中日,阪神,0,3,髙橋敗：髙橋宏,髙橋宏,0
2026-04-12,日本ハム,ソフトバンク,7,11,上茶谷敗：有原,有原,0
2026-04-12,楽天,オリックス,4,0,瀧中敗：ジェリー,ジェリー,0
2026-04-12,西武,ロッテ,2,1,羽田敗：ロング,ロング,0
2026-04-14,ヤクルト,DeNA,5,3,田口敗：竹田,竹田,0
2026-04-14,中日,広島,6,2,金丸敗：森下,森下,0
2026-04-14,阪神,巨人,3,4,大勢敗：岩崎,岩崎,0
2026-04-14,ロッテ,日本ハム,1,5,達敗：ジャクソン,ジャクソン,0
2026-04-14,オリックス,西武,5,1,曽谷敗：隅田,隅田,0
2026-04-14,ソフトバンク,楽天,2,3,荘司敗：スチュワート・ジュニア,スチュワート・ジュニア,0
2026-04-15,中日,広島,2,5,栗林敗：マラー,マラー,0
2026-04-15,阪神,巨人,,,,,1
2026-04-15,ロッテ,日本ハム,9,7,八木敗：加藤貴,加藤貴,0
2026-04-15,オリックス,西武,3,1,エスピノーザ敗：髙橋光成,髙橋光成,0
2026-04-15,ソフトバンク,楽天,2,3,宋家豪敗：尾形,尾形,0
2026-04-16,ヤクルト,DeNA,2,0,松本健敗：デュプランティエ,デュプランティエ,0
2026-04-16,阪神,巨人,3,4,田中将敗：ルーカス,ルーカス,0
2026-04-16,ロッテ,日本ハム,5,3,八木敗：齋藤,齋藤,0
2026-04-16,オリックス,西武,7,1,寺西敗：菅井,菅井,0
2026-04-16,ソフトバンク,楽天,6,0,大津敗：藤原,藤原,0
2026-04-17,ヤクルト,巨人,2,8,ウィットリー敗：ウォルターズ,ウォルターズ,0
2026-04-17,阪神,中日,2,1,モレッタ敗：根尾,根尾,0
2026-04-17,広島,DeNA,1,5,平良敗：島内,島内,0
2026-04-17,日本ハム,西武,3,5,渡邉敗：上原,上原,0
2026-04-17,楽天,ロッテ,1,0,加治屋敗：坂本,坂本,0
2026-04-17,ソフトバンク,オリックス,4,13,髙島敗：徐,徐,0
2026-04-18,ヤクルト,巨人,4,3,清水敗：マルティネス,マルティネス,0
2026-04-18,阪神,中日,4,3,湯浅敗：杉浦,杉浦,0
2026-04-18,広島,DeNA,2,7,東敗：ターノック,ターノック,0
2026-04-18,日本ハム,西武,5,3,伊藤敗：武内,武内,0
2026-04-18,楽天,ロッテ,9,1,ウレーニャ敗：田中,田中,0
2026-04-18,ソフトバンク,オリックス,7,0,上沢敗：九里,九里,0
2026-04-19,ヤクルト,巨人,3,1,増居敗：井上,井上,0
2026-04-19,阪神,中日,7,5,湯浅敗：髙橋宏,髙橋宏,0
2026-04-19,広島,DeNA,0,2,石田裕敗：床田,床田,0
2026-04-19,日本ハム,西武,3,15,平良敗：有原,有原,0
2026-04-19,楽天,ロッテ,5,8,高野脩敗：田中千,田中千,0
2026-04-19,ソフトバンク,オリックス,1,2,椋木敗：松本晴,松本晴,0
2026-04-21,巨人,中日,2,1,中川敗：金丸,金丸,0
2026-04-21,DeNA,阪神,16,9,レイノルズ敗：モレッタ,モレッタ,0
2026-04-21,広島,ヤクルト,2,1,森下敗：吉村,吉村,0
2026-04-21,日本ハム,楽天,3,1,達敗：荘司,荘司,0
2026-04-21,西武,ソフトバンク,6,4,隅田敗：スチュワート・ジュニア,スチュワート・ジュニア,0
2026-04-21,ロッテ,オリックス,7,4,坂本敗：横山楓,横山楓,0
2026-04-22,巨人,中日,5,1,竹丸敗：櫻井,櫻井,0
2026-04-22,DeNA,阪神,7,6,レイノルズ敗：ドリス,ドリス,0
2026-04-22,広島,ヤクルト,0,2,山野敗：大瀬良,大瀬良,0
2026-04-22,日本ハム,楽天,5,4,島本敗：田中千,田中千,0
2026-04-22,西武,ソフトバンク,3,1,髙橋光成敗：大関,大関,0
2026-04-22,ロッテ,オリックス,1,4,曽谷敗：毛利,毛利,0
2026-04-23,DeNA,阪神,,,,,1
2026-04-23,広島,ヤクルト,0,2,高梨敗：岡本,岡本,0
2026-04-23,日本ハム,楽天,2,3,瀧中敗：福島,福島,0
2026-04-23,西武,ソフトバンク,3,4,大津敗：糸川,糸川,0
2026-04-23,ロッテ,オリックス,,,,,1
2026-04-24,DeNA,巨人,2,1,中川虎敗：赤星,赤星,0
2026-04-24,中日,ヤクルト,6,4,杉浦敗：星,星,0
2026-04-24,オリックス,日本ハム,3,2,エスピノーザ敗：伊藤,伊藤,0
2026-04-25,DeNA,巨人,2,7,又木敗：片山,片山,0
2026-04-25,中日,ヤクルト,5,2,大野敗：小川,小川,0
2026-04-25,阪神,広島,2,2,,,0
2026-04-25,楽天,西武,7,9,篠原敗：西垣,西垣,0
2026-04-25,オリックス,日本ハム,4,2,髙島敗：北山,北山,0
2026-04-25,ソフトバンク,ロッテ,0,5,八木敗：上沢,上沢,0
2026-04-26,DeNA,巨人,1,4,井上敗：石田裕,石田裕,0
2026-04-26,中日,ヤクルト,3,0,髙橋宏敗：奥川,奥川,0
2026-04-26,阪神,広島,1,0,大竹敗：栗林,栗林,0
2026-04-26,楽天,西武,0,3,甲斐野敗：加治屋,加治屋,0
2026-04-26,オリックス,日本ハム,9,4,九里敗：有原,有原,0
2026-04-26,ソフトバンク,ロッテ,,,,,1
2026-04-28,巨人,広島,1,11,床田敗：則本,則本,0
2026-04-28,ヤクルト,阪神,10,5,吉村敗：才木,才木,0
2026-04-28,中日,DeNA,3,0,金丸敗：東,東,0
2026-04-28,西武,日本ハム,1,2,玉井敗：岩城,岩城,0
2026-04-28,ロッテ,楽天,3,1,ジャクソン敗：荘司,荘司,0
2026-04-28,オリックス,ソフトバンク,1,7,上茶谷敗：椋木,椋木,0
2026-04-29,巨人,広島,4,2,竹丸敗：森下,森下,0
2026-04-29,ヤクルト,阪神,0,2,髙橋敗：山野,山野,0
2026-04-29,中日,DeNA,2,4,中川虎敗：櫻井,櫻井,0
2026-04-29,西武,日本ハム,3,0,髙橋光成敗：達,達,0
2026-04-29,ロッテ,楽天,5,3,八木敗：前田健,前田健,0
2026-04-29,オリックス,ソフトバンク,5,4,寺西敗：オスナ,オスナ,0
2026-04-30,巨人,広島,2,3,森浦敗：ルシアーノ,ルシアーノ,0
2026-04-30,ヤクルト,阪神,2,10,西勇敗：高梨,高梨,0
2026-04-30,中日,DeNA,2,6,篠木敗：マラー,マラー,0
2026-04-30,西武,日本ハム,2,3,柳川敗：羽田,羽田,0
2026-05-01,ヤクルト,DeNA,16,5,松本健敗：平良,平良,0
2026-05-01,阪神,巨人,3,5,田中将敗：村上,村上,0
2026-05-01,広島,中日,7,3,岡本敗：柳,柳,0
2026-05-01,日本ハム,オリックス,5,1,加藤貴敗：曽谷,曽谷,0
2026-05-01,ロッテ,西武,0,10,佐藤爽敗：廣池,廣池,0
2026-05-01,ソフトバンク,楽天,4,1,上沢敗：西垣,西垣,0
2026-05-02,ヤクルト,DeNA,6,5,キハダ敗：伊勢,伊勢,0
2026-05-02,阪神,巨人,7,5,大竹敗：又木,又木,0
2026-05-02,広島,中日,0,4,大野敗：齊藤汰,齊藤汰,0
2026-05-02,日本ハム,オリックス,9,10,寺西敗：田中,田中,0
2026-05-02,ロッテ,西武,4,5,武内敗：田中,田中,0
2026-05-02,ソフトバンク,楽天,5,0,大津敗：ウレーニャ,ウレーニャ,0
2026-05-03,ヤクルト,DeNA,2,12,石田裕敗：ウォルターズ,ウォルターズ,0
2026-05-03,阪神,巨人,3,0,才木敗：井上,井上,0
2026-05-03,広島,中日,,,,,1
2026-05-03,日本ハム,オリックス,3,0,北山敗：九里,九里,0
2026-05-03,ロッテ,西武,10,0,毛利敗：平良,平良,0
2026-05-03,ソフトバンク,楽天,0,7,早川敗：尾形,尾形,0
2026-05-04,巨人,ヤクルト,1,5,奥川敗：戸郷,戸郷,0
2026-05-04,DeNA,広島,11,8,竹田敗：大瀬良,大瀬良,0
2026-05-04,中日,阪神,7,3,中西敗：門別,門別,0
2026-05-04,楽天,日本ハム,3,1,西垣敗：福島,福島,0
2026-05-04,西武,ソフトバンク,10,2,菅井敗：徐,徐,0
2026-05-04,オリックス,ロッテ,3,0,髙島敗：小島,小島,0
2026-05-05,巨人,ヤクルト,3,2,赤星敗：吉村,吉村,0
2026-05-05,DeNA,広島,5,5,,,0
2026-05-05,中日,阪神,7,3,金丸敗：早川,早川,0
2026-05-05,楽天,日本ハム,3,2,荘司敗：細野,細野,0
2026-05-05,西武,ソフトバンク,4,6,上茶谷敗：渡邉,渡邉,0
2026-05-05,オリックス,ロッテ,6,1,ジェリー敗：ジャクソン,ジャクソン,0
2026-05-06,巨人,ヤクルト,0,5,山野敗：竹丸,竹丸,0
2026-05-06,DeNA,広島,0,10,栗林敗：深沢,深沢,0
2026-05-06,中日,阪神,0,2,髙橋敗：髙橋宏,髙橋宏,0
2026-05-06,楽天,日本ハム,2,12,伊藤敗：内,内,0
2026-05-06,西武,ソフトバンク,10,2,髙橋光成敗：大関,大関,0
2026-05-06,オリックス,ロッテ,3,0,田嶋大敗：西野,西野,0
2026-05-08,中日,巨人,9,2,柳敗：ウィットリー,ウィットリー,0
2026-05-08,阪神,DeNA,1,10,平良敗：村上,村上,0
2026-05-08,広島,ヤクルト,1,4,高梨敗：森下,森下,0
2026-05-08,西武,楽天,4,2,隅田敗：ウレーニャ,ウレーニャ,0
2026-05-08,オリックス,日本ハム,4,3,博志敗：達,達,0
2026-05-08,ソフトバンク,ロッテ,6,5,津森敗：横山,横山,0
2026-05-09,中日,巨人,4,2,大野敗：田中将,田中将,0
2026-05-09,阪神,DeNA,1,3,ルイーズ敗：大竹,大竹,0
2026-05-09,広島,ヤクルト,0,4,松本健敗：岡本,岡本,0
2026-05-09,西武,楽天,6,2,黒田敗：古謝,古謝,0
2026-05-09,オリックス,日本ハム,0,3,加藤貴敗：曽谷,曽谷,0
2026-05-09,ソフトバンク,ロッテ,4,5,鈴木敗：松本裕,松本裕,0
2026-05-10,中日,巨人,4,9,船迫敗：メヒア,メヒア,0
2026-05-10,阪神,DeNA,3,0,才木敗：石田裕,石田裕,0
2026-05-10,広島,ヤクルト,4,0,塹江敗：石原,石原,0
2026-05-10,西武,楽天,6,1,菅井敗：瀧中,瀧中,0
2026-05-10,オリックス,日本ハム,0,2,北山敗：エスピノーザ,エスピノーザ,0
2026-05-10,ソフトバンク,ロッテ,8,3,前田悠敗：毛利,毛利,0
2026-05-12,巨人,広島,5,3,マルティネス敗：中﨑,中﨑,0
2026-05-12,ヤクルト,阪神,0,10,西勇敗：吉村,吉村,0
2026-05-12,DeNA,中日,3,1,東敗：金丸,金丸,0
2026-05-12,楽天,オリックス,0,2,九里敗：荘司,荘司,0
2026-05-12,ロッテ,日本ハム,2,3,伊藤敗：ジャクソン,ジャクソン,0
2026-05-12,ソフトバンク,西武,0,3,渡邉敗：松本晴,松本晴,0
2026-05-13,巨人,広島,4,2,宮原敗：遠藤,遠藤,0
2026-05-13,ヤクルト,阪神,4,2,荘司敗：桐敷,桐敷,0
2026-05-13,DeNA,中日,5,0,島田敗：中西,中西,0
2026-05-13,ロッテ,日本ハム,2,6,福島敗：小島,小島,0
2026-05-13,ソフトバンク,西武,1,2,髙橋光成敗：藤原,藤原,0
2026-05-14,DeNA,中日,0,0,,,0
2026-05-14,楽天,オリックス,3,0,ウレーニャ敗：ジェリー,ジェリー,0
2026-05-14,ロッテ,日本ハム,5,3,西野敗：細野,細野,0
2026-05-15,巨人,DeNA,2,0,井上敗：平良,平良,0
2026-05-15,中日,ヤクルト,5,8,荘司敗：杉浦,杉浦,0
2026-05-15,阪神,広島,0,2,栗林敗：大竹,大竹,0
2026-05-15,日本ハム,西武,0,3,平良敗：達,達,0
2026-05-15,楽天,ソフトバンク,6,3,早川敗：上沢,上沢,0
2026-05-15,ロッテ,オリックス,6,3,中森敗：山﨑,山﨑,0
2026-05-16,巨人,DeNA,4,3,高梨敗：中川虎,中川虎,0
2026-05-16,中日,ヤクルト,8,0,大野敗：奥川,奥川,0
2026-05-16,阪神,広島,3,1,村上敗：森下,森下,0
2026-05-16,日本ハム,西武,5,4,田中敗：甲斐野,甲斐野,0
2026-05-16,楽天,ソフトバンク,4,3,古謝敗：スチュワート・ジュニア,スチュワート・ジュニア,0
2026-05-16,ロッテ,オリックス,2,0,小野敗：田嶋大,田嶋大,0
2026-05-17,巨人,DeNA,1,0,竹丸敗：石田裕,石田裕,0
2026-05-17,中日,ヤクルト,1,5,松本健敗：髙橋宏,髙橋宏,0
2026-05-17,阪神,広島,0,1,岡本敗：才木,才木,0
2026-05-17,日本ハム,西武,3,6,ワイナンス敗：上原,上原,0
2026-05-17,楽天,ソフトバンク,1,5,前田悠敗：藤井,藤井,0
2026-05-17,ロッテ,オリックス,3,2,廣池敗：曽谷,曽谷,0
2026-05-19,ヤクルト,巨人,0,2,戸郷敗：高橋,高橋,0
2026-05-19,阪神,中日,4,2,西勇敗：金丸,金丸,0
2026-05-19,広島,DeNA,3,1,床田敗：竹田,竹田,0
2026-05-19,日本ハム,楽天,6,2,伊藤敗：荘司,荘司,0
2026-05-19,西武,ロッテ,3,2,武内敗：ジャクソン,ジャクソン,0
2026-05-19,オリックス,ソフトバンク,2,1,九里敗：大津,大津,0
2026-05-20,阪神,中日,8,7,ドリス敗：牧野,牧野,0
2026-05-20,広島,DeNA,3,4,中川虎敗：中﨑,中﨑,0
2026-05-20,日本ハム,楽天,5,3,堀敗：鈴木翔,鈴木翔,0
2026-05-20,西武,ロッテ,1,3,鈴木敗：佐藤隼,佐藤隼,0
2026-05-20,オリックス,ソフトバンク,8,3,エスピノーザ敗：藤原,藤原,0
2026-05-21,ヤクルト,巨人,3,1,山野敗：田中将,田中将,0
2026-05-21,阪神,中日,,,,,1
2026-05-21,広島,DeNA,3,1,玉村敗：東,東,0
2026-05-22,巨人,阪神,4,7,髙橋敗：井上,井上,0
2026-05-22,中日,広島,6,2,柳敗：栗林,栗林,0
2026-05-22,楽天,ロッテ,1,2,小島敗：柴田,柴田,0
2026-05-22,西武,オリックス,1,5,ジェリー敗：隅田,隅田,0
2026-05-22,ソフトバンク,日本ハム,10,0,前田純敗：達,達,0
2026-05-23,巨人,阪神,0,3,村上敗：ウィットリー,ウィットリー,0
2026-05-23,DeNA,ヤクルト,0,6,高梨敗：入江,入江,0
2026-05-23,中日,広島,3,5,森下敗：吉田,吉田,0
2026-05-23,楽天,ロッテ,6,7,益田敗：藤平,藤平,0
2026-05-23,西武,オリックス,4,1,上田敗：髙島,髙島,0
2026-05-23,ソフトバンク,日本ハム,11,1,松本晴敗：細野,細野,0
2026-05-24,巨人,阪神,3,6,才木敗：竹丸,竹丸,0
2026-05-24,DeNA,ヤクルト,1,0,石田裕敗：奥川,奥川,0
2026-05-24,中日,広島,3,5,岡本敗：髙橋宏,髙橋宏,0
2026-05-24,楽天,ロッテ,8,5,藤井敗：ロング,ロング,0
2026-05-24,西武,オリックス,4,3,佐藤隼敗：吉田,吉田,0
2026-05-24,ソフトバンク,日本ハム,7,6,松本裕敗：田中,田中,0
2026-05-26,巨人,ソフトバンク,3,8,大津敗：則本,則本,0
2026-05-26,ヤクルト,西武,1,2,黒田敗：キハダ,キハダ,0
2026-05-26,DeNA,オリックス,1,7,九里敗：平良,平良,0
2026-05-26,中日,楽天,1,0,マラー敗：荘司,荘司,0
2026-05-26,阪神,日本ハム,0,4,伊藤敗：西勇,西勇,0
2026-05-26,広島,ロッテ,1,3,八木敗：ハーン,ハーン,0
2026-05-27,巨人,ソフトバンク,5,1,戸郷敗：アルメンタ,アルメンタ,0
2026-05-27,ヤクルト,西武,2,2,,,0
2026-05-27,DeNA,オリックス,2,5,曽谷敗：篠木,篠木,0
2026-05-27,中日,楽天,7,2,櫻井敗：古謝,古謝,0
2026-05-27,阪神,日本ハム,2,5,加藤貴敗：大竹,大竹,0
2026-05-27,広島,ロッテ,4,5,坂本敗：髙,髙,0
2026-05-28,巨人,ソフトバンク,4,8,スチュワート・ジュニア敗：赤星,赤星,0
2026-05-28,ヤクルト,西武,0,8,武内敗：小川,小川,0
2026-05-28,DeNA,オリックス,3,1,東敗：吉田,吉田,0
2026-05-28,中日,楽天,2,1,金丸敗：鈴木翔,鈴木翔,0
2026-05-28,阪神,日本ハム,2,4,福島敗：木下,木下,0
2026-05-28,広島,ロッテ,3,6,廣池敗：鈴木,鈴木,0
2026-05-29,日本ハム,巨人,2,4,井上敗：達,達,0
2026-05-29,楽天,ヤクルト,2,7,山野敗：岸,岸,0
2026-05-29,西武,DeNA,13,4,髙橋光成敗：島田,島田,0
2026-05-29,ロッテ,阪神,0,1,髙橋敗：田中,田中,0
2026-05-29,オリックス,中日,1,5,柳敗：寺西,寺西,0
2026-05-29,ソフトバンク,広島,2,0,大関敗：玉村,玉村,0
2026-05-30,日本ハム,巨人,3,5,西舘敗：有原,有原,0
2026-05-30,楽天,ヤクルト,7,8,高梨敗：早川,早川,0
2026-05-30,西武,DeNA,6,0,隅田敗：武田,武田,0
2026-05-30,ロッテ,阪神,3,4,村上敗：唐川,唐川,0
2026-05-30,オリックス,中日,3,1,田嶋大敗：大野,大野,0
2026-05-30,ソフトバンク,広島,4,2,木村光敗：塹江,塹江,0
2026-05-31,日本ハム,巨人,3,0,北山敗：竹丸,竹丸,0
2026-05-31,楽天,ヤクルト,1,2,奥川敗：藤井,藤井,0
2026-05-31,西武,DeNA,0,6,尾形敗：ワイナンス,ワイナンス,0
2026-05-31,ロッテ,阪神,4,2,鈴木敗：モレッタ,モレッタ,0
2026-05-31,オリックス,中日,7,5,博志敗：牧野,牧野,0
2026-05-31,ソフトバンク,広島,3,1,徐敗：岡本,岡本,0
2026-06-02,巨人,オリックス,3,2,則本敗：九里,九里,0
2026-06-02,ヤクルト,ロッテ,0,5,ジャクソン敗：松本健,松本健,0
2026-06-02,DeNA,楽天,3,7,柴田敗：中川虎,中川虎,0
2026-06-02,中日,ソフトバンク,0,3,大津敗：マラー,マラー,0
2026-06-02,阪神,西武,,,,,1
2026-06-02,広島,日本ハム,,,,,1
2026-06-03,巨人,オリックス,5,4,堀田敗：椋木,椋木,0
2026-06-03,ヤクルト,ロッテ,1,0,高橋敗：高野脩,高野脩,0
2026-06-03,DeNA,楽天,0,2,西垣敗：山﨑,山﨑,0
2026-06-03,中日,ソフトバンク,5,8,木村光敗：勝野,勝野,0
2026-06-03,阪神,西武,2,3,渡邉敗：大竹,大竹,0
2026-06-03,広島,日本ハム,3,1,床田敗：伊藤,伊藤,0
2026-06-04,巨人,オリックス,2,1,中川敗：エスピノーザ,エスピノーザ,0
2026-06-04,ヤクルト,ロッテ,2,5,小島敗：小川,小川,0
2026-06-04,DeNA,楽天,8,7,伊勢敗：西垣,西垣,0
2026-06-04,中日,ソフトバンク,1,2,スチュワート・ジュニア敗：金丸,金丸,0
2026-06-04,阪神,西武,2,4,平良敗：西勇,西勇,0
2026-06-04,広島,日本ハム,2,5,山本敗：塹江,塹江,0
2026-06-05,巨人,ロッテ,8,2,井上敗：廣池,廣池,0
2026-06-05,ヤクルト,日本ハム,1,3,柳川敗：キハダ,キハダ,0
2026-06-05,DeNA,ソフトバンク,8,3,篠木敗：大関,大関,0
2026-06-05,中日,西武,1,0,松山敗：髙橋光成,髙橋光成,0
2026-06-05,阪神,楽天,8,1,髙橋敗：岸,岸,0
2026-06-05,広島,オリックス,2,2,,,0
2026-06-06,巨人,ロッテ,1,1,,,0
2026-06-06,ヤクルト,日本ハム,0,2,山﨑福也敗：高梨,高梨,0
2026-06-06,DeNA,ソフトバンク,3,6,前田悠敗：庄司,庄司,0
2026-06-06,中日,西武,2,5,隅田敗：大野,大野,0
2026-06-06,阪神,楽天,1,0,村上敗：早川,早川,0
2026-06-06,広島,オリックス,7,4,森下敗：田嶋大,田嶋大,0
2026-06-07,巨人,ロッテ,2,2,,,0
2026-06-07,ヤクルト,日本ハム,1,7,北山敗：奥川,奥川,0
2026-06-07,DeNA,ソフトバンク,2,4,伊藤敗：山﨑,山﨑,0
2026-06-07,中日,西武,1,4,上田敗：齋藤,齋藤,0
2026-06-07,阪神,楽天,,,,,1
2026-06-07,広島,オリックス,5,2,岡本敗：宮國,宮國,0
2026-06-08,阪神,楽天,,,,,1
2026-06-09,日本ハム,DeNA,4,1,伊藤敗：平良,平良,0
2026-06-09,楽天,巨人,2,8,則本敗：荘司,荘司,0
2026-06-09,西武,広島,4,3,岩城敗：中﨑,中﨑,0
2026-06-09,ロッテ,中日,3,1,ジャクソン敗：マラー,マラー,0
2026-06-09,オリックス,ヤクルト,4,3,権田敗：キハダ,キハダ,0
2026-06-09,ソフトバンク,阪神,10,4,大津敗：才木,才木,0
2026-06-10,日本ハム,DeNA,4,2,加藤貴敗：石田裕,石田裕,0
2026-06-10,楽天,巨人,0,7,戸郷敗：古謝,古謝,0
2026-06-10,西武,広島,5,4,佐藤隼敗：髙,髙,0
2026-06-10,ロッテ,中日,4,11,櫻井敗：毛利,毛利,0
2026-06-10,オリックス,ヤクルト,8,4,曽谷敗：高橋,高橋,0
2026-06-10,ソフトバンク,阪神,6,2,松本晴敗：大竹,大竹,0
2026-06-11,日本ハム,DeNA,3,0,孫敗：東,東,0
2026-06-11,楽天,巨人,8,2,瀧中敗：田中将,田中将,0
2026-06-11,西武,広島,4,1,平良敗：ターノック,ターノック,0
2026-06-11,ロッテ,中日,3,2,澤田敗：伊藤,伊藤,0
2026-06-11,オリックス,ヤクルト,4,2,エスピノーザ敗：下川,下川,0
2026-06-11,ソフトバンク,阪神,3,2,木村光敗：畠,畠,0
2026-06-12,日本ハム,中日,3,1,細野敗：柳,柳,0
2026-06-12,楽天,広島,2,1,岸敗：玉村,玉村,0
2026-06-12,西武,巨人,3,0,髙橋光成敗：竹丸,竹丸,0
2026-06-12,ロッテ,DeNA,3,2,鈴木敗：宮城,宮城,0
2026-06-12,オリックス,阪神,2,1,入山敗：村上,村上,0
2026-06-12,ソフトバンク,ヤクルト,2,4,吉村敗：前田純,前田純,0
2026-06-13,日本ハム,中日,4,3,堀敗：草加,草加,0
2026-06-13,楽天,広島,0,2,森下敗：早川,早川,0
2026-06-13,西武,巨人,1,2,ウィットリー敗：隅田,隅田,0
2026-06-13,ロッテ,DeNA,6,16,篠木敗：田中,田中,0
2026-06-13,オリックス,阪神,3,6,髙橋敗：ジェリー,ジェリー,0
2026-06-13,ソフトバンク,ヤクルト,8,1,前田悠敗：山野,山野,0
2026-06-14,日本ハム,中日,5,9,藤嶋敗：福谷,福谷,0
2026-06-14,楽天,広島,0,3,岡本敗：藤井,藤井,0
2026-06-14,西武,巨人,1,0,ワイナンス敗：井上,井上,0
2026-06-14,ロッテ,DeNA,6,4,小野敗：尾形,尾形,0
2026-06-14,オリックス,阪神,3,2,吉田敗：ドリス,ドリス,0
2026-06-14,ソフトバンク,ヤクルト,0,4,奥川敗：アルメンタ,アルメンタ,0
2026-06-16,阪神,西武,0,1,武内敗：才木,才木,0
2026-06-16,広島,日本ハム,0,2,北山敗：斉藤優,斉藤優,0
2026-06-17,阪神,楽天,10,3,大竹敗：前田健,前田健,0
2026-06-19,巨人,中日,2,3,金丸敗：竹丸,竹丸,0
2026-06-19,ヤクルト,広島,9,2,吉村敗：ターノック,ターノック,0
2026-06-19,DeNA,阪神,3,11,村上敗：石田裕,石田裕,0
2026-06-19,日本ハム,ソフトバンク,4,3,伊藤敗：大津,大津,0
2026-06-19,ロッテ,楽天,8,5,八木敗：鈴木翔,鈴木翔,0
2026-06-19,オリックス,西武,6,5,マチャド敗：浜屋,浜屋,0
2026-06-20,巨人,中日,1,0,ウィットリー敗：大野,大野,0
2026-06-20,ヤクルト,広島,6,8,辻敗：廣澤,廣澤,0
2026-06-20,DeNA,阪神,,,,,1
2026-06-20,日本ハム,ソフトバンク,7,10,津森敗：孫,孫,0
2026-06-20,ロッテ,楽天,,,,,1
2026-06-20,オリックス,西武,0,4,隅田敗：ペルドモ,ペルドモ,0
2026-06-21,巨人,中日,3,5,アブレウ敗：大勢,大勢,0
2026-06-21,ヤクルト,広島,1,2,岡本敗：高橋,高橋,0
2026-06-21,DeNA,阪神,1,2,髙橋敗：尾形,尾形,0
2026-06-21,日本ハム,ソフトバンク,0,8,前田悠敗：柴田,柴田,0
2026-06-21,ロッテ,楽天,7,4,八木敗：加治屋,加治屋,0
2026-06-21,オリックス,西武,3,5,渡邉敗：九里,九里,0
2026-06-22,楽天,西武,8,7,中込敗：上田,上田,0
2026-06-23,中日,DeNA,5,2,マラー敗：入江,入江,0
2026-06-23,阪神,ヤクルト,3,4,リランソ敗：岩崎,岩崎,0
2026-06-23,広島,巨人,3,7,戸郷敗：玉村,玉村,0
2026-06-23,日本ハム,ロッテ,4,0,北山敗：廣池,廣池,0
2026-06-23,楽天,西武,8,4,瀧中敗：ワイナンス,ワイナンス,0
2026-06-23,ソフトバンク,オリックス,0,5,ジェリー敗：上沢,上沢,0
2026-06-24,中日,DeNA,4,6,東敗：櫻井,櫻井,0
2026-06-24,阪神,ヤクルト,,,,,1
2026-06-24,広島,巨人,,,,,1
2026-06-24,日本ハム,ロッテ,7,4,加藤貴敗：河村,河村,0
2026-06-24,ソフトバンク,オリックス,8,5,上茶谷敗：田嶋大,田嶋大,0
2026-06-25,中日,DeNA,3,1,齋藤敗：平良,平良,0
2026-06-25,阪神,ヤクルト,,,,,1
2026-06-25,楽天,西武,2,0,前田健敗：武内,武内,0
2026-06-25,ソフトバンク,オリックス,5,2,鈴木豪敗：山﨑,山﨑,0
2026-06-26,ヤクルト,中日,,,,,1
2026-06-26,DeNA,巨人,,,,,1
2026-06-26,広島,阪神,,,,,1
2026-06-26,西武,日本ハム,4,3,甲斐野敗：上原,上原,0
2026-06-26,ロッテ,ソフトバンク,,,,,1
2026-06-27,ヤクルト,中日,,,,,1
2026-06-27,DeNA,巨人,,,,,1
2026-06-27,広島,阪神,3,2,ハーン敗：村上,村上,0
2026-06-27,西武,日本ハム,2,4,島本敗：隅田,隅田,0
2026-06-27,ロッテ,ソフトバンク,,,,,1
2026-06-27,オリックス,楽天,1,5,岸敗：エスピノーザ,エスピノーザ,0
2026-06-28,ヤクルト,中日,4,3,キハダ敗：藤嶋,藤嶋,0
2026-06-28,DeNA,巨人,1,2,井上敗：石田裕,石田裕,0
2026-06-28,広島,阪神,3,12,髙橋敗：岡本,岡本,0
2026-06-28,西武,日本ハム,1,5,福島敗：渡邉,渡邉,0
2026-06-28,ロッテ,ソフトバンク,3,3,,,0
2026-06-28,オリックス,楽天,5,2,九里敗：中込,中込,0
2026-06-30,巨人,ヤクルト,3,4,星敗：マルティネス,マルティネス,0
2026-06-30,DeNA,広島,4,7,森浦敗：山﨑,山﨑,0
2026-06-30,阪神,中日,3,2,岩崎敗：松山,松山,0
2026-06-30,日本ハム,オリックス,9,2,北山敗：ジェリー,ジェリー,0
2026-06-30,楽天,ロッテ,2,5,ジャクソン敗：荘司,荘司,0
2026-06-30,ソフトバンク,西武,6,0,上沢敗：平良,平良,0
2026-07-01,巨人,ヤクルト,2,1,船迫敗：奥川,奥川,0
2026-07-01,阪神,中日,,,,,1
2026-07-01,日本ハム,オリックス,6,0,加藤貴敗：田嶋大,田嶋大,0
2026-07-01,楽天,ロッテ,0,5,河村敗：瀧中,瀧中,0
2026-07-01,ソフトバンク,西武,11,0,前田悠敗：ワイナンス,ワイナンス,0
2026-07-02,DeNA,広島,3,3,,,0
2026-07-02,阪神,中日,2,3,藤嶋敗：及川,及川,0
2026-07-02,日本ハム,オリックス,9,1,有原敗：佐藤一,佐藤一,0
2026-07-02,ソフトバンク,西武,3,1,大津敗：武内,武内,0
2026-07-03,ヤクルト,DeNA,2,7,伊勢敗：星,星,0
2026-07-03,中日,巨人,1,0,大野敗：ウィットリー,ウィットリー,0
2026-07-03,阪神,広島,1,5,森敗：大竹,大竹,0
2026-07-03,楽天,日本ハム,8,0,早川敗：伊藤,伊藤,0
2026-07-03,オリックス,西武,4,4,,,0
2026-07-03,ソフトバンク,ロッテ,3,2,スチュワート・ジュニア敗：廣池,廣池,0
2026-07-04,ヤクルト,DeNA,1,12,篠木敗：松本健,松本健,0
2026-07-04,中日,巨人,2,1,橋本敗：田中瑛,田中瑛,0
2026-07-04,阪神,広島,,,,,1
2026-07-04,楽天,日本ハム,4,1,前田健敗：細野,細野,0
2026-07-04,オリックス,西武,,,,,1
2026-07-04,ソフトバンク,ロッテ,1,8,ロング敗：北斗,北斗,0
2026-07-05,ヤクルト,DeNA,4,6,深沢敗：吉村,吉村,0
2026-07-05,中日,巨人,0,1,井上敗：金丸,金丸,0
2026-07-05,阪神,広島,6,4,村上敗：床田,床田,0
2026-07-05,楽天,日本ハム,3,6,上原敗：コントレラス,コントレラス,0
2026-07-05,オリックス,西武,3,1,エスピノーザ敗：隅田,隅田,0
2026-07-05,ソフトバンク,ロッテ,7,2,松本晴敗：小島,小島,0
2026-07-07,巨人,阪神,4,3,赤星敗：髙橋,髙橋,0
2026-07-07,DeNA,中日,4,0,石田裕敗：マラー,マラー,0
2026-07-07,広島,ヤクルト,4,3,辻敗：キハダ,キハダ,0
2026-07-07,西武,楽天,6,1,平良敗：荘司,荘司,0
2026-07-07,ロッテ,日本ハム,10,2,ジャクソン敗：北山,北山,0
2026-07-07,オリックス,ソフトバンク,3,6,上沢敗：ジェリー,ジェリー,0
2026-07-08,巨人,阪神,1,4,才木敗：西舘,西舘,0
2026-07-08,DeNA,中日,4,3,東敗：松葉,松葉,0
2026-07-08,広島,ヤクルト,4,3,森浦敗：星,星,0
2026-07-08,西武,楽天,2,5,泰敗：篠原,篠原,0
2026-07-08,ロッテ,日本ハム,2,7,加藤貴敗：小野,小野,0
2026-07-08,オリックス,ソフトバンク,3,2,椋木敗：杉山,杉山,0
2026-07-09,巨人,阪神,2,10,伊原敗：則本,則本,0
2026-07-09,DeNA,中日,3,4,齋藤敗：中川虎,中川虎,0
2026-07-09,広島,ヤクルト,0,1,ウォルターズ敗：栗林,栗林,0
2026-07-10,DeNA,巨人,11,6,マルセリーノ敗：田中瑛,田中瑛,0
2026-07-10,中日,広島,10,1,大野敗：森下,森下,0
2026-07-10,阪神,ヤクルト,1,2,高橋敗：下村,下村,0
2026-07-10,日本ハム,西武,1,2,武内敗：島本,島本,0
2026-07-10,ロッテ,オリックス,8,6,八木敗：岩嵜,岩嵜,0
2026-07-10,ソフトバンク,楽天,3,5,田中千敗：松本裕,松本裕,0
2026-07-11,DeNA,巨人,4,5,竹丸敗：中川虎,中川虎,0
2026-07-11,中日,広島,8,1,涌井敗：森,森,0
2026-07-11,阪神,ヤクルト,2,1,ドリス敗：リランソ,リランソ,0
2026-07-11,日本ハム,西武,8,2,山﨑福也敗：髙橋光成,髙橋光成,0
2026-07-11,ロッテ,オリックス,3,8,髙島敗：ロング,ロング,0
2026-07-11,ソフトバンク,楽天,9,2,大関敗：ウレーニャ,ウレーニャ,0
2026-07-12,DeNA,巨人,3,4,井上敗：篠木,篠木,0
2026-07-12,中日,広島,1,5,床田敗：金丸,金丸,0
2026-07-12,阪神,ヤクルト,3,0,工藤敗：吉村,吉村,0
2026-07-12,日本ハム,西武,1,12,隅田敗：福島,福島,0
2026-07-12,ロッテ,オリックス,2,7,エスピノーザ敗：小島,小島,0
2026-07-12,ソフトバンク,楽天,3,0,松本晴敗：古謝,古謝,0
2026-07-14,ヤクルト,巨人,5,4,山野敗：中川,中川,0
2026-07-14,中日,阪神,2,5,髙橋敗：マラー,マラー,0
2026-07-14,広島,DeNA,4,5,岩田敗：岡本,岡本,0
2026-07-14,日本ハム,ソフトバンク,2,4,松本裕敗：島本,島本,0
2026-07-14,楽天,オリックス,3,1,瀧中敗：九里,九里,0
2026-07-14,西武,ロッテ,2,1,平良敗：ジャクソン,ジャクソン,0
2026-07-15,ヤクルト,巨人,2,8,西舘敗：奥川,奥川,0
2026-07-15,中日,阪神,6,5,中西敗：今朝丸,今朝丸,0
2026-07-15,広島,DeNA,6,4,遠藤敗：東,東,0
2026-07-15,日本ハム,ソフトバンク,7,6,加藤貴敗：スチュワート・ジュニア,スチュワート・ジュニア,0
2026-07-15,楽天,オリックス,3,2,泰敗：椋木,椋木,0
2026-07-15,西武,ロッテ,7,3,E.ラミレス敗：カスティーヨ,カスティーヨ,0
2026-07-16,ヤクルト,巨人,1,3,赤星敗：丸山翔,丸山翔,0
2026-07-16,中日,阪神,1,3,木下敗：柳,柳,0
2026-07-16,日本ハム,ソフトバンク,2,6,上茶谷敗：伊藤,伊藤,0
2026-07-16,楽天,オリックス,12,8,柴田敗：岩嵜,岩嵜,0
2026-07-16,西武,ロッテ,3,4,中森敗：渡邉,渡邉,0
2026-07-17,巨人,中日,4,1,マルティネス敗：齋藤,齋藤,0
2026-07-17,DeNA,ヤクルト,12,4,尾形敗：高橋,高橋,0
2026-07-17,広島,阪神,2,4,才木敗：アドゥワ,アドゥワ,0
2026-07-18,巨人,中日,1,5,涌井敗：竹丸,竹丸,0
2026-07-18,DeNA,ヤクルト,8,0,深沢敗：松本健,松本健,0
2026-07-18,広島,阪神,2,1,栗林敗：伊藤将,伊藤将,0
2026-07-18,楽天,西武,3,2,荘司敗：武内,武内,0
2026-07-18,ロッテ,ソフトバンク,4,5,大津敗：廣池,廣池,0
2026-07-18,オリックス,日本ハム,0,7,細野敗：ジェリー,ジェリー,0
2026-07-19,巨人,中日,6,1,小笠原敗：金丸,金丸,0
2026-07-19,DeNA,ヤクルト,5,1,片山敗：吉村,吉村,0
2026-07-19,広島,阪神,2,4,工藤敗：ハーン,ハーン,0
2026-07-19,楽天,西武,3,6,髙橋光成敗：ウレーニャ,ウレーニャ,0
2026-07-19,ロッテ,ソフトバンク,0,3,前田悠敗：ロング,ロング,0
2026-07-19,オリックス,日本ハム,1,5,山﨑福也敗：髙島,髙島,0
2026-07-20,巨人,広島,3,1,井上敗：床田,床田,0
2026-07-20,ヤクルト,中日,2,4,髙橋宏敗：ウォルターズ,ウォルターズ,0
2026-07-20,阪神,DeNA,0,7,平良敗：大竹,大竹,0
2026-07-20,楽天,西武,4,5,中村祐敗：岸,岸,0
2026-07-20,ロッテ,ソフトバンク,4,5,オスナ敗：横山,横山,0
2026-07-20,オリックス,日本ハム,3,0,九里敗：有原,有原,0
2026-07-21,巨人,広島,11,5,山﨑敗：岡本,岡本,0
2026-07-21,ヤクルト,中日,4,11,橋本敗：リランソ,リランソ,0
2026-07-21,阪神,DeNA,2,1,木下敗：宮城,宮城,0
2026-07-21,ソフトバンク,オリックス,1,2,エスピノーザ敗：上沢,上沢,0
2026-07-22,巨人,広島,1,6,斉藤優敗：西舘,西舘,0
2026-07-22,ヤクルト,中日,8,5,奥川敗：中西,中西,0
2026-07-22,阪神,DeNA,5,4,岩崎敗：マルセリーノ,マルセリーノ,0
2026-07-22,西武,日本ハム,4,3,豆田敗：田中,田中,0
2026-07-22,ロッテ,楽天,10,2,小島敗：早川,早川,0
2026-07-22,ソフトバンク,オリックス,22,2,スチュワート・ジュニア敗：片山,片山,0
2026-07-23,西武,日本ハム,2,11,北山敗：隅田,隅田,0
2026-07-23,ロッテ,楽天,3,4,九谷敗：鈴木,鈴木,0
2026-07-23,ソフトバンク,オリックス,6,5,杉山敗：椋木,椋木,0
2026-07-24,ヤクルト,広島,5,3,廣澤敗：菊地,菊地,0
2026-07-24,中日,DeNA,3,2,吉田敗：伊勢,伊勢,0
2026-07-24,阪神,巨人,2,4,マルティネス敗：岩崎,岩崎,0
2026-07-24,西武,ソフトバンク,3,7,上茶谷敗：渡邉,渡邉,0
2026-07-24,オリックス,ロッテ,3,2,片山敗：河村,河村,0
2026-07-25,ヤクルト,広島,2,1,リランソ敗：遠藤,遠藤,0
2026-07-25,中日,DeNA,0,5,ビド敗：涌井,涌井,0
2026-07-25,阪神,巨人,1,5,竹丸敗：伊原,伊原,0
2026-07-25,日本ハム,楽天,4,3,柳川敗：泰,泰,0
2026-07-25,西武,ソフトバンク,8,6,武内敗：ヘルナンデス,ヘルナンデス,0
2026-07-25,オリックス,ロッテ,5,3,山﨑敗：中森,中森,0
2026-07-26,ヤクルト,広島,3,4,髙敗：キハダ,キハダ,0
2026-07-26,中日,DeNA,5,1,橋本敗：宮城,宮城,0
2026-07-26,阪神,巨人,1,0,村上敗：小笠原,小笠原,0
2026-07-26,日本ハム,楽天,6,2,山﨑福也敗：瀧中,瀧中,0
2026-07-26,西武,ソフトバンク,0,3,前田悠敗：髙橋光成,髙橋光成,0
2026-07-26,オリックス,ロッテ,2,3,ジャクソン敗：九里,九里,0
2026-07-28,セ・リーグ,パ・リーグ,5,7,平良敗：大野,大野,0
2026-07-29,パ・リーグ,セ・リーグ,7,8,清水敗：椋木,椋木,0
2026-07-31,巨人,DeNA,6,0,ハワード敗：平良,平良,0
2026-07-31,ヤクルト,阪神,3,4,門別敗：丸山翔,丸山翔,0
2026-07-31,広島,中日,3,1,髙敗：橋本,橋本,0
2026-07-31,日本ハム,ロッテ,6,1,達敗：河村,河村,0
2026-07-31,楽天,ソフトバンク,,,,,1
2026-07-31,西武,オリックス,4,5,吉田敗：中村祐,中村祐,0
2026-08-01,巨人,DeNA,7,8,篠木敗：竹丸,竹丸,0
2026-08-01,ヤクルト,阪神,3,7,伊藤将敗：高橋,高橋,0
2026-08-01,広島,中日,1,7,マラー敗：斉藤優,斉藤優,0
2026-08-01,日本ハム,ロッテ,3,5,中森敗：福島,福島,0
2026-08-01,楽天,ソフトバンク,0,5,上茶谷敗：早川,早川,0
2026-08-01,西武,オリックス,4,1,佐藤隼敗：山﨑,山﨑,0
2026-08-02,巨人,DeNA,1,2,深沢敗：小笠原,小笠原,0
2026-08-02,ヤクルト,阪神,3,4,及川敗：キハダ,キハダ,0
2026-08-02,広島,中日,4,3,遠藤敗：吉田,吉田,0
2026-08-02,日本ハム,ロッテ,3,0,有原敗：ジャクソン,ジャクソン,0
2026-08-02,楽天,ソフトバンク,6,10,前田悠敗：古謝,古謝,0
2026-08-02,西武,オリックス,5,1,武内敗：髙島,髙島,0
2026-08-03,オリックス,楽天,9,6,マチャド敗：藤平,藤平,0
2026-08-04,DeNA,阪神,1,0,尾形敗：村上,村上,0
2026-08-04,中日,ヤクルト,4,3,伊藤敗：キハダ,キハダ,0
2026-08-04,広島,巨人,4,3,遠藤敗：マルティネス,マルティネス,0
2026-08-04,ロッテ,西武,5,3,小島敗：平良,平良,0
2026-08-04,ソフトバンク,日本ハム,1,0,上沢敗：伊藤,伊藤,0
2026-08-05,DeNA,阪神,11,7,東敗：髙橋,髙橋,0
2026-08-05,中日,ヤクルト,4,1,涌井敗：山野,山野,0
2026-08-05,広島,巨人,0,4,井上敗：森,森,0
2026-08-05,ロッテ,西武,8,0,毛利敗：佐藤爽,佐藤爽,0
2026-08-05,オリックス,楽天,3,1,エスピノーザ敗：瀧中,瀧中,0
2026-08-05,ソフトバンク,日本ハム,7,5,松本裕敗：島本,島本,0
2026-08-06,DeNA,阪神,5,10,大竹敗：ビド,ビド,0
2026-08-06,中日,ヤクルト,5,0,橋本敗：清水,清水,0
2026-08-06,広島,巨人,7,11,船迫敗：辻,辻,0
2026-08-06,オリックス,楽天,1,3,岸敗：田嶋大,田嶋大,0
2026-08-06,ソフトバンク,日本ハム,2,6,堀敗：オスナ,オスナ,0
2026-08-07,巨人,ヤクルト,0,1,奥川敗：ハワード,ハワード,0
2026-08-07,DeNA,広島,2,1,平良敗：森下,森下,0
2026-08-07,阪神,中日,2,3,藤嶋敗：ドリス,ドリス,0
2026-08-07,日本ハム,楽天,3,2,柳川敗：中込,中込,0
2026-08-07,西武,ソフトバンク,2,5,松本晴敗：森脇,森脇,0
2026-08-07,ロッテ,オリックス,2,6,寺西敗：廣池,廣池,0
2026-08-08,巨人,ヤクルト,8,2,竹丸敗：高橋,高橋,0
2026-08-08,DeNA,広島,4,3,馬場敗：アドゥワ,アドゥワ,0
2026-08-08,阪神,中日,1,7,マラー敗：伊原,伊原,0
2026-08-08,日本ハム,楽天,0,6,早川敗：加藤貴,加藤貴,0
2026-08-08,西武,ソフトバンク,2,1,篠原敗：松本裕,松本裕,0
2026-08-08,ロッテ,オリックス,4,1,ジャクソン敗：曽谷,曽谷,0
2026-08-09,巨人,ヤクルト,7,3,小笠原敗：松本健,松本健,0
2026-08-09,DeNA,広島,3,0,片山敗：鈴木,鈴木,0
2026-08-09,阪神,中日,1,0,木下敗：柳,柳,0
2026-08-09,日本ハム,楽天,1,0,有原敗：古謝,古謝,0
2026-08-09,西武,ソフトバンク,0,5,前田悠敗：武内,武内,0
2026-08-09,ロッテ,オリックス,7,2,八木敗：ジェリー,ジェリー,0
2026-08-11,巨人,阪神,1,9,村上敗：山﨑,山﨑,0
2026-08-11,ヤクルト,広島,,,,,1
2026-08-11,中日,DeNA,5,2,大野敗：尾形,尾形,0
2026-08-11,日本ハム,西武,0,1,平良敗：伊藤,伊藤,0
2026-08-11,楽天,オリックス,1,9,九里敗：荘司,荘司,0
2026-08-11,ソフトバンク,ロッテ,16,2,モイネロ敗：河村,河村,0
2026-08-12,巨人,阪神,1,5,髙橋敗：井上,井上,0
2026-08-12,ヤクルト,広島,12,0,山野敗：栗林,栗林,0
2026-08-12,中日,DeNA,3,6,東敗：涌井,涌井,0
2026-08-12,日本ハム,西武,2,5,渡邉敗：田中,田中,0
2026-08-12,楽天,オリックス,7,2,前田健敗：エスピノーザ,エスピノーザ,0
2026-08-12,ソフトバンク,ロッテ,10,4,上沢敗：ロング,ロング,0
2026-08-13,巨人,阪神,2,3,下村敗：西舘,西舘,0
2026-08-13,ヤクルト,広島,,,,,1
2026-08-13,中日,DeNA,1,5,深沢敗：金丸,金丸,0
2026-08-13,日本ハム,西武,8,2,山﨑福也敗：ワイナンス,ワイナンス,0
2026-08-13,楽天,オリックス,2,8,片山敗：瀧中,瀧中,0
2026-08-13,ソフトバンク,ロッテ,3,4,田中敗：スチュワート・ジュニア,スチュワート・ジュニア,0
2026-08-14,ヤクルト,DeNA,7,2,奥川敗：平良,平良,0
2026-08-14,中日,巨人,0,1,ハワード敗：髙橋宏,髙橋宏,0
2026-08-14,広島,阪神,6,1,森下敗：才木,才木,0
2026-08-14,西武,ロッテ,7,0,岩城敗：小島,小島,0
2026-08-14,オリックス,日本ハム,6,2,山﨑敗：堀,堀,0
2026-08-14,ソフトバンク,楽天,2,5,藤井敗：大津,大津,0
2026-08-15,ヤクルト,DeNA,4,3,清水敗：中川虎,中川虎,0
2026-08-15,中日,巨人,11,2,マラー敗：竹丸,竹丸,0
2026-08-15,広島,阪神,5,2,斉藤優敗：大竹,大竹,0
2026-08-15,西武,ロッテ,1,5,中森敗：ウィンゲンター,ウィンゲンター,0
2026-08-15,オリックス,日本ハム,4,12,加藤貴敗：寺西,寺西,0
2026-08-15,ソフトバンク,楽天,4,6,早川敗：上茶谷,上茶谷,0
2026-08-16,ヤクルト,DeNA,2,1,松本健敗：片山,片山,0
2026-08-16,中日,巨人,0,11,小笠原敗：柳,柳,0
2026-08-16,広島,阪神,1,8,伊原敗：森,森,0
2026-08-16,西武,ロッテ,7,1,武内敗：毛利,毛利,0
2026-08-16,オリックス,日本ハム,7,13,有原敗：曽谷,曽谷,0
2026-08-16,ソフトバンク,楽天,6,1,松本晴敗：古謝,古謝,0
2026-08-18,DeNA,巨人,4,3,レイノルズ敗：田中瑛,田中瑛,0
2026-08-18,阪神,ヤクルト,3,2,桐敷敗：清水,清水,0
2026-08-18,広島,中日,11,4,岡本敗：橋本,橋本,0
2026-08-18,日本ハム,ソフトバンク,1,7,モイネロ敗：伊藤,伊藤,0
2026-08-18,楽天,ロッテ,6,2,荘司敗：吉川,吉川,0
2026-08-18,西武,オリックス,7,4,平良敗：九里,九里,0
2026-08-19,DeNA,巨人,1,0,東敗：井上,井上,0
2026-08-19,阪神,ヤクルト,2,1,工藤敗：星,星,0
2026-08-19,広島,中日,4,1,鈴木敗：櫻井,櫻井,0
2026-08-19,日本ハム,ソフトバンク,8,7,福島敗：ヘルナンデス,ヘルナンデス,0
2026-08-19,楽天,ロッテ,5,2,岸敗：ロング,ロング,0
2026-08-19,西武,オリックス,3,2,黒木敗：マチャド,マチャド,0
2026-08-20,DeNA,巨人,3,6,マタ敗：藤浪,藤浪,0
2026-08-20,阪神,ヤクルト,1,4,高橋敗：下村,下村,0
2026-08-20,広島,中日,2,1,森浦敗：アブレウ,アブレウ,0
2026-08-20,日本ハム,ソフトバンク,5,5,,,0
2026-08-20,楽天,ロッテ,3,4,小島敗：前田健,前田健,0
2026-08-20,西武,オリックス,1,3,エスピノーザ敗：杉山,杉山,0
2026-08-21,巨人,広島,2,0,ハワード敗：森下,森下,0
2026-08-21,DeNA,阪神,1,4,ルーカス敗：平良,平良,0
2026-08-21,中日,ヤクルト,3,0,髙橋宏敗：奥川,奥川,0
2026-08-21,楽天,西武,4,6,森脇敗：泰,泰,0
2026-08-21,ロッテ,日本ハム,4,3,鈴木敗：清宮虎,清宮虎,0
2026-08-22,巨人,広島,5,0,代木敗：玉村,玉村,0
2026-08-22,DeNA,阪神,,,,,1
2026-08-22,中日,ヤクルト,5,4,齋藤敗：リランソ,リランソ,0
2026-08-22,楽天,西武,0,2,隅田敗：九谷,九谷,0
2026-08-22,ロッテ,日本ハム,,,,,1
2026-08-22,ソフトバンク,オリックス,7,1,大津敗：髙島,髙島,0
2026-08-23,巨人,広島,2,3,遠藤敗：堀田,堀田,0
2026-08-23,DeNA,阪神,3,5,岩崎敗：レイノルズ,レイノルズ,0
2026-08-23,中日,ヤクルト,3,2,柳敗：松本健,松本健,0
2026-08-23,楽天,西武,1,3,佐藤隼敗：西垣,西垣,0
2026-08-23,ロッテ,日本ハム,3,2,ジャクソン敗：有原,有原,0
2026-08-23,ソフトバンク,オリックス,0,3,曽谷敗：松本晴,松本晴,0
2026-08-25,ヤクルト,巨人,6,8,赤星敗：吉村,吉村,0
2026-08-25,中日,阪神,4,2,大野敗：西勇,西勇,0
2026-08-25,広島,DeNA,8,7,床田敗：馬場,馬場,0
2026-08-25,西武,日本ハム,3,1,平良敗：伊藤,伊藤,0
2026-08-25,ロッテ,ソフトバンク,0,9,モイネロ敗：吉川,吉川,0
2026-08-25,オリックス,楽天,1,5,伊藤樹敗：九里,九里,0
2026-08-26,ヤクルト,巨人,3,5,田中瑛敗：ウォルターズ,ウォルターズ,0
2026-08-26,中日,阪神,4,0,涌井敗：伊藤将,伊藤将,0
2026-08-26,広島,DeNA,3,2,髙敗：ルイーズ,ルイーズ,0
2026-08-26,西武,日本ハム,1,9,達敗：渡邉,渡邉,0
2026-08-26,ロッテ,ソフトバンク,6,5,横山敗：鈴木豪,鈴木豪,0
2026-08-26,オリックス,楽天,7,5,山﨑敗：泰,泰,0
2026-08-27,ヤクルト,巨人,2,9,マタ敗：石川,石川,0
2026-08-27,中日,阪神,3,4,木下敗：橋本,橋本,0
2026-08-27,広島,DeNA,1,6,片山敗：栗林,栗林,0
2026-08-27,ロッテ,ソフトバンク,2,4,上茶谷敗：毛利,毛利,0
2026-08-27,オリックス,楽天,4,12,前田健敗：ジェリー,ジェリー,0
2026-08-28,DeNA,中日,4,2,馬場敗：吉田,吉田,0
2026-08-28,阪神,巨人,4,1,村上敗：ハワード,ハワード,0
2026-08-28,広島,ヤクルト,1,3,奥川敗：森下,森下,0
2026-08-28,日本ハム,ロッテ,6,4,北山敗：小島,小島,0
2026-08-28,西武,楽天,8,4,髙橋光成敗：瀧中,瀧中,0
2026-08-28,オリックス,ソフトバンク,0,2,前田悠敗：エスピノーザ,エスピノーザ,0
2026-08-29,DeNA,中日,1,0,平良敗：マラー,マラー,0
2026-08-29,阪神,巨人,4,1,大竹敗：田中将,田中将,0
2026-08-29,広島,ヤクルト,1,9,高橋敗：玉村,玉村,0
2026-08-29,日本ハム,ロッテ,9,7,孫敗：小野,小野,0
2026-08-29,西武,楽天,1,0,隅田敗：早川,早川,0
2026-08-29,オリックス,ソフトバンク,4,3,髙島敗：大津,大津,0
2026-08-30,DeNA,中日,4,3,中川虎敗：松山,松山,0
2026-08-30,阪神,巨人,3,1,才木敗：小笠原,小笠原,0
2026-08-30,広島,ヤクルト,5,1,森敗：小川,小川,0
2026-08-30,日本ハム,ロッテ,5,4,福島敗：鈴木,鈴木,0
2026-08-30,西武,楽天,4,1,武内敗：岸,岸,0
2026-08-30,オリックス,ソフトバンク,3,6,松本晴敗：曽谷,曽谷,0
2026-09-01,巨人,DeNA,4,3,マルティネス敗：ルイーズ,ルイーズ,0
2026-09-01,ヤクルト,阪神,2,6,髙橋敗：吉村,吉村,0
2026-09-01,中日,広島,1,5,床田敗：大野,大野,0
2026-09-01,日本ハム,ソフトバンク,2,1,堀敗：モイネロ,モイネロ,0
2026-09-01,楽天,オリックス,5,1,伊藤樹敗：九里,九里,0
2026-09-01,ロッテ,西武,1,0,高野脩敗：平良,平良,0
2026-09-02,巨人,DeNA,1,2,レイノルズ敗：赤星,赤星,0
2026-09-02,ヤクルト,阪神,5,3,山野敗：西勇,西勇,0
2026-09-02,中日,広島,5,4,齋藤敗：ターノック,ターノック,0
2026-09-02,日本ハム,ソフトバンク,1,1,,,0
2026-09-02,楽天,オリックス,4,0,荘司敗：富山,富山,0
2026-09-03,ヤクルト,阪神,4,7,伊藤将敗：増居,増居,0
2026-09-03,中日,広島,2,5,栗林敗：金丸,金丸,0
2026-09-04,ヤクルト,中日,1,1,,,0
2026-09-04,広島,巨人,1,3,竹丸敗：森下,森下,0
2026-09-04,楽天,日本ハム,2,5,北山敗：古謝,古謝,0
2026-09-04,オリックス,ロッテ,3,1,髙島敗：ジャクソン,ジャクソン,0
2026-09-04,ソフトバンク,西武,8,2,鈴木豪敗：髙橋光成,髙橋光成,0
2026-09-05,ヤクルト,中日,4,8,マラー敗：廣澤,廣澤,0
2026-09-05,阪神,DeNA,2,3,尾形敗：村上,村上,0
2026-09-05,広島,巨人,5,10,則本敗：岡本,岡本,0
2026-09-05,楽天,日本ハム,2,5,伊藤敗：早川,早川,0
2026-09-05,オリックス,ロッテ,7,6,マチャド敗：小野,小野,0
2026-09-05,ソフトバンク,西武,2,0,大津敗：隅田,隅田,0
2026-09-06,ヤクルト,中日,,,,,1
2026-09-06,阪神,DeNA,1,4,竹田敗：大竹,大竹,0
2026-09-06,広島,巨人,0,4,小笠原敗：森,森,0
2026-09-06,楽天,日本ハム,3,6,有原敗：瀧中,瀧中,0
2026-09-06,オリックス,ロッテ,0,3,ルケーシー敗：曽谷,曽谷,0
2026-09-06,ソフトバンク,西武,2,5,武内敗：上茶谷,上茶谷,0
2026-09-08,巨人,中日,0,3,柳敗：戸郷,戸郷,0
2026-09-08,DeNA,ヤクルト,1,3,ウォルターズ敗：伊勢,伊勢,0
2026-09-08,阪神,広島,,,,,1
2026-09-08,ロッテ,楽天,3,2,横山敗：西口,西口,0
2026-09-08,オリックス,西武,0,2,平良敗：ジェリー,ジェリー,0
2026-09-08,ソフトバンク,日本ハム,14,1,モイネロ敗：山﨑福也,山﨑福也,0
2026-09-09,巨人,中日,5,1,船迫敗：大野,大野,0
2026-09-09,DeNA,ヤクルト,9,2,吉野敗：山野,山野,0
2026-09-09,阪神,広島,1,3,床田敗：髙橋,髙橋,0
2026-09-09,ロッテ,楽天,10,4,中森敗：マルテ,マルテ,0
2026-09-09,オリックス,西武,0,8,豆田敗：九里,九里,0
2026-09-09,ソフトバンク,日本ハム,5,4,上沢敗：達,達,0
2026-09-10,巨人,中日,5,3,田中瑛敗：吉田,吉田,0
2026-09-10,DeNA,ヤクルト,8,1,深沢敗：吉村,吉村,0
2026-09-10,阪神,広島,,,,,1
2026-09-10,ロッテ,楽天,6,1,高野脩敗：岸,岸,0
2026-09-10,オリックス,西武,4,8,佐藤爽敗：髙島,髙島,0
2026-09-10,ソフトバンク,日本ハム,3,2,松本晴敗：加藤貴,加藤貴,0
2026-09-11,広島,DeNA,1,6,中川虎敗：ターノック,ターノック,0
2026-09-11,オリックス,西武,5,4,博志敗：黒木,黒木,0
2026-09-11,ソフトバンク,ロッテ,11,1,前田悠敗：石川柊,石川柊,0
2026-09-12,巨人,阪神,1,0,竹丸敗：村上,村上,0
2026-09-12,中日,ヤクルト,5,6,高梨敗：涌井,涌井,0
2026-09-12,広島,DeNA,2,7,尾形敗：栗林,栗林,0
2026-09-12,西武,日本ハム,3,3,,,0
2026-09-12,オリックス,楽天,5,3,エスピノーザ敗：早川,早川,0
2026-09-12,ソフトバンク,ロッテ,5,4,ラトリッジ敗：小島,小島,0
2026-09-13,ヤクルト,広島,3,1,高橋敗：森,森,0
2026-09-13,DeNA,巨人,5,0,竹田敗：小笠原,小笠原,0
2026-09-13,阪神,中日,0,1,森博敗：木下,木下,0
2026-09-13,西武,日本ハム,1,7,有原敗：武内,武内,0
2026-09-13,ソフトバンク,ロッテ,7,4,鈴木豪敗：ルケーシー,ルケーシー,0
2026-09-14,ヤクルト,広島,0,3,玉村敗：増居,増居,0
2026-09-14,DeNA,巨人,4,3,佐々木敗：マルティネス,マルティネス,0
2026-09-14,阪神,中日,0,6,マラー敗：伊藤将,伊藤将,0
2026-09-15,ヤクルト,広島,4,9,鈴木敗：吉村,吉村,0
2026-09-15,DeNA,巨人,13,2,東敗：戸郷,戸郷,0
2026-09-15,阪神,中日,1,4,柳敗：石井,石井,0
2026-09-15,日本ハム,ロッテ,6,7,中森敗：柳川,柳川,0
2026-09-15,楽天,西武,1,0,九谷敗：平良,平良,0
2026-09-15,オリックス,ソフトバンク,3,5,モイネロ敗：ジェリー,ジェリー,0
2026-09-16,ロッテ,楽天,0,4,荘司敗：毛利,毛利,0
2026-09-16,オリックス,ソフトバンク,0,4,ヘルナンデス敗：岩嵜,岩嵜,0
2026-09-17,ヤクルト,DeNA,1,2,石田裕敗：奥川,奥川,0
2026-09-17,阪神,広島,7,2,髙橋敗：床田,床田,0
2026-09-17,日本ハム,西武,4,2,達敗：菅井,菅井,0
2026-09-17,ロッテ,楽天,1,5,古謝敗：森,森,0
2026-09-17,オリックス,ソフトバンク,1,7,松本晴敗：曽谷,曽谷,0
2026-09-18,巨人,中日,2,0,マルティネス敗：金丸,金丸,0
2026-09-18,DeNA,ヤクルト,1,3,山野敗：伊勢,伊勢,0
2026-09-18,阪神,広島,2,1,大竹敗：森下,森下,0
2026-09-19,巨人,中日,14,1,田中将敗：中西,中西,0
2026-09-19,DeNA,ヤクルト,5,3,岩田敗：清水,清水,0
2026-09-19,阪神,広島,1,5,栗林敗：村上,村上,0
2026-09-19,日本ハム,オリックス,4,7,エスピノーザ敗：伊藤,伊藤,0
2026-09-19,楽天,ソフトバンク,5,2,早川敗：前田悠,前田悠,0
2026-09-19,ロッテ,西武,2,4,隅田敗：高野脩,高野脩,0
2026-09-20,巨人,ヤクルト,3,2,中川敗：阪口,阪口,0
2026-09-20,中日,広島,8,5,大野敗：森,森,0
2026-09-20,阪神,DeNA,8,1,才木敗：竹田,竹田,0
2026-09-20,日本ハム,オリックス,6,9,髙島敗：有原,有原,0
2026-09-20,楽天,ソフトバンク,5,3,瀧中敗：大津,大津,0
2026-09-20,ロッテ,西武,,,,,1
